source_file,source_batch,source_row,source_field_count,date_or_range,evidence_class,scope,item_or_person,source_or_repository,status,significance,next_action,source_overflow_1,source_overflow_2,source_overflow_3,source_overflow_4,source_id,date,author,title,venue_or_repository,locus,use,limitations,title_or_object,repository_or_venue
research_notes/lovejoy_orientalist_source_register_batch11_delta.csv,11,2,8,1902,primary,history_of_religion_and_strict_core,Religion and the Time-Process,American Journal of Theology 6:439-472; JSTOR stable 3153919,confirmed_primary_fulltext,Full primary text recovered. Opens as history of changing categories; makes Vedanta/Buddhism first analytic case; explains time-negation through world-cycles and Buddhist impermanence/dependent origination; explicitly cites Lovejoy's own 1898 upadana/upadisesa paper,Build 004→1898→1902 concordance; extract exact sources/terms in Indian section,,,,,,,,,,,,,,
research_notes/lovejoy_orientalist_source_register_batch11_delta.csv,11,3,8,1902,primary_method,history_of_ideas_genealogy,Anti-borrowing control in Religion and the Time-Process,"AJT 6 (1902), esp. pp446-447",confirmed_primary,Lovejoy notes affinity between Aristotle's deity and Vedanta but rejects eastern-influence inference because internal Greek dialectic accounts for the conception; similarly resists unnecessary Oriental influence on Neoplatonism,Compare with 004 Sankhya/Buddhism priority arguments and later borrowing/syncretism tests,,,,,,,,,,,,,,
research_notes/lovejoy_orientalist_source_register_batch11_delta.csv,11,4,8,1902,primary_method,history_of_ideas_genealogy,Perfectionist presupposition / logical motive,AJT 6 (1902),confirmed_primary,Tracks a recurring perfectionist presupposition across Plato Aristotle Hellenistic schools Christianity and modern idealism; decomposes Royce into two incompatible logical motives / warring categories; early operational analogue of later history-of-ideas analysis,Map vocabulary category/presupposition/logical motive/survival against later methodological writings,,,,,,,,,,,,,,
research_notes/lovejoy_orientalist_source_register_batch11_delta.csv,11,5,8,1902,primary_method,history_of_ideas_genealogy,Formulation may follow insight,"AJT 6 (1902), p468",confirmed_primary,States that coherent philosophical formulation of a new insight can be the last rather than first stage in its development; useful control for manuscript→publication chronology,Apply cautiously to 005 1898-99/1905 layers versus 1906 primitive energetics,,,,,,,,,,,,,,
research_notes/lovejoy_orientalist_source_register_batch11_delta.csv,11,6,8,1907,primary,history_of_religion,The Origins of Ethical Inwardness in Jewish Thought,American Journal of Theology 11:228-249; JSTOR stable 3153710,confirmed_primary_fulltext,Full primary text recovered. Reconstructs ethical inwardness through indirect/gradual development in Wisdom literature and explicitly distinguishes logical from chronological sequence,Build 005 Hebrew/Hist Relig (1905)→1907 concordance,,,,,,,,,,,,,,
research_notes/lovejoy_orientalist_source_register_batch11_delta.csv,11,7,8,1907,primary_network,harvard_continuity,Crawford H. Toy authority in Ethical Inwardness,"AJT 11 (1907), p230",confirmed_primary,"Lovejoy says he accepts the relative sequence Job Psalms Proverbs Ben Sira Ecclesiastes Wisdom of Solomon in deference to Professor Toy, directly linking published 1907 work to his Harvard Hebrew-religion teacher",Compare exact Toy course/material with 005 Hebrew notes and article bibliography,,,,,,,,,,,,,,
research_notes/lovejoy_orientalist_source_register_batch11_delta.csv,11,8,8,1907,primary_method,history_of_ideas_genealogy,Logical versus chronological sequence,"AJT 11 (1907), pp230-231",confirmed_primary,Lovejoy argues texts of similar date can embody different intellectual stages; earlier phases may survive beside later ones; for this inquiry logical sequence matters more than absolute date while doctrinal evidence constrains reconstruction,Compare with 004 original/derived elements and later history-of-ideas method,,,,,,,,,,,,,,
research_notes/lovejoy_orientalist_source_register_batch11_delta.csv,11,9,8,1907,primary_review_access,strict_core,Lovejoy review of Deussen Vedanta outline,JPP&SM 4.1:23-24; PhilPapers; public-domain vol.4 located via Open Library/Wikisource/Internet Archive item journalofphiloso04lancuoft,confirmed_access_route_primary_text_pending,Primary volume now located; exact review not yet extracted. Wilson summary says useful to teachers of Hindu philosophy and urges Ramanuja study over further Shankara concentration,Extract pp23-24 from IA/Hathi/Google Books and verify wording,,,,,,,,,,,,,,
research_notes/lovejoy_orientalist_source_register_batch12_delta.csv,12,2,8,1906,primary_fulltext,adjacent_comparative_religion,The Fundamental Concept of the Primitive Philosophy,The Monist 16.3:357-382; project File Library monist190616324.pdf,confirmed_primary_fulltext,Full 26-page primary article recovered and read directly; removes reliance on later summaries for the core argument,Extract complete authority/term table and ingest a stable primary copy/OCR into repo if appropriate,,,,,,,,,,,,,,
research_notes/lovejoy_orientalist_source_register_batch12_delta.csv,12,3,8,1906,primary_method,history_of_ideas_genealogy,Fundamental category behind anthropomorphism,"The Monist 16 (1906), pp357-361",confirmed_primary,Lovejoy says heterogeneous primitive practices have a recoverable logic and posits a category more fundamental than personality: impersonal quasi-mechanical causation / diffusive transferable life-energy,Compare vocabulary category/logic/system/connectedness with 1898 and 1902 works and later methodological writings,,,,,,,,,,,,,,
research_notes/lovejoy_orientalist_source_register_batch12_delta.csv,12,4,8,1906,primary_method,comparative_religion,Magic-religion boundary critique,"The Monist 16 (1906), p361",confirmed_primary,Explicitly rejects Frazer's sharp division of mechanical magic from personal religion; diffusive transferable life-energy shapes observances classified as both,Map all Frazer references and compare with 005's repeated mechanism-based critique of sacrifice/magic/communion,,,,,,,,,,,,,,
research_notes/lovejoy_orientalist_source_register_batch12_delta.csv,12,5,8,1906,primary_philological,strict_core_adjacent,North American Oceanic Bantu power vocabulary,"The Monist 16 (1906), pp362-382",confirmed_primary,"Published proof is explicitly lexical/philological: manitou oki wakonda; mana; Bantu terms often mistranslated as god/spirit, tested as power/energy/efficacy",Build term/source table and search 005 images for matching native terms and authorities,,,,,,,,,,,,,,
research_notes/lovejoy_orientalist_source_register_batch12_delta.csv,12,6,8,1898-1906,archive_publication_concordance,comparative_religion,MS38_004_001_061_005 to 1906 paper,005 corrected JSON batches + monist190616324.pdf,strong_direct_concordance_not_literal_draft,Direct matches include p64 machine/direct forces vs divine wills; pp88-90 intrinsic efficacy vs indwelling spirit; pp84-90/p119 transferable blood/body-part power; pp98-105 fecundative life-transfer; p105 quasi-mechanical vs sacramental; p117 sacramental union exceptional,Complete page/example/source concordance; date later notebook strata; locate article draft/typescript,,,,,,,,,,,,,,
research_notes/lovejoy_orientalist_source_register_batch12_delta.csv,12,7,8,1898-1906,source_ecology,comparative_religion,005 and 1906 overlapping authorities/regions,005 bibliography/notes + 1906 primary article,confirmed_partial,"Shared/adjacent evidence ecology includes Brinton, Codrington/Melanesia, Bantu/southern Africa and North-American material; exact works/examples still need page-image verification",Match every 1906 authority against 005 image-level bibliography and source notes,,,,,,,,,,,,,,
research_notes/lovejoy_orientalist_source_register_batch12_delta.csv,12,8,8,1907,primary_access,strict_core,Lovejoy Deussen Vedanta review public-domain volume,Open Library OL20431890M; IA identifier journalphilosop04orggoog; PhilPapers metadata,confirmed_access_route_primary_text_pending,Public-domain volume 4 (1907) is independently located; exact two-page Lovejoy review remains to be extracted,Retrieve pp23-24 and verify Wilson's convenience/Ramanuja wording directly,,,,,,,,,,,,,,
research_notes/lovejoy_orientalist_source_register_batch15_delta.csv,15,2,8,1885-1969,archive_primary_target,editorial_network,Open Court Publishing correspondence alphabetical sequence Box 44,"SIU Carbondale MSS 027, Series 1/Sub-Series 6 Publishing, Box 44 public ArchivEra view",confirmed_primary,"Box 44 is fully exposed from generic L through Lloyd and contains Lanman, Laufer, Leuba etc.; no dedicated Lovejoy folder appears in the visible Box 44 sequence through Lloyd. Because the sub-series is alphabetically arranged, a dedicated Lovejoy folder if present should be later than Lloyd, but the exact next container remains unconfirmed",Continue container identification beyond Box 44; do not infer Box 45 without a finding-aid record; ask SIU for all records indexed to Arthur O. Lovejoy,,,,,,,,,,,,,,
research_notes/lovejoy_orientalist_source_register_batch15_delta.csv,15,3,8,1908,primary_archive_access,history_of_religion,The Monist volume 18 public-domain scan,Wikisource volume link; Internet Archive identifier monistquart18hegeuoft; Online Books Page,confirmed_public_domain_route,"Direct IA volume object is volume 18, 694 scanned pages, NOT_IN_COPYRIGHT, with OCR/full-text and PDF derivatives; clean route to Lovejoy 1908 pp597-609 independent of Oxford paywall",Extract article pages/OCR and ingest locally/repo if permissible,,,,,,,,,,,,,,
research_notes/lovejoy_orientalist_source_register_batch15_delta.csv,15,4,8,1909,primary_archive_access,history_of_religion,The Monist volume 19 public-domain scan,Wikisource volume link; Internet Archive identifier monistquart19hegeuoft; Online Books Page,confirmed_public_domain_route,Wikisource/Online Books Page establish public archive route for vol19 containing Smith reply pp409-420,Extract reply pages/OCR and build paired debate table,,,,,,,,,,,,,,
research_notes/lovejoy_orientalist_source_register_batch15_delta.csv,15,5,8,1908-10-01,primary,history_of_religion,Lovejoy The Theory of a Pre-Christian Cult of Jesus,The Monist 18.4 pp597-609; Oxford Academic metadata; IA vol18 route,confirmed_metadata_primary_text_pending_extraction,Essay-review of W. Benjamin Smith is a high-value test of Lovejoy's evidentiary standards for syncretism/genealogy; Wilson synopsis remains secondary until article pages are extracted,Close-read primary article and compare anti-borrowing/genealogy reasoning with 004/1898 and 1902,,,,,,,,,,,,,,
research_notes/lovejoy_orientalist_source_register_batch15_delta.csv,15,6,8,1909-07-01,reception_primary,history_of_religion,William Benjamin Smith Professor Lovejoy on Der Vorchristliche Jesus,The Monist 19.3 pp409-420; Oxford Academic metadata; IA vol19 route,confirmed_metadata_primary_text_pending_extraction,Direct reply permits proposition-level reconstruction of dispute rather than relying on later summaries,Extract and pair each Smith response with Lovejoy's 1908 objection,,,,,,,,,,,,,,
research_notes/lovejoy_orientalist_source_register_batch16_delta.csv,16,2,8,1906-1907,primary_bibliographic,strict_core,Deussen Outline of the Vedanta System English translation,Google Books; CiNii; Open Library; PhilPapers,confirmed,The book Lovejoy reviewed was translated by James Haughton Woods and Catharine Bird Runkle; translator identity is stable across records although 1906 imprint/edition metadata varies between Harvard University Press and Grafton Press,Inspect exact title/copyright pages of the copy reviewed; extract Lovejoy primary review,,,,,,,,,,,,,,
research_notes/lovejoy_orientalist_source_register_batch16_delta.csv,16,3,8,1900-1935,institutional_context,strict_core,James Haughton Woods Harvard Indic-philosophy career,Harvard EALC official Woods profile; Harvard University Archives HUG 1880.2xx,confirmed,"Woods studied under Deussen, studied in India at Benares/Kashmir, returned to Harvard in 1903, became Professor of Philosophical Systems of India, translated Pali/Sanskrit scriptures, and helped institutionalize Asian studies; places Lovejoy's 1907 Deussen review inside a professional Indic-philosophy network",Search Woods papers for Lovejoy/Deussen/Ramanuja/Vedanta; avoid teacher-student claim for Lovejoy's 1895-98 Harvard years,,,,,,,,,,,,,,
research_notes/lovejoy_orientalist_source_register_batch16_delta.csv,16,4,8,1895-1898,evidence_limit,strict_core,Woods not established as Lovejoy's Harvard teacher,Harvard EALC; Harvard Crimson Woods career notice,confirmed_chronology_limit,Woods's relevant philosophy/Indic Harvard appointments postdate Lovejoy's main Harvard formation; Lanman/Everett/Toy remain confirmed direct teachers,Maintain explicit distinction between direct pedagogy and later professional network,,,,,,,,,,,,,,
research_notes/lovejoy_orientalist_source_register_batch16_delta.csv,16,5,12,1885-1931,archive_primary_target,strict_core,Letters to James Haughton Woods MS Am 2693,Houghton Library HOLLIS,confirmed_collection,One-box collection of letters/documents sent to Woods; potential high-yield test for direct Lovejoy-Woods correspondence," ""Search/request Lovejoy", Deussen, Ramanuja, Vedanta," Shankara""",,,,,,,,,,
research_notes/lovejoy_orientalist_source_register_batch16_delta.csv,16,6,8,1860s-1961,archive_primary_target,strict_core,Papers of James Haughton Woods HUG 1880.2xx,Harvard University Archives HOLLIS,confirmed_collection,"Contains correspondence, comparative-religion/language/philosophy writings, lecture notes and 1903 India diary; relevant to institutional context of the 1907 review",Search/request Lovejoy and translation/review-related correspondence,,,,,,,,,,,,,,
research_notes/lovejoy_orientalist_source_register_batch16_delta.csv,16,7,8,1932-03-18,network_later,history_of_ideas,James Haughton Woods announces Lovejoy William James Lectureship,Harvard Crimson,confirmed_primary_press,Woods as Harvard Philosophy chair announced Lovejoy as second William James Lecturer; report identifies planned Great Chain of Being/history-of-ideas lectures. Demonstrates later professional relation but not causal influence from Woods's Indology,Search departmental correspondence/appointment records; keep later network continuity separate from early influence claims,,,,,,,,,,,,,,
research_notes/lovejoy_orientalist_source_register_batch17_delta.csv,17,2,8,1898-1899,institutional_primary,comparative_religion,Marillier EPHE seminar participant categories,"EPHE Section des sciences religieuses annual report, Persée",confirmed,"20 registered; regular titular students Söderblom, Travers, Schaefer; active auditors Lovejoy, W. S. Andrews, Lorette. Lovejoy is institutionally described as having taken an active part in the work, stronger than mere attendance",Resolve unidentified peers through EPHE registration/attendance records; do not infer individual assignments without direct evidence,,,,,,,,,,,,,,
research_notes/lovejoy_orientalist_source_register_batch17_delta.csv,17,3,8,1898,primary_bibliographic,comparative_religion,Nathan Söderblom EPHE diploma on survivance,EPHE diploma tables; Persée Marillier authority,confirmed,Traces dans le Mazdéisme d'une ancienne conception sur la survivance des morts is explicitly catalogued under Marillier's direction; same-year supervised research output on the seminar's survivance problem,Collate diploma/published Les Fravashis with Marillier Survivance and Lovejoy 005 pp1-30,,,,,,,,,,,,,,
research_notes/lovejoy_orientalist_source_register_batch17_delta.csv,17,4,8,1898-1899,primary_bibliographic,comparative_religion,Nathan Söderblom Les Fravashis,"Revue de l'histoire des religions 39 (1899), 229-260, 373-418",confirmed,Published expansion of the Marillier-supervised survivance research provides a parallel student product for comparison with Lovejoy 005,"Extract full argument/source sequence and compare shared bibliography, order, and divergent classifications",,,,,,,,,,,,,,
research_notes/lovejoy_orientalist_source_register_batch17_delta.csv,17,5,8,1897-1899,institutional_primary,strict_core,Nathan Söderblom Avestan training under Antoine Meillet,"EPHE Section des sciences historiques et philologiques annual reports, Persée",confirmed,Söderblom simultaneously explained Vendidad/Yashts and later Yasna/gathas under Meillet while pursuing Marillier-supervised comparative religion; demonstrates a documented philology-plus-comparison workflow in the same EPHE environment,Use as methodological control; distinguish Söderblom's Iranian philology from Lovejoy's own language competence,,,,,,,,,,,,,,
research_notes/lovejoy_orientalist_source_register_batch17_delta.csv,17,6,8,1897-1901,archive_primary_target,comparative_religion,Nathan Söderblom papers,Uppsala University Library Alvin; shelfmark N. Söderblom,confirmed_collection,"Large non-digital archive includes manuscripts, notes, correspondence and working materials; strongest external manuscript target for another Marillier seminar witness","Request/search Paris, EPHE, Marillier, Fravashis, survivance, vie future, eschatologie, diploma drafts and 1897-1901 notebooks",,,,,,,,,,,,,,
research_notes/lovejoy_orientalist_source_register_batch17_delta.csv,17,7,8,1899-1900,institutional_primary,comparative_religion,Marillier continuing seminar programme,"EPHE Section des sciences religieuses annual report, Persée",confirmed,"Programme continued agrarian/fecundative sacrifice, magical power of blood, Frazer critique, origin of death, amoral eschatology and Christian interpolation; confirms multi-year programme continuity closely matching 005 topic clusters","Use only as programme continuity, not evidence of Lovejoy attendance or page dating",,,,,,,,,,,,,,
research_notes/lovejoy_orientalist_source_register_batch17_delta.csv,17,8,8,1905,institutional_primary,washington_university,Lovejoy managing editor of Bulletin of Washington University Association,"Washington University Hatchet 1905, p.228; WashU Digital Commons",confirmed,"Lovejoy was Managing Editor of the Association Bulletin with Heller, Winston and Vickroy, placing him directly inside a lecture/publication channel during the year of the 005 Hist. Relig. reuse","Search Association programmes, ephemera and Bulletin-related archives for Dec. 20 1905 history-of-religion context",,,,,,,,,,,,,,
research_notes/lovejoy_orientalist_source_register_batch17_delta.csv,17,9,8,1901,primary_bibliographic,strict_core,Lovejoy Syllabus The Philosophy of Buddhism,Daniel J. Wilson annotated bibliography; Washington University Association,confirmed_secondary_locator,"Four-lecture syllabus predates the Association Bulletin (begun 1903), so retrieval should target standalone pamphlet/lecture ephemera rather than bound Bulletin volumes","Search WashU Special Collections, Association records and Lovejoy papers for original syllabus",,,,,,,,,,,,,,
research_notes/lovejoy_orientalist_source_register_batch17_delta.csv,17,10,8,1905,evidence_limit,washington_university,Hist. Relig. Dec. 20 1905 institutional identification,005 p44; 1905 WashU catalogue and Association context,unresolved,Association and catalogue evidence make a course/lecture connection searchable but no source yet ties the notebook heading to a specific event or formal course,"Search 1905 catalogue page-by-page, Association programmes, local press and Lovejoy correspondence; retain unresolved status",,,,,,,,,,,,,,
research_notes/lovejoy_orientalist_source_register_batch18_delta.csv,18,2,8,1901,primary_text,comparative_religion,Söderblom preface acknowledges Marillier notes,"Nathan Söderblom, La vie future d'après le mazdéisme (1901), IA laviefuturedapr00sdgoog",confirmed,Söderblom states that Marillier generously offered him his own notes on part of the comparative field; direct evidence that Marillier circulated working notes to a student,Use as workshop-mechanism evidence; do not infer identical access for Lovejoy without direct proof,,,,,,,,,,,,,,
research_notes/lovejoy_orientalist_source_register_batch18_delta.csv,18,3,8,1901,primary_text,archive_method,Marillier cosmogony/flood note dossier used by Söderblom,"Söderblom 1901, printed p.191 and following pages; IA laviefuturedapr00sdgoog",confirmed,Söderblom says Marillier let him consult abundant notes on cosmogony/flood narratives and specifies that direct extracts are marked M.; following bibliography contains numerous M-marked citations,Compare M-marked bibliography against RAI MS99 /8 and /11 to test identity/genealogy of surviving dossier,,,,,,,,,,,,,,
research_notes/lovejoy_orientalist_source_register_batch18_delta.csv,18,4,8,1901,primary_text,comparative_religion,Söderblom on continuation/survivance terminology,"Söderblom 1901, printed pp.17-18",confirmed,Explicitly credits Marillier with rendering Tylor's continuation theory as survivance and uses continuation/survivance to isolate non-moral non-retributive afterlife beliefs,Build structured comparison with 005 pp1-30 and Marillier Survivance,,,,,,,,,,,,,,
research_notes/lovejoy_orientalist_source_register_batch18_delta.csv,18,5,8,1901,primary_text,comparative_religion,Söderblom methodological relation to Marillier,"Söderblom 1901, printed p.33 and pp.40-48",confirmed,Söderblom says he follows Marillier's remarkable study but with different divisions and a somewhat different point of view; explicitly states he profited from Marillier's 1898-99 EPHE conferences,Use as same-seminar model of inheritance plus reclassification rather than copying,,,,,,,,,,,,,,
research_notes/lovejoy_orientalist_source_register_batch18_delta.csv,18,6,8,1901,primary_text,magic_mana,Söderblom attributes generalized mana language to Marillier,"Söderblom 1901, printed p.37",confirmed,Primary text reads that vigor/intellectual and bodily force/extraordinary capacity can be summarized with Marillier's Melanesian expression 'le mana de l'homme',Upgrade mana genealogy from secondary to primary; retain evidence limit that 005 has no secure mana lexeme,,,,,,,,,,,,,,
research_notes/lovejoy_orientalist_source_register_batch18_delta.csv,18,7,8,1901,primary_text,archive_provenance,Söderblom M-marked bibliographic extracts,"Söderblom 1901, printed pp.191ff.",confirmed,"Dense references explicitly marked M. provide a bibliographic residue of Marillier's source-extract files across Asia, Americas and Oceania",Create source-order/page-reference concordance against MS99 flood dossier once images are available,,,,,,,,,,,,,,
research_notes/lovejoy_orientalist_source_register_batch19_delta.csv,19,2,8,1898-1901,cross_student_primary,comparative_religion,Murray Pawnee future-life source,Söderblom 1901 p19; Lovejoy 005 p19/MS37,confirmed_parallel,Both same-seminar students use C. A. Murray Travels in North America in Pawnee afterlife context; Lovejoy additionally turns the citation into missionary/contact source criticism,Check exact Murray edition/page in 005 and Marillier Survivance/source dossier,,,,,,,,,,,,,,
research_notes/lovejoy_orientalist_source_register_batch19_delta.csv,19,3,8,1898-1901,cross_student_primary,comparative_religion,Greenland/Eskimo two-abode problem,Söderblom 1901 pp29-30; Lovejoy 005 p11 dated Dec 14,confirmed_parallel,"Both treat drowned persons/women dying in childbirth and differentiated post-mortem abodes as non-retributive; Söderblom groups by morphology of abodes, Lovejoy tests moral vs ritual/magical causation",Collate Egede/Rink/Boas references and order against Marillier Survivance and MS99 /1-2,,,,,,,,,,,,,,
research_notes/lovejoy_orientalist_source_register_batch19_delta.csv,19,4,8,1898-1901,cross_student_primary,comparative_religion,Madagascar Hova Abinal-Vaissiere second-death cluster,Söderblom 1901 pp26-27; Lovejoy 005 pp29-30 inserted Marillier-Survivance slip,confirmed_strong_parallel,"Same Marillier label/problem field, same Vingt ans a Madagascar source, Hova material and second-death/limited-survival problem; strongest cross-student source cluster yet",Build exact source/page-order concordance with Marillier Survivance and MS99 /1-2,,,,,,,,,,,,,,
research_notes/lovejoy_orientalist_source_register_batch19_delta.csv,19,5,8,1898-1901,cross_student_primary,comparative_religion,Cheyenne/status selection in future life,Söderblom 1901 pp25-26; Lovejoy 005 pp21-23,confirmed_parallel,Shared case field distinguishes prowess/status/bodily or ritual qualification from ethical merit; Lovejoy emphasizes determinant/causal classification,Recover exact common ethnographic source and compare page citations,,,,,,,,,,,,,,
research_notes/lovejoy_orientalist_source_register_batch19_delta.csv,19,6,8,1898-1901,method_comparison,comparative_religion,Söderblom versus Lovejoy classificatory architecture,Söderblom 1901 pp17-48; Lovejoy 005 pp3-30,strong_inference,"Söderblom organizes by forms/abodes and reasons for separation then transition to retribution; Lovejoy organizes increasingly by naturalistic, ritual, social and strictly moral determinants. Supports shared dossier with divergent abstraction",Formalize claim/source/mechanism table; avoid treating taxonomy difference as fully mature unit-idea method,,,,,,,,,,,,,,
research_notes/lovejoy_orientalist_source_register_batch20_delta.csv,20,2,8,1894,primary_bibliographic,comparative_religion,S. R. Steinmetz Ethnologische Studien zur ersten Entwickelung der Strafe,Deutsche Digitale Bibliothek/Bayerische Staatsbibliothek; Mauss bibliography,confirmed,Book targeted by Mauss and by Marillier's later seminar refutation; establishes named controversy behind survivance problem,Extract Steinmetz sections on continuation/retribution and compare exact ethnographic cases,,,,,,,,,,,,,,
research_notes/lovejoy_orientalist_source_register_batch20_delta.csv,20,3,8,1896,primary_text,comparative_religion,Mauss critique of Steinmetz using Marillier,Revue de l'histoire des religions 34-35; UQAM electronic edition,confirmed,Mauss explicitly opposes Marillier's observations to Steinmetz and states that critique of texts yields different results from registering their raw/general content,Build Steinmetz claim -> Mauss/Marillier rebuttal -> 005 case table,,,,,,,,,,,,,,
research_notes/lovejoy_orientalist_source_register_batch20_delta.csv,20,4,8,1896,primary_text,source_criticism,Christian/Hindu/Buddhist contamination in comparative evidence,"Mauss, La religion et les origines du droit penal",confirmed,"Mauss rejects multiple Steinmetz counterexamples as historically contaminated by Christian, Buddhist or Hindu influence; naraka is used as borrowing evidence",Compare directly with 005 missionary/Hindu influence notes and source chronology,,,,,,,,,,,,,,
research_notes/lovejoy_orientalist_source_register_batch20_delta.csv,20,5,8,1896,primary_text,comparative_religion,Ritual performance and manner of death compatible with continuation,"Mauss, La religion et les origines du droit penal",confirmed,"Mauss argues differentiated afterlives can arise from continuing inequalities, accomplishment of rites or genre de mort without moral retribution","Compare with 005 Dec 14 Greenland case, suicide/drowning/childbirth and pp14-15 taxonomy",,,,,,,,,,,,,,
research_notes/lovejoy_orientalist_source_register_batch20_delta.csv,20,6,8,1898-1899,institutional_primary,comparative_religion,Marillier EPHE seminar explicitly refutes Steinmetz,"EPHE religious sciences annual report p33, Persée",confirmed,Names Steinmetz refutation as essential Monday-conference task and says new supporting facts came especially from the two Americas; Lovejoy listed among active auditors,Reconstruct added American evidence; test Conard/Moon and 005 source clusters,,,,,,,,,,,,,,
research_notes/lovejoy_orientalist_source_register_batch20_delta.csv,20,7,8,1898-1899,interpretive_inference,method_history,005 pp1-30 as controversy notebook,005 transcription + EPHE report + Mauss 1896,strong_inference,"Notebook's missionary/contact criticism, ritual/status/manner-of-death distinctions and moral taxonomy match the live anti-Steinmetz evidentiary programme; suggests active argumentative training rather than passive lecture summary",Preserve as inference until direct Marillier/Steinmetz phrasing or MS99 source-order evidence is found,,,,,,,,,,,,,,
research_notes/lovejoy_orientalist_source_register_batch21_delta.csv,21,2,8,1897-1898,institutional_biographical,comparative_religion,Elizabeth Laetitia Moon Paris study,Woman's Who's Who of America 1914-15; Grinnell College institutional history,confirmed,Moon studied at Ecole des Hautes Etudes/Sorbonne in Paris immediately before Lovejoy and began comparative-religion dissertation work on Algonquian God/future-life ideas,Search EPHE registration/attendance records; do not yet call her Marillier's student,,,,,,,,,,,,,,
research_notes/lovejoy_orientalist_source_register_batch21_delta.csv,21,3,8,1899,primary_bibliographic,comparative_religion,Moon dissertation Ideas of the future life held by Algonkin Indians,BnF; Persée Marillier authority,confirmed,University of Chicago dissertation explicitly bibliographically marked Traduit par L. Marillier; direct Marillier editorial/translation relation,Locate dissertation text/acknowledgements and Chicago doctoral file for Paris/Marillier correspondence,,,,,,,,,,,,,,
research_notes/lovejoy_orientalist_source_register_batch21_delta.csv,21,4,8,1900,primary_publication,comparative_religion,Algonquian future-life study in RHR 42,JSTOR Revue de l'histoire des religions vol.42,confirmed,Two installments pp9-49 and 220-274 indexed under E. Laetitia Moon Conard and L. Marillier; places American evidence inside Marillier/RHR editorial ecology,Extract XML/PDF/plain text and source-order concordance with 005 pp16-30,,,,,,,,,,,,,,
research_notes/lovejoy_orientalist_source_register_batch21_delta.csv,21,5,8,1901,primary_publication,comparative_religion,Les Idees des Indiens algonquins relatives a la vie d'outre-tombe,Google Books; BnF,confirmed,"99-page Leroux book translated by Marillier; source field includes missionary relations, Cheyenne, Schoolcraft, bodily soul, continued hunting/ordinary life and Christian/contact elements","Build exact book/page/source concordance with Marillier Survivance, MS99 /1-2, and 005",,,,,,,,,,,,,,
research_notes/lovejoy_orientalist_source_register_batch21_delta.csv,21,6,8,1901,primary_text,comparative_religion,Charlevoix prowess/status as title to paradise,"Conard 1901, Google Books p69",confirmed,"Good hunter, war bravery, worldly success and killing enemies appear as titles to paradise; direct comparative control for Lovejoy's distinction between status/prowess and moral reward",Identify whether 005 or Marillier cites same Charlevoix passage and compare classification,,,,,,,,,,,,,,
research_notes/lovejoy_orientalist_source_register_batch21_delta.csv,21,7,8,1898-1900,contextual_inference,source_circulation,Moon-Conard as American evidence node around Marillier,EPHE 1898-99 report + Moon/Conard publication chronology,plausible_unproved,Marillier says new supporting facts came especially from the two Americas while Moon's Algonquian project was developing and then translated by him; possible source-flow node but no proof she supplied seminar evidence,"Search enrollment, correspondence, acknowledgements and exact source-order overlaps before stronger claim",,,,,,,,,,,,,,
research_notes/lovejoy_orientalist_source_register_batch22_delta.csv,22,2,8,1896,primary_context,strict_core,Richard Garbe Sāṃkhya und Yoga,Heidelberg digitization; Strassburg 1896,confirmed,Garbe places Sāṁkhya before Buddhism and treats it as a major source for theoretical Buddhism while citing Jacobi's new Sāṁkhya-Yoga origin thesis; establishes live priority controversy matching 004's broad problem-field,Extract exact pages and compare Garbe's priority/source claims with 004 wording; do not infer direct Lovejoy use without citation,,,,,,,,,,,,,,
research_notes/lovejoy_orientalist_source_register_batch22_delta.csv,22,3,8,1896,primary_context,strict_core,Hermann Jacobi Der Ursprung des Buddhismus aus dem Sāṁkhya-Yoga,Göttingen Nachrichten 1896 pp43-58; Internet Archive nachrichtenvond09klasgoog; Hathi 000517694,confirmed_bibliographic_primary_access,Contemporary specialist intervention arguing a Sāṁkhya-Yoga genealogy for Buddhism; sharpens the historical controversy around 004's chronology and borrowing questions,Read primary article and test direct phrase/problem overlap with 004 and Garbe; determine whether Lovejoy cites or indirectly engages it,,,,,,,,,,,,,,
research_notes/lovejoy_orientalist_source_register_batch22_delta.csv,22,4,8,1896,primary_context,strict_core,Émile Senart À propos de la théorie bouddhique des douze nidânas,Mélanges Charles de Harlez; Leiden Brill 1896,confirmed_bibliographic,Immediate 1898 polemical target and contemporary attempt to reconstruct the composition/meaning of the twelve nidānas; situates 004's duplication sequence and heterogeneity problems inside live debate,Recover primary scan; verify exact pagination; build point-by-point Senart→004→1898 disagreement table,,,,,,,,,,,,,,
research_notes/lovejoy_orientalist_source_register_batch22_delta.csv,22,5,8,1897,primary_context,strict_core,Louis de La Vallée Poussin The Buddhist Wheel of Life from a New Source,JRAS 29.3 1897 pp463-470; DOI 10.1017/S0035869X00024680,confirmed_primary,Contemporary article calls dependent origination a difficult primary formula and cites Warren Jacobi and Senart together; independently maps the same current specialist problem/source ecology visible in 004,Extract bibliography and opening discussion into 004 context concordance; compare which authorities Lovejoy adopts contests or omits,,,,,,,,,,,,,,
research_notes/lovejoy_orientalist_source_register_batch22_delta.csv,22,6,8,1896-1898,contextual_inference,strict_core,MS38_004 as intervention in live Sāṁkhya-Buddhism/nidāna controversy,Garbe 1896; Jacobi 1896; Senart 1896; La Vallée Poussin 1897; 004 transcription/cross-read,strong_contextual_inference,Broad chronology borrowing compositional and logical questions in 004 align with an active 1896-97 controversy rather than merely private background reading,Tie specific 004 sections to exact contemporary claims while keeping problem-field participation distinct from proven direct reading,,,,,,,,,,,,,,
research_notes/lovejoy_orientalist_source_register_batch22_delta.csv,22,7,8,1898-1902,primary_method_bridge,history_of_ideas,004 → 1898 JAOS → Religion and the Time-Process,Lovejoy 1898 JAOS; Lovejoy AJT 1902 JSTOR 3153919; repo cross-reads,confirmed_authorial_bridge,1902 explicitly refers back to the 1898 Buddhist paper while re-expanding technical analysis into a comparative history of categories; supports contraction/re-expansion model,Build formal five-operation concordance: anicca/flux; tilakkhaṇa; dependent origination; borrowing/composition; chronology vs logical function,,,,,,,,,,,,,,
research_notes/lovejoy_orientalist_source_register_batch22_delta.csv,22,8,8,1901,primary_bibliographic,strict_core,Syllabus The Philosophy of Buddhism intermediate teaching node,Wilson annotated bibliography; Washington University Association,bibliographically_confirmed_primary_missing,Four-lecture structure places Buddhism among Indian philosophies and centers two essential formulas between 1898 specialist publication and 1902 category history,Recover syllabus/Bulletin copy; test hypothesis that two formulas are dependent origination and Three Characteristics,,,,,,,,,,,,,,
research_notes/lovejoy_orientalist_source_register_batch22_delta.csv,22,9,8,1898-present,reception,strict_core,Later disciplinary afterlife of Lovejoy upādi/upādisesa interpretation,modern Buddhist studies citations,confirmed_later_reception_only,Modern scholarship still cites Lovejoy in debates over whether upādi/upādisesa denotes attachment/residue or physical aggregates; proves disciplinary afterlife but not immediate reception,Search 1898-1910 JAOS/AOS proceedings reviews and specialist citations separately; do not back-project modern reception,,,,,,,,,,,,,,
research_notes/lovejoy_orientalist_source_register_batch23_delta.csv,23,2,8,1898,historiography_control,strict_core,Lovejoy entry in Persons of Indian Studies,"Klaus Karttunen, Persons of Indian Studies",confirmed_secondary,Karttunen includes Lovejoy in Indian Studies but states he apparently never returned to Buddhist studies and lists only the 1898 JAOS paper; useful foil for testing a one-off interpretation,Retain narrow career-Buddhology limit while testing teaching/comparative/review continuity through 1907,,,,,,,,,,,,,,
research_notes/lovejoy_orientalist_source_register_batch23_delta.csv,23,3,8,1898,primary_text,strict_core,The Buddhistic Technical Terms upadana and upadisesa,JAOS 19; NTU Buddhist Digital Library full text,confirmed,"Specialist Pali/Buddhist philology: Pitaka passages, technical terminology, dependent origination, Buddhist psychology/Nirvana, differentiation from Vedanta and current European scholarship",Treat as strict-core anchor and map authorities/languages against training records,,,,,,,,,,,,,,
research_notes/lovejoy_orientalist_source_register_batch23_delta.csv,23,4,8,1901,primary_bibliographic_locator,strict_core,Syllabus The Philosophy of Buddhism,Daniel J. Wilson annotated bibliography; Washington University Association,primary_artifact_pending,Four lectures place Buddhism among philosophies of India and treat two essential formulas plus Buddhist ethics/goal; shows Buddhist material became teaching three years after JAOS,Recover standalone syllabus/lecture handout from WashU/JHU Lovejoy papers and ephemera,,,,,,,,,,,,,,
research_notes/lovejoy_orientalist_source_register_batch23_delta.csv,23,5,8,1902,primary_text,strict_core,Religion and the Time-Process,"American Journal of Theology 6, 439-472; JSTOR 3153919; project primary capture",confirmed,"Vedanta and Buddhism form first major comparative case; Lovejoy explicitly reuses/cites his 1898 Buddhist technical paper, proving authorial continuity beyond one-off publication",Extract exact self-citation and India/Buddhism passages into strict-core concordance,,,,,,,,,,,,,,
research_notes/lovejoy_orientalist_source_register_batch23_delta.csv,23,6,8,1907,primary_bibliographic,strict_core,Lovejoy review of Deussen Outline of Vedanta,"Journal of Philosophy 4.1, 23-24; PhilPapers",confirmed_bibliography_primary_text_pending,Confirms Lovejoy reviewing current specialist Vedanta literature nine years after 1898; Wilson says he urges Ramanuja study rather than further Shankara concentration,Extract primary pp23-24 from HathiTrust/IA; verify exact Ramanuja wording,,,,,,,,,,,,,,
research_notes/lovejoy_orientalist_source_register_batch23_delta.csv,23,7,8,1898-1907,interpretive_model,strict_core,Continuity by multiple forms of Orientalist practice,1898 JAOS; 1901 syllabus; 1902 AJT; 1907 review,strong_evidence,"Best current model is episodic but sustained Orientalist engagement across philology, teaching, category-history and specialist reviewing, rather than lifelong Buddhology or abrupt 1898 abandonment",Search correspondence/lecture notes for Pali Sanskrit Buddhism India Vedanta Sankhya Deussen Ramanuja,,,,,,,,,,,,,,
research_notes/lovejoy_orientalist_source_register_batch23_delta.csv,23,8,8,1894,primary_source_identification,strict_core,Richard Garbe Die Sâmkhya-Philosophie p150ff as 004 method source,Internet Archive full text; MS38_004 p001-018 clean transcription PDF pp4-5,confirmed_exact_source,Notebook heading Garbe p150 matches chapter 'Die Methode'; Garbe's pramana passage and three sources of knowledge are reproduced in 004. Establishes direct Garbe use for Sankhya method,Build sentence-level Garbe p150-151 → 004 pp4-5 concordance and distinguish translation/paraphrase from Lovejoy additions,,,,,,,,,,,,,,
research_notes/lovejoy_orientalist_source_register_batch23_delta.csv,23,9,8,1896,primary_source_identification,strict_core,T W Rhys Davids Buddhism Its History and Literature pp24-26 as 004 priority source,Rhys Davids 1896 full text; MS38_004 p001-018 clean transcription PDF pp12-13,confirmed_exact_source,"Notebook's 'most doubtful' and 'great gap to be bridged over' language is Rhys Davids's critique of Garbe, not secure Lovejoy opinion. Resolves previously uncertain 'Buddhism p24' source stub",Correct all attribution; map Rhys Davids pp24-30 → 004 pp12-18 including Sankhya priority and sixty-two heresies,,,,,,,,,,,,,,
research_notes/lovejoy_orientalist_source_register_batch23_delta.csv,23,10,8,1894-1896,source_uptake,strict_core,004 Garbe direct source plus Rhys Davids mediated genealogy controversy,Garbe 1894; Rhys Davids 1896; corrected 004 transcription,confirmed_document_chain,Lovejoy directly reads Garbe for Sankhya method and copies/abstracts Rhys Davids's critical digest of Garbe on priority. Selection is secure; endorsement of Rhys Davids's skepticism is not,Search for independent Lovejoy marginal judgments before treating priority position as authorial,,,,,,,,,,,,,,
research_notes/lovejoy_orientalist_source_register_batch23_delta.csv,23,11,8,1896,primary_context,strict_core,Hermann Jacobi Der Ursprung des Buddhismus aus dem Sāṁkhya-Yoga,Göttingen Nachrichten 1896 pp43-58,confirmed_primary_access,Central intervention in live Sankhya/Buddhism origin controversy; direct Lovejoy use not yet demonstrated,Retrieve full primary text; search 004/1898 for abbreviated or unnamed fingerprints before claiming direct use,,,,,,,,,,,,,,
research_notes/lovejoy_orientalist_source_register_batch23_delta.csv,23,12,8,1896,primary_context,strict_core,Émile Senart douze Nidānas exact pagination,Mélanges Charles de Harlez; La Vallée Poussin JRAS 1897 contemporary citation,confirmed_primary_bibliographic,Senart article pp281-297; immediate 1898 polemical target and live composition/meaning controversy around dependent origination,Build point-by-point Senart→004→1898 table separating source thesis notebook reconstruction and published response,,,,,,,,,,,,,,
research_notes/lovejoy_orientalist_source_register_batch23_delta.csv,23,13,8,1897,primary_context,strict_core,Hermann Oldenberg Buddha 3rd ed appendix on Buddhism and Sankhya,Buddha 3rd ed 1897 pp443-455; later historiography,confirmed_bibliographic_context,"Oldenberg replied to Jacobi's 1896 genealogy claim; Oldenberg is independently a major 004 authority, making this an important possible direct controversy source",Retrieve pp443-455 and search 004 for phrase/reference fingerprints; do not assume Lovejoy read appendix,,,,,,,,,,,,,,
research_notes/lovejoy_orientalist_source_register_batch23_delta.csv,23,14,8,1897,primary_context,strict_core,La Vallée Poussin Wheel of Life bibliography,JRAS 29.3 pp463-470; Cambridge Core,confirmed_primary,Contemporary specialist bibliography groups Warren Oldenberg Jacobi and Senart around dependent origination; independently demonstrates same current problem ecology as 004,Record pp463 notes in formal controversy chronology,,,,,,,,,,,,,,
research_notes/lovejoy_orientalist_source_register_batch23_delta.csv,23,15,8,1898,primary_context,strict_core,Hermann Jacobi Verhältnis der buddhistischen Philosophie zu Sāṁkhya-Yoga und Bedeutung der Nidānas,ZDMG 52 pp1-15; Heidelberg/DNB,confirmed_primary_access,Same-year article joins exactly 004's two broad problem clusters—Sankhya/Buddhism relation and meaning of nidanas; field-level parallel unless direct citation emerges,Read full article; isolate theses and compare with 004 while keeping direct-source status unproved,,,,,,,,,,,,,,
research_notes/lovejoy_orientalist_source_register_batch23_delta.csv,23,16,8,1898,primary_context,strict_core,Hermann Oldenberg Buddhistische Studien,ZDMG 52 pp617-694; Wikisource/ULB Halle,confirmed_primary_access,"Same ZDMG volume as Jacobi; later section revisits Buddhism/Sankhya, showing controversy remained active in year of Lovejoy JAOS publication",Retrieve relevant later pages and compare positions with Jacobi/Lovejoy,,,,,,,,,,,,,,
research_notes/lovejoy_orientalist_source_register_batch23_delta.csv,23,17,8,1896-04-29,primary_institutional,strict_core,Lanman first of three Buddhism lectures at Fogg,Harvard Crimson 1896-04-29,confirmed_event_unconfirmed_attendance,"Lanman outline explicitly combines origin of Buddhism, relation to Sankhya/Vedanta, Sanskrit/Pali, Tipitaka and source criticism; exceptionally close to opening architecture of 004 during Lovejoy's Harvard training",Find lectures II-III outlines and attendance evidence; do not claim Lovejoy attended public lecture,,,,,,,,,,,,,,
research_notes/lovejoy_orientalist_source_register_batch23_delta.csv,23,18,8,1897-04-07,primary_institutional,strict_core,Lanman Cambridge Conference Practical Teachings of Buddha,Harvard Crimson 1897-01-11 announcement,confirmed_scheduled_unconfirmed_attendance,Scheduled lecture on method and contents of Buddha's practical teachings during Lovejoy's second Harvard year; complements Lanman's historical-philological 1896 lecture series,Search post-event reports/programs and Lovejoy correspondence; specific attendance remains unproved,,,,,,,,,,,,,,
research_notes/lovejoy_orientalist_source_register_batch23_delta.csv,23,19,8,1905,primary_institutional,strict_core,Lovejoy managing editor Bulletin Washington University Association,The Hatchet 1905 p228; WashU Digital Commons,confirmed_primary,Establishes concrete Association publication ecology relevant to locating 1901 syllabus and later course materials,Search WashU Association records/Bulletin holdings for 1901 syllabus or announcements,,,,,,,,,,,,,,
research_notes/lovejoy_orientalist_source_register_batch23_delta.csv,23,20,8,1898-1901,reception_negative,strict_core,Immediate reception of Lovejoy 1898 Buddhist article,targeted web searches,not_yet_found,No secure contemporary review/citation recovered in first pass; later disciplinary citations exist but cannot substitute for immediate reception,Search JAOS/AOS proceedings JRAS PTS ZDMG and period bibliographies 1898-1910,,,,,,,,,,,,,,
research_notes/lovejoy_orientalist_source_register_batch24_delta.csv,24,2,8,1872-1963,archive_primary_target,mature_network,Arthur Oncken Lovejoy papers MS-0038,Johns Hopkins Special Collections,confirmed_collection,39.4 cubic feet; lecture notes/notebooks/writings and correspondence boxes 72-84; finding aid related names include Albright Haupt and Lattimore; Daniel J Wilson prepared detailed item and correspondence indexes,Search correspondence and lecture-note index for Orientalist names/terms; preserve distinction between related-name metadata and substantive exchange,,,,,,,,,,,,,,
research_notes/lovejoy_orientalist_source_register_batch24_delta.csv,24,3,8,1872-1962,archive_primary_target,strict_core,Daniel J Wilson transcriptions of Arthur O Lovejoy letters MS-0873,"Johns Hopkins Special Collections, Box 1",confirmed_collection,Mostly typewritten transcriptions spanning Lovejoy's lifetime; potentially efficient route to the 1898 Paris letters used by Wilson for Levi/Pali claims,Request/search 17 Oct 1 Dec 5 Dec 1898 and Lanman Everett Toy Levi Marillier Sanskrit Pali Buddhism Vedanta,,,,,,,,,,,,,,
research_notes/lovejoy_orientalist_source_register_batch24_delta.csv,24,4,8,undated_in_public_metadata,archive_primary_target,mature_network,Owen Lattimore correspondence,MS-0038 Box 77 Folder 11 item 10,confirmed_exact_location,Discrete correspondence item with major Inner Asia scholar is publicly indexed; content/date/direction not exposed,Obtain item before linking to 1933 China or any intellectual influence claim,,,,,,,,,,,,,,
research_notes/lovejoy_orientalist_source_register_batch24_delta.csv,24,5,8,1910s-1926,institutional_archive_context,mature_network,Paul Haupt and Lovejoy papers,JHU Haupt authority/papers; MS-0038 related-name metadata,confirmed_context_relation_content_unresolved,"Haupt was Professor of Semitic Languages and his papers include Notes from the Oriental Seminary; he is a related person in Lovejoy papers, giving a concrete Semitic/Oriental archive lead",Locate exact Haupt item(s) in Wilson correspondence index; test Jewish-thought/history-of-religion overlap without inferring proximity as influence,,,,,,,,,,,,,,
research_notes/lovejoy_orientalist_source_register_batch24_delta.csv,24,6,8,1923-1930s,institutional_primary,mature_network,William Foxwell Albright in History of Ideas Club,JHU RG-15-120 History of Ideas Club records,confirmed_participation,"Club founded by Lovejoy/Boas/Lancaster; official finding aid names Albright among notable speakers, placing ancient Near Eastern specialist inside Lovejoy's history-of-ideas discussion ecology",Extract Albright paper date/title/abstract from minutes and speaker lists before substantive interpretation,,,,,,,,,,,,,,
research_notes/lovejoy_orientalist_source_register_batch24_delta.csv,24,7,8,1929-1935,institutional_bibliographic,mature_network,Paul-Emile Dumont at Johns Hopkins and Primitivism project,Persons of Indian Studies; CiNii/Persée/Cambridge bibliographic records,confirmed_context_and_collaboration,Dumont was Visiting Professor at Hopkins in 1929 and Professor of Sanskrit/Indology from 1931; 1935 Primitivism explicitly includes supplementary essays by Dumont and Albright,Inspect preface/essay titles and correspondence to reconstruct division of Indian and ancient-West-Asian expertise,,,,,,,,,,,,,,
research_notes/lovejoy_orientalist_source_register_batch24_delta.csv,24,8,8,1935,primary_bibliographic,mature_network,Primitivism and Related Ideas in Antiquity specialist division,Lovejoy/Boas; supplementary essays by W F Albright and P-E Dumont,confirmed,Mature history-of-ideas project visibly delegates area/language expertise to Ancient Western Asia and Indian specialists; supports distributed-expertise model rather than continuous personal philology,Read preface and supplementary essays; search MS-0038 for planning correspondence with Albright/Dumont,,,,,,,,,,,,,,
research_notes/lovejoy_orientalist_source_register_batch24_delta.csv,24,9,8,1895-1935,interpretive_model,orientalist_periodization,Personal practice to distributed expertise,strict-core early evidence + Hopkins archive/network evidence,strong_working_model,"Orientalist knowledge changes mode across career: early personal textual/philological practice, later comparative deployment and collaboration with area specialists",Test against letters/course notes and avoid treating institutional proximity as continuous Orientalist identity,,,,,,,,,,,,,,
research_notes/lovejoy_orientalist_source_register_batch25_delta.csv,25,2,8,1896,source_uptake,strict_core,Rhys Davids sixty-two heresies and recombinable doctrines as 004 source,T W Rhys Davids Buddhism Its History and Literature 1896; MS38_004 pp14-16 clean transcription,confirmed_source_match,Rhys Davids already treats the 62 opinions as propositions not necessarily separate schools; decomposition/recombination therefore belongs partly to Lovejoy's source environment and should not be credited to him as invention,Build sentence-level Rhys Davids pp24-43 → 004 pp12-18 source table,,,,,,,,,,,,,,
research_notes/lovejoy_orientalist_source_register_batch25_delta.csv,25,3,8,c1896-1898,archive_authorial_hinge,strict_core,To R.D.'s remark it should be added,MS38_004 p001-018 clean transcription PDF p17,confirmed_authorial_supplement,Lovejoy explicitly supplements Rhys Davids by defining Sankhya's diagnostically central feature as separateness of Self and World/thorough-going dualism and seeks a more genuinely Sankhyan parallel in Majjhima Nikaya 63,Check source passage and classify what Lovejoy adds beyond Rhys Davids; use as strongest sentence-level evidence of doctrinal discrimination,,,,,,,,,,,,,,
research_notes/lovejoy_orientalist_source_register_batch25_delta.csv,25,4,8,c1896-1898,archive_interpretive,strict_core,Philosophical agnosticism versus form of the questions,MS38_004 p001-018 clean transcription PDF p18; exact phrase searches,likely_lovejoy_synthesis_source_unidentified,"Notebook argues Buddhist refusal is not mere practical agnosticism but objection to the form of the questions while Buddhism remains salvation through insight; exact wording not found in Rhys Davids, but sole authorship not proved",Search Oldenberg Warren and other immediate authorities before upgrading to secure authorial prose,,,,,,,,,,,,,,
research_notes/lovejoy_orientalist_source_register_batch25_delta.csv,25,5,8,c1896-1898,archive_programmatic,strict_core,004 Nidanas present effort methodological statement,MS38_004 p019-036 clean transcription PDF p20,confirmed_programmatic_notebook_voice,Explicitly defines task as understanding Buddhism's general philosophical position plus Three Characteristics and its technical working out in dependent origination through analysis of twelve interrelated notions in relation to current Indic ideas,Use as primary anchor for source-digest → system-reconstruction argument; compare wording with 1898 article introduction/conclusion,,,,,,,,,,,,,,
research_notes/lovejoy_orientalist_source_register_batch25_delta.csv,25,6,8,c1896-1898,archive_argumentative,strict_core,Composite nidana formula still technically intelligible,MS38_004 p037-054 clean transcription PDF p49,confirmed_argument_medium_transcription,Notebook accepts heterogeneous/borrowed terms and non-strict temporal sequence but rejects inference that formula is unintelligible or accidental; posits discoverable technical system,Use published 1898 article as higher-confidence authority for exact formulation; verify marked uncertain manuscript wording only if later necessary,,,,,,,,,,,,,,
research_notes/lovejoy_orientalist_source_register_batch25_delta.csv,25,7,8,1898,primary_method,strict_core,Borrowed terms versus original characteristic arrangement,Lovejoy JAOS 19 126-136; NTU full text,confirmed_primary,Lovejoy states terms perhaps even ideas are largely borrowed but their arrangement/application are original and characteristic; secure published transformation of 004 system-reconstruction problem,Build Senart→004→1898 three-column controversy table and trace causal roles karma/upadana,,,,,,,,,,,,,,
research_notes/lovejoy_orientalist_source_register_batch25_delta.csv,25,8,8,1898,primary_method,strict_core,Karma versus upadana causal discrimination,Lovejoy JAOS 19 126-136,confirmed_primary,Karma explains particular condition of rebirth while upadana explains rebirth as such; shows technical semantic distinction resolved through causal function within system,Include in rules-of-inference concordance as semantic/causal function test,,,,,,,,,,,,,,
research_notes/lovejoy_orientalist_source_register_batch25_delta.csv,25,9,8,c1896-1898,interpretive_model,strict_core,004 source uptake to system reconstruction,Garbe Rhys Davids Warren Oldenberg Senart + 004 clean transcription + 1898 JAOS,strong_evidence,Best model is appropriation and transformation rather than invention: source digest → doctrinal discrimination → question-critique → system reconstruction → publication,Test continuity as rules of inference in 1902 and later work without projecting mature unit-idea terminology backward,,,,,,,,,,,,,,
research_notes/lovejoy_orientalist_source_register_batch26_delta.csv,26,2,8,1896,primary_source_context,strict_core,Warren Chapter II unanswered questions,Henry Clarke Warren Buddhism in Translations pp111-116 and §13 pp117ff,confirmed_primary,Warren explicitly gives two explanations for unanswered questions: they take for granted what Buddha denies and are therefore out of court; Buddha also has a purely practical aim and objects to metaphysical speculation. This supplies both poles later separated in 004 p18,Map Warren wording against 004 p18 and p20; distinguish source uptake from Lovejoy reweighting,,,,,,,,,,,,,,
research_notes/lovejoy_orientalist_source_register_batch26_delta.csv,26,3,8,1896,primary_source_context,strict_core,Rhys Davids negative Buddhist position not whole Dharma,T W Rhys Davids Buddhism Its History and Literature Lecture I pp39-43,confirmed_primary,Rhys Davids says anti-soul/negative position is not the whole Dharma and moves toward causal explanation; second upstream layer for 004 p18-20,Include in Warren→Rhys Davids→004→1898 micro-concordance,,,,,,,,,,,,,,
research_notes/lovejoy_orientalist_source_register_batch26_delta.csv,26,4,8,c1896-1898,archive_transform,strict_core,004 p18 question-form versus practical agnosticism,MS38_004 p001-018 clean transcription PDF p18 + Warren/Rhys Davids,strong_authorial_reweighting,"Lovejoy appears to reweight Warren's paired explanations: not merely philosophical agnosticism of a practical teacher; refusal rests on form/presuppositions of questions while Buddhism requires insight. Concept no longer source-unresolved, though exact lexical authorship remains partly open",Search common-sense moralist phrase separately; treat conceptual operation as transformation rather than invention,,,,,,,,,,,,,,
research_notes/lovejoy_orientalist_source_register_batch26_delta.csv,26,5,8,c1896-1898,archive_sequence,strict_core,p18→p20 transition,MS38_004 p18 and p20 clean transcription,strong_evidence,Question-frame critique leads directly into positive reconstruction of Three Characteristics + dependent origination as general philosophical position and technical working-out; negative silence becomes a prompt for system reconstruction,Use as compact argumentative sequence in 004 method discussion,,,,,,,,,,,,,,
research_notes/lovejoy_orientalist_source_register_batch26_delta.csv,26,6,8,1898,primary_method,strict_core,1898 article psychological rather than ontological frame,Lovejoy JAOS 19 pp126-136,confirmed_primary,"Published article rejects ontological/Hartmann reading; salvation depends on theoretical insight into psychological analysis, whose middle dependent-origination section is technically reconstructed",Connect to p18-20 as published maturation of question-frame discrimination,,,,,,,,,,,,,,
research_notes/lovejoy_orientalist_source_register_batch27_delta.csv,27,2,8,1896,primary_bibliographic,comparative_religion,Marillier Sur le caractère religieux du tabou mélanésien,EPHE Bibliothèque vol.7 part2; Persée authority; Heidelberg catalogue,confirmed_exact_container,"Exact placement resolved as Études de critique et d'histoire 2e série, Bibliothèque de l'École des Hautes Études Sciences religieuses vol7 part2, pp35-74; immediate source for taboo/religious-sanction problem adjacent to 005","Obtain page images/text pp35-74, especially pp53-56 cited by Mauss",,,,,,,,,,,,,,
research_notes/lovejoy_orientalist_source_register_batch27_delta.csv,27,3,8,1896,primary_text,comparative_religion,Mauss use of Marillier taboo analysis,"Mauss La religion et les origines du droit pénal, RHR 34:269-295 and 35:31-60; UQAM electronic transcription",confirmed,Mauss explicitly cites Marillier Tabou mélanésien pp53-56 and argues taboo violation endangers clan/exposes violator to immediate religious/social sanction; closely matches 005 distinction of clan solidarity/taboo from moral guilt,Build Marillier-Mauss-005 pp16-20 point-by-point concordance,,,,,,,,,,,,,,
research_notes/lovejoy_orientalist_source_register_batch27_delta.csv,27,4,8,1901,primary_bibliographic,comparative_religion,Marillier Notes sur la coutume le tabou et l'obligation morale,Persée authority; Sudoc 086800310,confirmed_bibliographic_primary_missing,Title directly names custom/taboo/moral-obligation boundary central to 005 pp14-20; full text still unresolved,Resolve holdings and source serial/offprint; capture text before assigning originality of Lovejoy taxonomy,,,,,,,,,,,,,,
research_notes/lovejoy_orientalist_source_register_batch27_delta.csv,27,5,8,1900,primary_digital_witness,magic_mana,Marillier Religion in La Grande Encyclopédie XXVIII,Wikimedia Commons/Wikisource; IA lagrandeencyclop28dref,confirmed_file_primary_text_pending,"Public-domain DjVu verified: 1284 pages, IA provenance. Article pp341-364 likely scans353-376; direct page text not yet locally captured","Verify scan offset and extract pp341-364, especially p349 mana passage",,,,,,,,,,,,,,
research_notes/lovejoy_orientalist_source_register_batch27_delta.csv,27,6,8,1900,secondary_locator,magic_mana,Marillier mana occurrences in Religion,Mana: A History of a Western Category,secondary_pending_primary,Reports six mana occurrences and first discussion p349 as personal natural/supernatural gifts/powers; useful locator only,Verify directly against La Grande Encyclopédie facsimile,,,,,,,,,,,,,,
research_notes/lovejoy_orientalist_source_register_batch27_delta.csv,27,7,8,1911,near_contemporary_relay,magic_mana,Marillier three-class theory of magic,Encyclopaedia Britannica 1911 Magic,confirmed_relay,"Explicitly attributes to Marillier word/act magic, qualification/initiation, and mana-bearing persons; distinguishes direct action on nature from spirit-mediated action and cites Marillier Religion","Use as relay/control, not substitute for 1900 primary; compare to 005 p64 pp82-90 pp99-105 pp112-119",,,,,,,,,,,,,,
research_notes/lovejoy_orientalist_source_register_batch27_delta.csv,27,8,8,1892,primary_bibliographic,magic_mana,Marillier M Frazer et la Diane de Nemi,RHR 25:71-99; RelBib; public-domain preserved volume routes,confirmed_primary_access_route,Early French Frazer critique is a target for earliest Marillier mana/mechanism vocabulary,Extract pp71-99 direct and search mana/Codrington/direct efficacy,,,,,,,,,,,,,,
research_notes/lovejoy_orientalist_source_register_batch27_delta.csv,27,9,8,1892,primary_bibliographic,magic_mana,Marillier review of Codrington The Melanesians,RHR 25:231-232; modern bibliography as locator,confirmed_bibliographic_primary_missing,"Immediate Marillier reception of Codrington, potentially earliest entry of mana into his comparative-religion work",Capture pp231-232 directly and verify exact mana wording,,,,,,,,,,,,,,
research_notes/lovejoy_orientalist_source_register_batch28_delta.csv,28,2,8,1896,primary_pedagogy,comparative_religion,NW Thomas eyewitness to Marillier seminar,"Folk-Lore 7 (1896), 200-201",confirmed,"Thomas describes work by pupils directed by lecturer: student essay, class reading, Marillier comment and peer discussion; direct control on how 005-type notes could be produced",Keep as seminar-mechanism evidence; distinguish from proof of Lovejoy-specific assignment,,,,,,,,,,,,,,
research_notes/lovejoy_orientalist_source_register_batch28_delta.csv,28,3,8,1911,near_contemporary_relay,comparative_religion,NW Thomas Taboo,"Encyclopaedia Britannica 11th ed., Taboo",confirmed_primary_relay,"Former Marillier student classifies taboo sanctions as automatic/magical, animistic and social; treats transmissible mana/contact and a section Taboo and Moral Obligation; closely controls 005 moral-vs-ritual/social distinction",Map exact EB sections to 005 pp14-20; do not infer Lovejoy read 1911 article,,,,,,,,,,,,,,
research_notes/lovejoy_orientalist_source_register_batch28_delta.csv,28,4,8,1911,near_contemporary_relay,sacrifice,NW Thomas Sacrifice on Marillier critique of Robertson Smith,"Encyclopaedia Britannica 11th ed., Sacrifice; cites RHR xxxvi p243",confirmed_primary_relay,"Thomas explicitly attributes to Marillier critique of communion/totem inference and later summarizes sacrifice as originally magical, blood releasing force; unusually close to 005 pp46-119",Identify/capture exact Marillier RHR 36 primary article and p243 passage,,,,,,,,,,,,,,
research_notes/lovejoy_orientalist_source_register_batch28_delta.csv,28,5,8,1911,near_contemporary_relay,sacrifice,Marillier magical-blood-force theory as summarized by Thomas,"Encyclopaedia Britannica 11th ed., Sacrifice",confirmed_relay,"For Marillier sacrifice originally magical; blood releases magical force to bend gods; gift theory emerges with cult of dead; separate communion theory retained. Maps to 005 direct action, blood efficacy, gift/funerary and anti-single-origin distinctions",Verify directly in Marillier primary before using as his exact theory,,,,,,,,,,,,,,
research_notes/lovejoy_orientalist_source_register_batch28_delta.csv,28,6,8,1896,primary_bibliographic,taboo,Marillier Sur le caractère religieux du tabou mélanésien,EPHE Sciences religieuses vol7 pp35-74,confirmed,Thomas 1911 Taboo bibliography cites exact Marillier essay; continuing recognition of French source field,Capture pp53-56 and full article,,,,,,,,,,,,,,
research_notes/lovejoy_orientalist_source_register_batch28_delta.csv,28,7,8,c1900,primary_bibliographic,taboo,Marillier Tabou article in La Grande Encyclopédie,Le Maléfan bibliography; Van Gennep 1904 direct citation; La Grande Encyclopédie XXX,confirmed_bibliographic_primary_text_pending,"Separate Marillier encyclopedia article confirmed independently by student Van Gennep; volume XXX Sigillateur-Thermopole, public-domain scan IA lagrandeencyclop30dref",Locate exact pages/text near Wikisource scan 839,,,,,,,,,,,,,,
research_notes/lovejoy_orientalist_source_register_batch28_delta.csv,28,8,8,1904,primary_student_witness,taboo,Arnold Van Gennep Tabou et totémisme à Madagascar,EPHE Sciences religieuses vol17; Google Books/public scan,confirmed,Book dedicated to Marillier and directly cites Marillier Tabou in Grande Encyclopédie; second post-Marillier student trajectory reorganizing taboo/sanction problems,"Use as independent student control, not Lovejoy source",,,,,,,,,,,,,,
research_notes/lovejoy_orientalist_source_register_batch28_delta.csv,28,9,8,1901,evidence_limit,taboo,Relationship between Notes sur la coutume le tabou et l'obligation morale and encyclopedia Tabou,Sudoc 086800310; Grande Encyclopédie XXX; Van Gennep citation,unresolved,Three distinct Marillier taboo objects now identified; thematic overlap cannot establish edition/offprint relationship,"Resolve title pages, pagination, publisher/source notes before merging records",,,,,,,,,,,,,,
research_notes/lovejoy_orientalist_source_register_batch29_delta.csv,29,2,8,1980,historiography,history_of_ideas,Daniel J Wilson annotated bibliography developmental framing,Arthur O Lovejoy: An Annotated Bibliography introduction,confirmed_secondary,Wilson already describes Lovejoy's early religion/history-of-philosophy papers as early essays in the method of history of ideas and singles out Religion and the Time-Process as part of the route toward the later chain-of-being complex; broad religion→history-of-ideas bridge is therefore not a novel claim,Position 004 contribution below Wilson's developmental narrative at source-practice level,,,,,,,,,,,,,,
research_notes/lovejoy_orientalist_source_register_batch29_delta.csv,29,3,8,2010,historiography,history_of_ideas,Leo Catana Lovejoy's Readings of Bruno,Journal of the History of Ideas 71.1 pp91-112,confirmed_peer_reviewed,Catana argues mature methodological declarations are not simple descriptions of actual practice and contextualizes Lovejoy's Bruno work within nineteenth-century history of philosophy; strong comparator for practice-first reconstruction,Use as methodological foil/complement; distinguish printed Bruno genealogy from 004 prepublication notebook microhistory,,,,,,,,,,,,,,
research_notes/lovejoy_orientalist_source_register_batch29_delta.csv,29,4,8,2014,historiography,history_of_ideas,Daniel Wickberg In the Environment of Ideas,Modern Intellectual History 11.2 pp439-464,confirmed_peer_reviewed,Reconsiders Lovejoy as cultural historian and complicates caricature of decontextualized timeless unit-ideas,Avoid building novelty against outdated straw-man version of Lovejoy,,,,,,,,,,,,,,
research_notes/lovejoy_orientalist_source_register_batch29_delta.csv,29,5,8,2014,historiography,history_of_ideas,Darrin McMahon Return of the History of Ideas,Rethinking Modern European Intellectual History pp13-31,confirmed_peer_reviewed,Reassesses critiques by Skinner/social history and argues Lovejoy deserves renewed consideration,Use only for mature-method historiographical context,,,,,,,,,,,,,,
research_notes/lovejoy_orientalist_source_register_batch29_delta.csv,29,6,8,2023,historiography,history_of_ideas,Nico Mouton Apologia for Lovejoy long-range approach,History and Theory,confirmed_peer_reviewed,Defends Lovejoy against charges of timeless essentialism and addresses idea-complexes/context/change/recurrence,Use to keep mature-method discussion current; 004 contribution is workshop formation rather than defense/refutation of mature method,,,,,,,,,,,,,,
research_notes/lovejoy_orientalist_source_register_batch29_delta.csv,29,7,8,2017-2026,historiography_control,strict_core,Klaus Karttunen Persons of Indian Studies Lovejoy entry,Persons of Indian Studies,confirmed_secondary,States Lovejoy apparently never returned to Buddhist studies and lists only 1898 JAOS; useful narrow disciplinary memory but stronger interpretation is complicated by 1901 Buddhism syllabus and 1902 explicit reuse,Distinguish no sustained career Buddhology from continued teaching/reuse and broader Indic engagement,,,,,,,,,,,,,,
research_notes/lovejoy_orientalist_source_register_batch29_delta.csv,29,8,9,2026,current_sweep,novelty_control,strict_core,Modern methodological scholarship using notebook 004,Targeted web/repository search,not_yet_found_not_exhaustive,Current targeted sweep has not located a modern Lovejoy-method study using the 1890s Buddhist notebook to reconstruct source uptake→supplementation→publication; this is not yet an exhaustive novelty claim,Search citations to Wilson biography/bibliography and MS-0038 usage before publication-level novelty statement,,,,,,,,,,,,,
research_notes/lovejoy_orientalist_source_register_batch30_delta.csv,30,2,8,1896,primary_source_context,strict_core,Warren dependent-origination patchwork hypothesis,Henry Clarke Warren Buddhism in Translations pp115-116,confirmed_primary,Warren already calls full formula a piece of patchwork made from two or more current formulas because the human being is generated twice; compositeness/repetition therefore predates Lovejoy's intervention and is local Harvard source infrastructure,Add to 004 source-uptake map and distinguish Warren hypothesis from Senart/ Lovejoy responses,,,,,,,,,,,,,,
research_notes/lovejoy_orientalist_source_register_batch30_delta.csv,30,3,8,1896,primary_source_context,strict_core,Senart upadana equals upadanaskandhas,Senart 1896 as quoted directly by Lovejoy JAOS p127 and later relays,confirmed_through_primary_witness,Senart identifies upadana as reduction for five upadanaskandhas and uses resulting repeated skandha complex against speculative coherence of formula,Extract Senart pp281-297 directly from free Google Books volume before final canonical controversy table,,,,,,,,,,,,,,
research_notes/lovejoy_orientalist_source_register_batch30_delta.csv,30,4,8,1896,primary_source_context,strict_core,Senart tyranny of frames and words,Senart 1896 pp294ff as cited by later near-contemporary scholarship/Oldenberg relay,confirmed_phrase_relay_primary_scan_pending,Shows broader Senart view of Buddhist scholastic structure as constrained by inherited frames/words; relevant to compositeness debate but should not be overused until direct scan extracted,Verify exact context on Senart pp294-297,,,,,,,,,,,,,,
research_notes/lovejoy_orientalist_source_register_batch30_delta.csv,30,5,8,1898,primary_method,strict_core,Lovejoy functional non-equivalence inside composite formula,JAOS 19 pp126-136,confirmed_primary,Lovejoy's intervention is not discovery of compositeness but challenge to inference from apparent repetition to incoherence: skandhas vs attachment-to-skandhas and karma vs upadana perform distinct functions,Use as central controversy thesis; formal recurrence ≠ functional identity,,,,,,,,,,,,,,
research_notes/lovejoy_orientalist_source_register_batch30_delta.csv,30,6,8,1897-1898,primary_context,strict_core,Oldenberg reduced-obscurity response to Senart,Oldenberg Buddha 3rd ed / Buddhistische Studien; later direct-relay snippets,primary_extraction_pending,"Oldenberg also moves toward seeing causation formula as less obscure than earlier/Senart, limiting any claim that Lovejoy alone restored coherence",Extract primary relevant pages and compare semantic/causal mechanisms rather than general conclusion,,,,,,,,,,,,,,
research_notes/lovejoy_orientalist_source_register_batch30_delta.csv,30,7,8,1896-1898,interpretive_model,strict_core,Warren→Senart→004→Lovejoy controversy,Warren 1896; Senart 1896; 004 clean transcription; Lovejoy 1898,strong_evidence,Central shift is unit of proof: historical/formal repetition must be tested for semantic and causal functional identity before supporting incoherence/accidental compilation,Carry rule into 1902 resemblance/borrowing/internal-genealogy comparison,,,,,,,,,,,,,,
research_notes/lovejoy_orientalist_source_register_batch31_delta.csv,31,2,8,c1896-1898,archive_method,strict_core,Diagnostic resemblance before genealogy,MS38_004 PDF p17 clean transcription,confirmed_authorial_hinge,Lovejoy explicitly supplements Rhys Davids by redefining Sankhya's diagnostically central feature as separateness of Self/World rather than generic eternity claims; controls what resemblance can count as historical evidence,Compare exact wording with 1902 Aristotle/Vedanta anti-diffusion passage at page level,,,,,,,,,,,,,,
research_notes/lovejoy_orientalist_source_register_batch31_delta.csv,31,3,8,c1896-1898,archive_method,strict_core,Question-frame control,MS38_004 PDF p18-20; Warren 1896 upstream,strong_authorial_reweighting,"Lovejoy privileges objection to form/presuppositions of questions over mere practical agnosticism, then reconstructs positive Buddhist theory through Three Characteristics/dependent origination",Build Warren→004→1898 exact page micro-concordance,,,,,,,,,,,,,,
research_notes/lovejoy_orientalist_source_register_batch31_delta.csv,31,4,8,1898,primary_method,strict_core,Functional non-equivalence,Lovejoy JAOS 19 126-136,confirmed_primary,Formal recurrence/common object does not establish conceptual identity: skandhas differ from attachment; karma differs causally from upadana,Use as strongest technical bridge to later component discrimination,,,,,,,,,,,,,,
research_notes/lovejoy_orientalist_source_register_batch31_delta.csv,31,5,8,1898,primary_method,strict_core,Genealogy versus configuration,Lovejoy JAOS 19 126-136,confirmed_primary,Terms and perhaps ideas may be borrowed while arrangement/application remain original and characteristic; separates historical derivation from systemic function,Compare exact formulation with 1902 recurrence/diffusion and later mature method,,,,,,,,,,,,,,
research_notes/lovejoy_orientalist_source_register_batch31_delta.csv,31,6,8,1902,primary_method,history_of_ideas,Anti-diffusion control Aristotle versus Vedanta,Lovejoy Religion and the Time-Process AJT 6 439-472; batch11 full primary read,confirmed_primary,Conceptual affinity does not warrant Eastern borrowing where internal Greek genealogy accounts for conception; explicit generalization of distinction between structural resemblance and transmission,Recover exact article page/quotation and cite primary PDF directly in next pass,,,,,,,,,,,,,,
research_notes/lovejoy_orientalist_source_register_batch31_delta.csv,31,7,8,1902,primary_method,history_of_ideas,Categories presuppositions logical motives,Lovejoy Religion and the Time-Process AJT 6 439-472; batch11 full primary read,confirmed_primary,Tracks perfectionist presupposition/logical motive across historically different systems and decomposes Royce into warring categories; scale expansion from technical-term function to category history,Build exact-page primary concordance for category/presupposition/logical motive/survival/combination vocabulary,,,,,,,,,,,,,,
research_notes/lovejoy_orientalist_source_register_batch31_delta.csv,31,8,8,1898-1902,authorial_continuity,strict_core_to_history_of_ideas,1898 self-cited in 1902,Lovejoy AJT 1902 footnote to 1898 JAOS,confirmed_authorial_bridge,Proves Buddhist technical philology remained active analytical infrastructure for 1902 comparative category-history rather than isolated abandoned specialty,Capture exact footnote page and wording,,,,,,,,,,,,,,
research_notes/lovejoy_orientalist_source_register_batch32_delta.csv,32,2,8,1897,primary_target,strict_core,Hermann Oldenberg Buddha 3rd ed,Google Books ta7rJ6uWLfwC; WorldCat OCLC 230741722,confirmed_object_text_check_pending,"Decisive priority control: if anti-Senart upādāna ≠ upādānakkhandha argument already appears here, Lovejoy 1898 had a prior published parallel; volume includes Sāṁkhya appendix pp443-455",Download/search whole 1897 edition for Senart upadana skandha chandaraga; capture relevant causal-chain pages and pp443-455,,,,,,,,,,,,,,
research_notes/lovejoy_orientalist_source_register_batch32_delta.csv,32,3,8,1898,primary_target,strict_core,Hermann Oldenberg Buddhistische Studien,ZDMG 52 pp617-694; ULB Halle DOI 10.25673/111000,confirmed_object_target_pages_pending,Later Oldenberg explicitly points to p690ff for upādāna; likely contains very close anti-Senart argument whose relation to Lovejoy 1898 could establish priority parallelism or immediate reception,Download pp681-694 especially 690-694; search Senart Lovejoy upādāna upādānakkhandha chandarāga Majjhima Saṃyutta; record citations verbatim,,,,,,,,,,,,,,
research_notes/lovejoy_orientalist_source_register_batch32_delta.csv,32,4,8,1912,near_contemporary_relay,strict_core,Jenő Lénárd Dhammó relay of Oldenberg-Senart dispute,1912 Hungarian text; public digital transcription,confirmed_relay,Reproduces Senart p284 and Oldenberg rebuttal with Majjhima I299ff Saṃyutta III100 and chandarāga; proves later Oldenberg argument closely parallels Lovejoy but cannot date its origin,Use only as locator/control; replace with Oldenberg 1897/1898 primary once pages recovered,,,,,,,,,,,,,,
research_notes/lovejoy_orientalist_source_register_batch32_delta.csv,32,5,8,1898,chronology_control,strict_core,Lovejoy JAOS publication window,JAOS 19 no2 / HathiTrust-CiNii serial metadata,confirmed_half_year_only,Article pp126-136 belongs to July-Dec 1898 half-year; insufficient to order against ZDMG 52 fascicles,Recover wrapper/proceedings/fascicle publication date and compare with ZDMG issue chronology,,,,,,,,,,,,,,
research_notes/lovejoy_orientalist_source_register_batch32_delta.csv,32,6,8,1896,primary_target,strict_core,Émile Senart À propos de la théorie bouddhique des douze nidânas,Mélanges Charles de Harlez pp281-297; Google Play; Persée,confirmed_object_text_pending,Immediate target of Lovejoy and Oldenberg; first-hand text needed to separate Senart's composition duplication sequence and historical claims from later quotations,Download/upload pp281-297; build point-by-point claim table,,,,,,,,,,,,,,
research_notes/lovejoy_orientalist_source_register_batch32_delta.csv,32,7,8,1898,primary_target,strict_core,Hermann Jacobi Verhältnis der buddhistischen Philosophie zu Sāṁkhya-Yoga und Bedeutung der Nidānas,Heidelberg HEIDI 69364538; ZDMG 52 pp1-15,confirmed_digital_item,Explicitly joins 004's two major controversy clusters in 1898 and helps reconstruct live debate state,Download pp1-15 after Oldenberg targets; compare Senart/Oldenberg references and nidāna interpretation,,,,,,,,,,,,,,
research_notes/lovejoy_orientalist_source_register_batch32_delta.csv,32,8,8,1897-1898,interpretive_problem,strict_core,Oldenberg-Lovejoy anti-Senart priority/reception,Oldenberg 1897/1898 targets + Lovejoy JAOS 1898,unresolved,Three possibilities remain: Oldenberg priority; 1898 independent/ordered parallel; Lovejoy priority/immediate Oldenberg uptake. Direction cannot be stated until primary pages and issue dates are checked,Resolve primary text then construct Senart-Oldenberg-Lovejoy four-column comparison including exact citations and causal-function distinctions,,,,,,,,,,,,,,
research_notes/lovejoy_orientalist_source_register_batch32_delta.csv,32,9,8,1898,interpretive_model,history_of_ideas,Lovejoy functional non-equivalence as provisional distinctive increment,Lovejoy JAOS 19.2 pp126-136,strong_provisional,"Safest current Lovejoy-specific claim is that shared vocabulary/provenance does not establish conceptual identity; semantic and causal function distinguish components, including karma vs upādāna",Test whether Oldenberg p690ff contains same causal-role allocation before claiming distinctiveness,,,,,,,,,,,,,,
research_notes/lovejoy_orientalist_source_register_batch33_delta.csv,33,2,8,1896,primary_source,strict_core,Émile Senart À propos de la théorie bouddhique des douze nidânas,Mélanges Charles de Harlez pp281-297; uploaded OCR mlangescharlesd00goog,primary_text_recovered,Direct text confirms stratigraphic/compositional argument: upādāna as reduction for pañca upādānaskandhas; duplication and variant formulae used to limit autonomous-system reconstruction,Retain p284-295 claims separately in future prose; avoid shorthand that Senart simply calls formula meaningless,,,,,,,,,,,,,,
research_notes/lovejoy_orientalist_source_register_batch33_delta.csv,33,3,8,1897,primary_source_attested,strict_core,Hermann Oldenberg Buddha 3rd ed p273 note,Attested independently by Jacobi 1898 footnote and Oldenberg 1898 self-cross-reference,priority_secure_visual_copy_pending,Basic anti-Senart upādāna != upādānakkhandha semantic rebuttal is already in print in 1897; resolves batch32 priority problem,Obtain actual 3rd-ed page273 note for visual verification and archive; capture pp443-455 Sankhya appendix,,,,,,,,,,,,,,
research_notes/lovejoy_orientalist_source_register_batch33_delta.csv,33,4,8,1898,primary_source,strict_core,Hermann Jacobi Verhältnis der buddhistischen Philosophie zu Sāṁkhya-Yoga und Bedeutung der Nidānas,uploaded OCR 1898_Über das Verhältnis...,primary_text_recovered,Explicitly cites Oldenberg Buddha 3rd ed p273 note against Senart; reconstructs upādāna through adrṣṭa/karma and broad Sankhya genealogy,Use as witness for 1897 Oldenberg priority and as comparative model: genealogy plus system reconstruction,,,,,,,,,,,,,,
research_notes/lovejoy_orientalist_source_register_batch33_delta.csv,33,5,8,1898,primary_source,strict_core,Hermann Oldenberg Buddhistische Studien section VII,ZDMG 52 pp681-694; uploaded OCR 提取自12946592543477...,primary_text_recovered,Reconstructs phassa-vedanā-taṇhā-upādāna from canonical semantics; rejects causa-materialis/adrṣṭa import; self-cross-ref to Buddha³ p273 note independently confirms 1897 locus,Collate pp690-693 against Lovejoy 1898 causal-role allocation; check whether any closer karma/upādāna functional parallel exists,,,,,,,,,,,,,,
research_notes/lovejoy_orientalist_source_register_batch33_delta.csv,33,6,8,1898,negative_primary_check,strict_core,Lovejoy name in Oldenberg Buddhistische Studien pp681-694,uploaded OCR full-section text search,no_hit_in_section,No visible Lovejoy citation in the recovered section; this weighs against an immediate Oldenberg-uptake claim but remains negative OCR evidence,Inspect page images/footnotes only if a reception claim later depends on proving absence,,,,,,,,,,,,,,
research_notes/lovejoy_orientalist_source_register_batch33_delta.csv,33,7,8,1890,edition_control,strict_core,Hermann Oldenberg Buddha uploaded scan,uploaded OCR buddhaseinleben03oldegoog...; title page ZWEITE AUFLAGE; library stamp 1890,misidentified_filename_second_edition,The uploaded filename suggests 3rd ed but object is 2nd ed; cannot serve as direct witness for 1897 p273 note,Keep as edition-control source only; replace priority target with actual 1897 third edition,,,,,,,,,,,,,,
research_notes/lovejoy_orientalist_source_register_batch33_delta.csv,33,8,8,1898,primary_source,strict_core,Arthur O Lovejoy The Buddhistic technical terms upādāna and upādisesa,JAOS 19 pp126-136; repo HTML + clean corpus,primary_text_recovered,Published paper's basic anti-Senart distinction has Oldenberg priority; stronger candidate is functional allocation of karma versus upādāna,Reframe novelty around causal-function partition and genealogy/configuration distinction; do not claim priority for basic semantic rebuttal,,,,,,,,,,,,,,
research_notes/lovejoy_orientalist_source_register_batch33_delta.csv,33,9,8,1898,interpretive_problem,strict_core,Oldenberg-Lovejoy dependence/circulation,Oldenberg 1897 attested + Lovejoy JAOS citation pattern,unresolved_after_priority_resolution,Lovejoy explicitly cites Oldenberg in upādisesa section but not visibly in immediate upādāna/Senart rebuttal; priority is settled but dependence is not,Search Lovejoy correspondence notebook citation form library borrowing/acquisition evidence for actual access to Buddha 3rd ed,,,,,,,,,,,,,,
research_notes/lovejoy_orientalist_source_register_batch33_delta.csv,33,10,8,1896-1898,interpretive_model,history_of_ideas,Genealogy versus configuration,Senart-Jacobi-Oldenberg-Lovejoy primary collation,strong,Best methodological distinction: historical borrowing/repetition and synchronic causal role are separate questions; Lovejoy's distinctive operation is functional non-equivalence within composite inheritance,Carry this narrow inference rule forward into 1902 and later work; avoid teleological proto-unit-idea language,,,,,,,,,,,,,,
research_notes/lovejoy_orientalist_source_register_batch33_delta.csv,33,11,8,1898,chronology_control,strict_core,Exact 1898 fascicle chronology,JAOS 19 no2 and ZDMG 52 issue/fascicle wrappers,unresolved_lower_priority,Still relevant for immediate reception among Jacobi Oldenberg Lovejoy but no longer controls basic anti-Senart priority because Oldenberg locus is 1897,Recover only after source-access question; use wrappers proceedings accession notices if needed,,,,,,,,,,,,,,
research_notes/lovejoy_orientalist_source_register_batch35_delta.csv,35,2,8,1853,primary_source,strict_core,R. Spence Hardy A Manual of Budhism p394,Partridge and Oakey 1853; Google Books/Open Library/Internet Archive public-domain copies; contemporary exact quotation in Jacobi 1898,primary_locus_identified_direct_page_control_pending,Upstream source for two-factor rebirth model: upādāna produces renewed existence while karma controls its manner/condition; this distinction cannot be credited to Lovejoy as an invention,Recover printed p394 directly and collate full paragraph against 004 p33 and Lovejoy 1898 pp129-131,,,,,,,,,,,,,,
research_notes/lovejoy_orientalist_source_register_batch35_delta.csv,35,3,8,c.1896-1898,archive_primary,strict_core,MS38_004 p33 manuscript p97 Upādāna Relation to Karma,JHU MS-0038 corrected transcription; Hardy p394 named in notebook,confirmed_direct_source_uptake,Notebook explicitly reformulates Hardy as fact of continued existence versus manner of continued existence; exceptionally close precursor to published fact-of-rebirth/particular-condition distinction,Second-pass only if exact diplomatic wording is needed; conceptual relation is secure from corrected transcription,,,,,,,,,,,,,,
research_notes/lovejoy_orientalist_source_register_batch35_delta.csv,35,4,8,1898,primary_context,strict_core,Hermann Jacobi p13 Hardy p394 uptake,Über das Verhältnis der buddhistischen Philosophie zu Sāṁkhya-Yoga und die Bedeutung der Nidānas pp13-14; uploaded primary OCR,confirmed_primary,Jacobi quotes Hardy p394 but uses the passage toward assimilation of upādāna with/parallel to adrṣṭa and karma; same source branches differently from Lovejoy,Use as parallel appropriation rather than mediation unless chronology/citation proves direct contact,,,,,,,,,,,,,,
research_notes/lovejoy_orientalist_source_register_batch35_delta.csv,35,5,8,1898,primary_context,strict_core,Hermann Oldenberg critique of Hardy-based Jacobi construction,Buddhistische Studien ZDMG 52 pp690-694; uploaded primary OCR,confirmed_primary,Rejects free adrṣṭa construction and insists on Buddhist upādāna/upādiyati usage; distinguishes contact feeling desire grasping; proves functional differentiation is shared contemporary method,Collate against Lovejoy on semantic meaning and causal scope without assuming dependence,,,,,,,,,,,,,,
research_notes/lovejoy_orientalist_source_register_batch35_delta.csv,35,6,8,1898,primary,strict_core,Lovejoy karma/upādāna published recomposition,JAOS 19 pp129-131; repo full text / clean corpus,confirmed_primary,Lovejoy preserves Hardy's two-factor architecture but stabilizes it as karma=particular condition of rebirth and upādāna=fact of rebirth; adds historical genealogy of older karma vocabulary versus specifically Buddhist possibility of ending rebirth,Treat historical-functional recomposition as current Lovejoy-specific increment; connect to 1902 genealogy/configuration method,,,,,,,,,,,,,,
research_notes/lovejoy_orientalist_source_register_batch35_delta.csv,35,7,8,1896-1902,interpretive_model,history_of_ideas,Revised functional non-equivalence thesis,Hardy 1853 → 004 → Jacobi/Oldenberg 1898 → Lovejoy 1898 → 1902,strong_revised,Retire claim that Lovejoy originated karma/upādāna functional bifurcation. Stronger claim: he converts an inherited distinction into a historical account separating provenance from function in a new configuration,Revise future synthesis/batch31 language; test exact 1902 passages where historical genealogy and logical function are separately reconstructed,,,,,,,,,,,,,,
research_notes/lovejoy_orientalist_source_register_batch39_delta.csv,39,2,8,1853,primary_recovered,strict_core,R. Spence Hardy A Manual of Budhism pp394-396,Internet Archive manualofbudhism00hard; direct searchable primary,confirmed_primary,Direct primary gives two-factor reproduction architecture: upādāna produces renewed existence while karma controls its manner/state/grade; p396 says karma produces new existence in conjunction with upādāna,Use as upstream control for 004 p33 and Lovejoy 1898; no further manual retrieval needed unless facsimile required,,,,,,,,,,,,,,
research_notes/lovejoy_orientalist_source_register_batch39_delta.csv,39,3,8,c.1896-1898,archive_source_transformation,strict_core,004 Upādāna Relation to Karma Hardy p394,MS38_004_001_061_004 p33/mp97 corrected transcription + Hardy 1853 primary,confirmed_direct_source_medium_handwriting,Notebook converts Hardy's partly unstable two-factor account into explicit fact-of-continued-existence versus manner-of-continued-existence analytical question,Use as strongest source→operation→publication microgenesis; preserve transcription uncertainty in exact grammar,,,,,,,,,,,,,,
research_notes/lovejoy_orientalist_source_register_batch39_delta.csv,39,4,8,1898,comparative_primary,strict_core,Jacobi use of Hardy p394,Jacobi Verhältnis pp13-14 uploaded primary,confirmed_primary,"Same Hardy passage is used toward assimilation of upādāna with/parallel to adrṣṭa-karma, providing a branching comparison with Lovejoy's differentiation",Do not infer Lovejoy read Jacobi before publication without issue chronology/access evidence,,,,,,,,,,,,,,
research_notes/lovejoy_orientalist_source_register_batch39_delta.csv,39,5,8,1898,primary_authorial_recomposition,strict_core,Lovejoy karma/upādāna causal allocation,JAOS 19 pp129-131,confirmed_primary,Lovejoy sharpens Hardy fact/manner into fact-of-rebirth versus particular-condition and adds historical explanation: inherited karma distributes future conditions while specifically Buddhist cessation makes rebirth-as-such require its own cause,Treat historical-functional recomposition rather than causal bifurcation itself as Lovejoy-specific increment,,,,,,,,,,,,,,
research_notes/lovejoy_orientalist_source_register_batch39_delta.csv,39,6,8,1902,primary_authorial_bridge,history_of_ideas,Religion and the Time-Process,American Journal of Theology 6 pp439-472; JSTOR 3153919,confirmed_primary,Lovejoy explicitly self-cites 1898 Buddhist paper; comparative history separates resemblance from proven borrowing and tracks categories/presuppositions/logical motives through changed configurations,Use as scale expansion of genealogy/transmission versus function/configuration; avoid proto-unit-idea terminology,,,,,,,,,,,,,,
research_notes/lovejoy_orientalist_source_register_batch39_delta.csv,39,7,8,1897-1898,archive_correction,strict_core,Home Library Group 32,Wilson biography / Boston Children's Aid Society Home Library program,corrected_misreading,Earlier batch34 speculation that this might be a personal book inventory was wrong; it is Lovejoy's volunteer children's Home Library group and has no evidentiary value for ownership of Oldenberg or other Orientalist books,Do not use this route for access/ownership; pursue course records correspondence Lanman/HOS materials instead,,,,,,,,,,,,,,
research_notes/lovejoy_orientalist_source_register_batch40_delta.csv,40,2,8,1882,primary_recovered,strict_core,Hermann Oldenberg Buddha English tr upadisesa excursus,"Buddha: His Life His Doctrine His Order, trans William Hoey, pp427-438; Internet Archive buddhhalife00oldeuoft",confirmed_primary,"Direct source Lovejoy cites at English tr p433. Oldenberg already acknowledges Itivuttaka physical reading, then argues ethical residue through Anagamin, deceased monk, poison-remnant/nirupadhi evidence; explicitly treats upādāna and samyojana as synonymous; ultimately identifies upādi as Pali spelling of upadhi",Use as principal upstream control for 004 pp55-71 and Lovejoy 1898 pp133-136; no manual retrieval required,,,,,,,,,,,,,,
research_notes/lovejoy_orientalist_source_register_batch40_delta.csv,40,3,8,c.1896-1898,archive_source_transformation,strict_core,004 upādisesa/anupādisesa working section,MS38_004_001_061_004 corrected pp55-71,confirmed_archive,Notebook broadens Oldenberg-led problem through usage/synonymy/textual evidence; p66 explicitly argues anupādisesa cannot mean physical death because death itself is not Buddhist summum bonum; positive/negative forms track Anagamin/Arahat ethical condition,Collate Oldenberg 1882 → 004 → 1898 row-by-row; preserve uncertainty in difficult surrounding citations,,,,,,,,,,,,,,
research_notes/lovejoy_orientalist_source_register_batch40_delta.csv,40,4,8,1898,primary_authorial_recomposition,strict_core,Lovejoy upādisesa section,JAOS 19 pp133-136; NTU/DLBS full text,confirmed_primary,"Lovejoy praises Oldenberg's ethical-residue reading but leaves etymology unresolved, says meaning must be settled by usage, adds/repacks Sutta-Nipata and shore evidence, and ends that matter is not finally settled despite prevailing support for Oldenberg","Treat main delta as controlled evidentiary recomposition/calibrated uncertainty, not semantic priority",,,,,,,,,,,,,,
research_notes/lovejoy_orientalist_source_register_batch40_delta.csv,40,5,8,1882-1898,negative_text_search_control,strict_core,Lovejoy added Sutta-Nipata v86 and hither/further-shore comparisons,Oldenberg 1882 full-text search versus Lovejoy 1898,qualified_no_hit,Recovered 1882 English full text has no hit for Lovejoy's third Sutta-Nipata goal passage or hither/further shore/paraparam comparison; likely extensions of the recovered Oldenberg package,Use only as qualified negative evidence; do not claim Oldenberg never used these passages elsewhere,,,,,,,,,,,,,,
research_notes/lovejoy_orientalist_source_register_batch40_delta.csv,40,6,8,1898-1902,interpretive_model,history_of_ideas,Two-mode source recomposition in 1898,Hardy/Oldenberg upstream + 004 + Lovejoy 1898 + 1902 Time-Process,strong_revised,First half historicizes different functions of inherited causal terms; second half accepts prevailing semantic function while leaving textual/etymological genealogy unresolved. Both separate explanatory levels and calibrate evidence; 1902 generalizes genealogy/transmission versus logical/configurational function,Use as paper-level methodological continuity without proto-unit-idea terminology,,,,,,,,,,,,,,
research_notes/lovejoy_orientalist_source_register_batch41_delta.csv,41,2,8,1872-1875,near_primary_reproduction,strict_core,R. C. Childers A Dictionary of the Pali Language Upādiseso,modernized reproduction in Ananda W. P. Guruge From the Living Fountains of Buddhism; original public-domain dictionary object located,high_confidence_text_original_page_pending,"Entry derives upādi from upādā, names it as five khandhas, and defines upādisesa/anupādisesa physically as skandhas remaining/not remaining; this is the lexical-semantic package Lovejoy labels usual view",Recover original facsimile page before final publication quotation; current reproduction adequate for source mapping,,,,,,,,,,,,,,
research_notes/lovejoy_orientalist_source_register_batch41_delta.csv,41,3,8,1894,primary_target,strict_core,T. W. Rhys Davids Buddhism revised edition upādi formulation,Open Library OL7111602M; IA buddhismbeingske00daviiala,object_confirmed_exact_locus_pending,Lovejoy quotes Rhys Davids: comprehensive name for skandhas is upādi derived from upāda in allusion to upādāna; exact original page not yet pinned,Search scan for upadi/skandhas/comprehensive name; if absent check Hibbert Lectures,,,,,,,,,,,,,,
research_notes/lovejoy_orientalist_source_register_batch41_delta.csv,41,4,8,1884,primary_target,strict_core,Edward Müller A Simplified Grammar of the Pali Language p30,Open Library OL14042167M; IA simplifiedgramma00mulliala; Wikimedia Commons full scan,object_and_target_page_confirmed_text_pending,Lovejoy cites Müller p30 for Sanskrit upadhi ≈ Pali upādi side of etymological fork,Recover printed p30 plus adjacent page; use exact wording to test Lovejoy's characterization,,,,,,,,,,,,,,
research_notes/lovejoy_orientalist_source_register_batch41_delta.csv,41,5,8,1896,primary_target,strict_core,Joseph Dahlmann Nirvāṇa p14,Google Books heNAAAAAYAAJ full view,object_and_target_page_confirmed_text_pending,Lovejoy cites Dahlmann p14 together with Müller as treating Sanskrit upadhi as equivalent to Pali upādi,Recover pp13-15; compare whether Dahlmann uses derivation semantic equivalence or historical-systematic equivalence,,,,,,,,,,,,,,
research_notes/lovejoy_orientalist_source_register_batch41_delta.csv,41,6,8,1898,primary_authorial_method,history_of_ideas,Lovejoy usage-over-etymology arbitration,JAOS 19 pp133-136; NTU/DLBS full text,confirmed_primary,"Lovejoy explicitly sets Müller/Dahlmann against Böhtlingk/Childers/Rhys Davids, says both derivations are etymologically possible, and transfers semantic adjudication to usage; final contradiction remains unresolved",Use as concrete rule: underdetermined genealogy cannot by itself settle current semantic function,,,,,,,,,,,,,,
research_notes/lovejoy_orientalist_source_register_batch41_delta.csv,41,7,8,1882-1898,interpretive_model,history_of_ideas,Lexical genealogy versus semantic function,Oldenberg 1882 + Childers/RhysDavids + Müller/Dahlmann + Lovejoy 1898,strong_revised,Oldenberg resolves ambiguity with confident orthographic upādi=upadhi hypothesis; Lovejoy adopts ethical semantics but brackets exact genealogy and calibrates confidence from usage,Pair with Hardy causal case as two forms of explanatory-level separation before 1902,,,,,,,,,,,,,,
research_notes/lovejoy_orientalist_source_register_batch42_delta.csv,42,2,8,1896,primary,strict_core,Émile Senart — nidāna historical anatomy p.288,"À propos de la théorie bouddhique des douze nidânas, Mélanges Charles de Harlez, pp281-297; uploaded primary",confirmed_primary,"Senart already decomposes the formula into a tṛṣṇā/upādāna core, natural extensions, Sāṁkhya borrowing and alleged skandha repetition; decomposition/layering cannot be claimed as Lovejoy-specific",Use as upstream control in 004 paper; cite exact p288,,,,,,,,,,,,,,
research_notes/lovejoy_orientalist_source_register_batch42_delta.csv,42,3,8,1896,primary,strict_core,Émile Senart — upadhi/upādi lexical genealogy p.293,À propos de la théorie bouddhique des douze nidânas; uploaded primary,confirmed_primary,Shows semantic/formal comparison and term genealogy are already part of the live controversy; Senart uses lexical relations to reconstruct borrowing and stratification,Compare directly with Lovejoy 1898 p134; recover Dahlmann p14 for the opposed derivational line,,,,,,,,,,,,,,
research_notes/lovejoy_orientalist_source_register_batch42_delta.csv,42,4,8,1896,primary_method,strict_core,Émile Senart — analyse et filiation des termes / stratification manifesto p.295,À propos de la théorie bouddhique des douze nidânas; uploaded primary,confirmed_primary,"Major historiographical correction: Senart explicitly advocates analysis and filiation of terms, warns against over-reading inherited nomenclature, and posits successive textual stratifications; genealogy/term-analysis are not Lovejoy inventions",Make p295 principal source-control foil; frame Lovejoy difference as restriction of genealogical inference rather than presence/absence of historical method,,,,,,,,,,,,,,
research_notes/lovejoy_orientalist_source_register_batch42_delta.csv,42,5,8,c1896-1898,archive_primary,strict_core,MS38_004 p49 — composite provenance versus intelligible arrangement,JHU MS-0038 corrected transcription p037-054,confirmed_archive_argument,"Lovejoy grants borrowed/non-original terms, heterogeneous categories and nonhomogeneous temporal ordering but denies that these facts entail unintelligibility or accidental arrangement; strongest notebook instance of divided evidentiary burden",Use alongside Senart p295; preserve medium-confidence wording of discoverable technical system,,,,,,,,,,,,,,
research_notes/lovejoy_orientalist_source_register_batch42_delta.csv,42,6,8,1897,primary_target,strict_core,"Hermann Jacobi review of Joseph Dahlmann, Nirvāṇa","Göttingische Gelehrte Anzeigen 159 (1897), esp. pp268,272; Jacobi 1898 backward citations; Göttingen Academy full-year digitization",bibliographically_confirmed_text_pending,Jacobi 1898 explicitly sends readers back to his 1897 review at pp268 and 272; likely the tightest bridge from Dahlmann 1896 to Jacobi's 1898 Sāṁkhya/Nirvāṇa position,Retrieve printed pp268-272 from official first-volume PDF or IA full-year scan; do not infer claims until direct text controlled,,,,,,,,,,,,,,
research_notes/lovejoy_orientalist_source_register_batch42_delta.csv,42,7,8,1897,reception_context,strict_core,Dahlmann Nirvāṇa substantial contemporary notice,"Wiener Zeitschrift für die Kunde des Morgenlandes 11 (1897), pp190-197",bibliographically_confirmed_text_pending,Documents active reception of Dahlmann before the 1898 controversy; later von Schroeder reference strongly suggests his authorship but heading still needs direct verification,Retrieve pp190-197 and identify reviewer/title; use only as controversy context unless Lovejoy access is separately shown,,,,,,,,,,,,,,
research_notes/lovejoy_orientalist_source_register_batch42_delta.csv,42,8,8,1897,reception_context,strict_core,Dahlmann Nirvāṇa contemporary book notice,"Journal of the Royal Asiatic Society 29.2 (Apr 1897), pp407-410; DOI 10.1017/S0035869X00145927",bibliographically_confirmed_text_pending,Provides another contemporary reception witness for the exact 1896 book in the English-language Orientalist ecology,Retrieve notice and reviewer; compare only after primary text extraction,,,,,,,,,,,,,,
research_notes/lovejoy_orientalist_source_register_batch42_delta.csv,42,9,8,1898,primary_method,strict_core,Lovejoy — etymology underdetermines upādi meaning,"The Buddhistic Technical Terms upādāna and upādisesa, JAOS 19:126-136",confirmed_primary,Lovejoy explicitly says rival derivations may both be etymologically possible and therefore meaning must be settled without reference to etymology; published rule cleanly separates derivation/filiation evidence from semantic-usage evidence,Use as strongest published formulation of divided evidentiary burden; recover Müller p30 and Dahlmann p14 for exact lexical forks,,,,,,,,,,,,,,
research_notes/lovejoy_orientalist_source_register_batch42_delta.csv,42,10,8,1902,primary_method,strict_core,Lovejoy — resemblance versus historical transmission control,"Religion and the Time-Process, American Journal of Theology 6:439-472; full primary previously recovered",confirmed_primary,Analogous scale expansion: structural resemblance between Aristotle/Vedānta or Neoplatonism/Oriental thought does not itself establish borrowing when an internal genealogy explains the conception; article also self-cites the 1898 Buddhist paper,"Build sentence-level 1898→1902 evidentiary-burden concordance; present as operational continuity, not proto-unit-idea terminology",,,,,,,,,,,,,,
research_notes/lovejoy_orientalist_source_register_batch43_delta.csv,43,2,8,1897,primary_target,strict_core,"Hermann Jacobi — review of Joseph Dahlmann, Nirvāṇa","Göttingische Gelehrte Anzeigen 159 (1897), printed pp268-272; Jacobi 1898 self-citations; Göttingen Academy digital object; IA mirror",bibliographically_confirmed_exact_pages_text_pending,Jacobi 1898 explicitly points back to his own 1897 Dahlmann notice at pp268 and 272; this is the tightest pre-1898 bridge between Dahlmann's Nirvāṇa genealogy and Jacobi's Sāṁkhya/nidāna argument,Manually retrieve printed pp267-273; transcribe only relevant claims and map each to Jacobi 1898,,,,,,,,,,,,,,
research_notes/lovejoy_orientalist_source_register_batch43_delta.csv,43,3,8,1897,primary_access,strict_core,Göttingische Gelehrte Anzeigen 1897 first-volume digital object,Göttingen Academy repository handle 11858/00-001S-0000-0023-BEBB-3; DOI 10.26015/adwdocs-374,confirmed_digital_object_binary_auto_fetch_blocked,"Exact official first-volume PDF route identified; automated binary fetch failed under current DNS/cache restrictions, making this a genuine manual handoff rather than an unresolved bibliography",Use official direct first-volume PDF; upload pp267-273 only,,,,,,,,,,,,,,
research_notes/lovejoy_orientalist_source_register_batch43_delta.csv,43,4,8,1897,primary_access,strict_core,Göttingische Gelehrte Anzeigen 1897 full-year IA mirror,Internet Archive GoettingischeGelehrteAnzeigen1897-1-2; source Google Books FmE1AQAAMAAJ,confirmed_digital_object_derivative_auto_fetch_blocked,Full-year public-domain mirror with PDF/OCR derivatives provides fallback route for Jacobi review pages,Download PDF or djvu text manually; extract printed pp267-273,,,,,,,,,,,,,,
research_notes/lovejoy_orientalist_source_register_batch43_delta.csv,43,5,8,1896,primary_target,strict_core,"Joseph Dahlmann, Nirvāṇa p14 lexical/genealogical claim",Google Books heNAAAAAYAAJ; DDB/BSB urn:nbn:de:bvb:12-bsb11809646-9,confirmed_full_view_page_text_pending,"Lovejoy 1898 explicitly cites p14 on the upadhi/upādi derivational fork; direct page control is needed to determine whether Dahlmann asserts identity, phonological possibility, or a narrower historical claim",Retrieve printed pp13-15 and collate against Lovejoy p134 and Jacobi 1897/1898,,,,,,,,,,,,,,
research_notes/lovejoy_orientalist_source_register_batch43_delta.csv,43,6,8,1897,reception_context,strict_core,Dahlmann Nirvāṇa notice — WZKM,"Wiener Zeitschrift für die Kunde des Morgenlandes 11 (1897), pp190-197",bibliographically_confirmed_text_pending,Substantial contemporary Austro-German reception witness; useful for field ecology but not Lovejoy-access evidence,Retrieve only after Jacobi review unless trivial; verify reviewer heading before attribution,,,,,,,,,,,,,,
research_notes/lovejoy_orientalist_source_register_batch43_delta.csv,43,7,8,1897,reception_context,strict_core,Dahlmann Nirvāṇa notice — JRAS,"Journal of the Royal Asiatic Society 29.2 (Apr 1897), pp407-410; DOI 10.1017/S0035869X00145927",bibliographically_confirmed_text_pending,English-language contemporary reception of the same book; can test how the genealogy was represented outside German-language debate,Retrieve notice/reviewer after P0 sources; do not infer Lovejoy reading,,,,,,,,,,,,,,
research_notes/lovejoy_orientalist_source_register_batch44_delta.csv,44,2,8,1898-1910,reception_search,strict_core,Immediate reception of Lovejoy 1898 Buddhist article,Targeted title/author/technical-term web sweep; specialist bibliography discovery aids,unlocated_not_absent,"No page-verifiable contemporary review/citation recovered yet; preserve as negative search result only, not evidence of no reception",Move to source-bounded JAOS/JRAS/PTS/ZDMG/Journal Asiatique bibliographical matter and adjacent specialist articles,,,,,,,,,,,,,,
research_notes/lovejoy_orientalist_source_register_batch44_delta.csv,44,3,8,1903,primary_reception_target,strict_core,"Louis de La Vallée Poussin, Les trois asaṃskṛtas","Album Kern (Leiden, 1903)",bibliographically_confirmed_text_check_pending,Chronologically adjacent Abhidharma/Nirvāṇa work and high-value candidate for early uptake of Lovejoy/Oldenberg terminology,"Retrieve/search full text for Lovejoy, upādi, upadhi, Oldenberg",,,,,,,,,,,,,,
research_notes/lovejoy_orientalist_source_register_batch44_delta.csv,44,4,8,1905,primary_reception_target,strict_core,"J. Takakusu, The Abhidharma Literature, Pali and Chinese","Journal of the Royal Asiatic Society (1905), pp160-162",bibliographically_confirmed_text_check_pending,Another adjacent specialist publication in the post-1898 Abhidharma field,Inspect exact pages/notes for Lovejoy or the upādāna/upādisesa controversy,,,,,,,,,,,,,,
research_notes/lovejoy_orientalist_source_register_batch44_delta.csv,44,5,8,2000s,reception_historiography,strict_core,Modern Oldenberg–Lovejoy–Masefield upādi interpretation line,Modern doctrinal-history study of Nirvāṇa / upādi-upadhi,confirmed_later_reception,"Later scholarship explicitly groups Oldenberg, Lovejoy and Masefield as advocates of subjective/ethical upādi and cites Lovejoy 1898 p134; establishes later disciplinary afterlife while also criticizing limits of the interpretation",Use only as later reception and historiographical control; do not back-project to immediate influence,,,,,,,,,,,,,,
research_notes/lovejoy_orientalist_source_register_batch44_delta.csv,44,6,8,2017-2026,historiography,strict_core,Klaus Karttunen Lovejoy entry — 'apparently never returned to Buddhist studies',Persons of Indian Studies,current_reference_but_incomplete,"Entry lists only 1898 specialist publication; project primary/bibliographic evidence shows 1901 Buddhism syllabus and 1902 explicit Buddhist self-reuse, so the reference under-registers continuing engagement",Use modestly as historiographical gap; verify 1901 syllabus primary when possible,,,,,,,,,,,,,,
research_notes/lovejoy_orientalist_source_register_batch45_delta.csv,45,2,8,1902,primary_parallel,strict_core,Louis de La Vallée Poussin — Dogmatique bouddhique: La négation de l'âme et la doctrine de l'acte,"Journal asiatique 9e série t20, pp237-306; Wikisource facsimile/transcription",confirmed_primary,Near-contemporary specialist control: karman/no-self conflict; p253 says not to demand finished Sanskrit-school systematization from Tipiṭaka while allowing germ of later dogmatics; parallels 004 heterogeneity/intelligibility tension without proving influence,Search article systematically for Lovejoy/upādāna/upadhi and use only as parallel unless citation recovered,,,,,,,,,,,,,,
research_notes/lovejoy_orientalist_source_register_batch45_delta.csv,45,3,8,1903,primary_parallel,strict_core,Louis de La Vallée Poussin — Nouvelles recherches sur la doctrine de l'acte,Journal asiatique 10e série t2; Wikisource facsimile/transcription,confirmed_primary,"P367 acknowledges mysteries/incomprehensibility of pratītyasamutpāda, then says this makes exegesis safer and decomposes causal questions of traces, ripening, sterility, interruption; strong control against heroic Lovejoy-coherence claim",Build causal-role comparison with 004/1898; no Lovejoy indexed hit currently recovered,,,,,,,,,,,,,,
research_notes/lovejoy_orientalist_source_register_batch45_delta.csv,45,4,8,1913,primary_problem_afterlife,strict_core,La Vallée Poussin — Théorie des douze causes,"Bouddhisme études et matériaux (Gand, 1913); Wikisource",confirmed_primary,"§III says detailed link explanations may be individually plausible but incompatible as a whole, then surveys organic syntheses without deciding whether first redactors fully understood the chain; explicitly separates historical-origin question from systematic synthesis",Use as problem-afterlife/novelty control; search direct citations separately,,,,,,,,,,,,,,
research_notes/lovejoy_orientalist_source_register_batch45_delta.csv,45,5,8,1913,primary_reception_signal,strict_core,Poussin reuse of Senart in Théorie des douze causes,Wikisource Chapter 1 and §III,confirmed_primary,"Poussin directly cites Senart Mélanges Harlez p293 for difficult terminology and p289 for wheel/chain issue; current indexed searches produce no Lovejoy hit, so problem survival is clearer than direct Lovejoy uptake",Do not infer absence; inspect full text/footnotes if direct reception becomes central,,,,,,,,,,,,,,
research_notes/lovejoy_orientalist_source_register_batch45_delta.csv,45,6,8,1905-1906,primary_reception_target,strict_core,La Vallée Poussin — Deux notes sur le Pratītyasamutpāda,"XIVe Congrès international des orientalistes, Alger 1905, Acts vol1 pp193-203, printed 1906; Wikisource/Gallica object",confirmed_primary_object_text_check_pending,Directly on the central 004 problem and chronologically close; high-value next target for Senart/Oldenberg/Jacobi/Lovejoy citation check,Read pp193-203 fully and map whole-chain interpretation; keep reception vs parallel evidence separate,,,,,,,,,,,,,,
research_notes/lovejoy_orientalist_source_register_batch46_delta.csv,46,2,8,1913,primary_method_control,strict_core,La Vallée Poussin — analysis not necessarily historical value,"Bouddhisme études et matériaux: Théorie des douze causes, Note préliminaire; Wikisource facsimile/transcription",confirmed_primary,Explicitly says analysis is indispensable for intelligibility through logical/intelligible reconstruction but does not necessarily reconstruct real historical development beyond plausibility; near-perfect later field control for Lovejoy genealogy/configuration distinction,Use as later field control only; compare with Lovejoy 1907 logical vs chronological sequence,,,,,,,,,,,,,,
research_notes/lovejoy_orientalist_source_register_batch46_delta.csv,46,3,8,1913,primary_method_control,strict_core,Poussin task separation: general meaning vs origins vs exact terms vs systematizations,"Théorie des douze causes, Note préliminaire",confirmed_primary,Separates different research questions and refuses to let uncertain origin/term-history problems block analysis of philosophical scope/systematizations; explicit division of evidentiary burdens,Add to logic-history concordance; do not use as upstream influence,,,,,,,,,,,,,,
research_notes/lovejoy_orientalist_source_register_batch46_delta.csv,46,4,8,1913,reception_signal,strict_core,Poussin survey of Western pratītyasamutpāda interpretation,"Théorie des douze causes, Note préliminaire notes; directs readers to Oltramare 1909",confirmed_primary_negative_signal,"Visible predecessor/survey lists name Oldenberg Senart Oltramare Garbe Jacobi Walleser Pischel Rhys Davids Kern Burnouf Hardy Childers Warren but no Lovejoy; useful signal only, not proof of omission from all literature",Make Oltramare 1909 full pamphlet P0 reception target and search directly for Lovejoy,,,,,,,,,,,,,,
research_notes/lovejoy_orientalist_source_register_batch46_delta.csv,46,5,8,1909,primary_reception_target,strict_core,Paul Oltramare — La formule bouddhique des douze causes,"Genève Georg & Cie 1909, 53 pp.; HathiTrust record 001394212; UNIGE archive PU73; RelBib",bibliographically_confirmed_full_text_pending,Poussin 1913 calls it an excellent summary of Western interpretation; direct Lovejoy search could yield first secure early reception or a meaningful specialist-survey omission,Retrieve full 53 pp if possible; search Lovejoy/upādāna/upādisesa/Senart/Oldenberg/Warren/Hardy/Childers,,,,,,,,,,,,,,
research_notes/lovejoy_orientalist_source_register_batch46_delta.csv,46,6,8,1910,primary_network_context,strict_core,La Vallée Poussin review of Oltramare,"JRAS 42.1:201-206, DOI 10.1017/S0035869X00081958",confirmed_primary_preview,Review note says Pali-reference 'true light' came recently from Cambridge (Mass.) and refers to 'our excellent friend Professor Lanman'; confirms later European specialist connection to Lanman's Harvard milieu but not Lovejoy transmission,Use only as later network context; search full review for Lovejoy if facsimile becomes available,,,,,,,,,,,,,,
research_notes/lovejoy_orientalist_source_register_batch47_delta.csv,47,2,8,1905-1906,primary_parallel,strict_core,La Vallée Poussin — Deux notes sur le Pratītyasamutpāda,"Actes du XIVe Congrès international des Orientalistes, Alger 1905, vol1, Paris 1906, pp193-203; Gallica bpt6k6580445k; Commons/Wikisource",primary_object_confirmed_opening_OCR_recovered,"Opening says formula consists of arbitrarily associated formulas suggesting successive stratifications (after Senart), almost every term is hazardous, and Senart/Garbe/Jacobi/Oldenberg illuminated difficulties; Buddhist exegetes tried to put order into initial incoherence and introduce logic",Facsimile-check printed pp193-195 when convenient; use as later field control not upstream source,,,,,,,,,,,,,,
research_notes/lovejoy_orientalist_source_register_batch47_delta.csv,47,3,8,1905-1906,primary_method_control,strict_core,Poussin — stratification plus systematization in same paper,"Deux notes sur le Pratītyasamutpāda, opening pp193-195",opening_argument_secure_exact_orthography_pending,Critical novelty control: one scholar can affirm arbitrary association/successive strata/initial incoherence while still studying exegetical ordering; historical compositeness and systematic reconstruction are not opposed scholarly camps,"Use to frame Lovejoy contribution as documentary microgenesis/evidentiary allocation, not unique rescue of coherence",,,,,,,,,,,,,,
research_notes/lovejoy_orientalist_source_register_batch47_delta.csv,47,4,8,1905-1906,primary_parallel,strict_core,Poussin — past/present/future nidāna distribution,"Deux notes sur le Pratītyasamutpāda, second note pp195ff; later reused in 1913",confirmed_problem_statement_later_full_model_confirmed,Second problem explicitly concerns distribution of nidānas across past present future and claims an orthodox doctrine; later 1913 distinguishes this temporal allocation from kleśa/karman/vipāka causal categories and other models,Compare with Lovejoy 1898 nonhomogeneous temporal-sequence statement; do not equate three-life allocation with simple chronology,,,,,,,,,,,,,,
research_notes/lovejoy_orientalist_source_register_batch47_delta.csv,47,5,8,1905-1906,reception_signal,strict_core,Poussin named recent authorities on nidāna problem,Deux notes opening,negative_signal_not_absence,"Poussin explicitly names Senart, Garbe, Jacobi, Oldenberg as illuminating the difficulties; no Lovejoy hit currently recovered from searches, despite exact problem overlap",Full-text/facsimile search pp193-203 before making any stronger omission claim,,,,,,,,,,,,,,
research_notes/lovejoy_orientalist_source_register_batch47_delta.csv,47,6,8,1906,primary_access,strict_core,Actes XIVe Congrès full facsimile,"Wikimedia Commons file; Gallica source bpt6k6580445k; 546-page DjVu, 67.58MB",confirmed_public_domain,Wikisource index maps Poussin article to printed pp193-203; p193 around DjVu page209; clean page packet can be manually sliced if publication-grade citation needed,Manual P1 cleanup only; not research-blocking,,,,,,,,,,,,,,
research_notes/lovejoy_orientalist_source_register_batch48_delta.csv,48,2,8,c1896-1898,archive_primary,strict_core,MS38_004 p21 bhava = continued existence,corrected p019-036 transcription,confirmed_archive,Notebook glosses bhava as continued existence and ties it specifically to jati/jaramarana before later Hardy fact/manner analysis; direct precursor to published 9→10 temporal hinge,Use with pp27-28 and p33 as notebook architecture sequence,,,,,,,,,,,,,,
research_notes/lovejoy_orientalist_source_register_batch48_delta.csv,48,3,8,c1896-1898,archive_primary,strict_core,MS38_004 pp27-28 links 3-8 present sentient complex,corrected p019-036 transcription,confirmed_archive,Lovejoy diagrammatically maps consciousness→namarupa→sense organs→contact→sensation→desire and says rebirth brings new namarupa; supports present-complex interpretation without simple chronology,Integrate into temporal architecture microgenesis,,,,,,,,,,,,,,
research_notes/lovejoy_orientalist_source_register_batch48_delta.csv,48,4,8,1898,primary,strict_core,Lovejoy three-life partition 2-7-3,"The Buddhistic Technical Terms upadana and upadisesa, JAOS 19",confirmed_primary,"Article says chain is not strict temporal sequence yet broadly allocates 1-2 past, 3-9 present, 10-12 future; makes upadana hinge and bhava first future/renewal term",Do not claim novelty; compare competing Oldenberg/Warren/commentarial models,,,,,,,,,,,,,,
research_notes/lovejoy_orientalist_source_register_batch48_delta.csv,48,5,8,1895,contemporary_context,strict_core,L. A. Waddell 9→10 boundary and Oldenberg bhava relay,The Buddhism of Tibet or Lamaism / related JRAS discussion,secure_contemporary_relay_facsimile_cleanup_pending,"Waddell says life-history runs through link9, then quotes/criticizes Oldenberg link10 bhava as rebirth/continuance for another existence; proves pre-Lovejoy availability of 9→10 boundary",Direct-check Waddell p117/JRAS and underlying Oldenberg locus before final quotation; no Lovejoy-reading inference,,,,,,,,,,,,,,
research_notes/lovejoy_orientalist_source_register_batch48_delta.csv,48,6,8,1893,primary_target,strict_core,Henry Clarke Warren AOS Proceedings p.xxvii — cause/time warning,Proceedings AOS Apr 6-8 1893; Lovejoy later cites JAOS XVI pxxvii; Waddell 1895 relay,direct_page_pending_contemporary_relay_secure,"Waddell relays Warren warning that cause is used too strictly, time should have secondary role, paccaya flexible/different senses; exceptionally close to Lovejoy 1898 'not strict temporal sequence' and same page is cited by Lovejoy for desire/attachment identity",Recover printed xxvi-xxviii before asserting direct dependence,,,,,,,,,,,,,,
research_notes/lovejoy_orientalist_source_register_batch48_delta.csv,48,7,8,1896,primary_context,strict_core,Warren Buddhism in Translations / Visuddhimagga causal packet,"Buddhism in Translations, three-life causal analysis",confirmed_source_packet,Preserves competing standard scholastic architecture later summarized as 2-8-2 with bhava in present karma-existence; shows Lovejoy 2-7-3 not mechanically inherited from standard commentarial model,"Describe as translated/commentarial source model, not necessarily Warren personal endorsement",,,,,,,,,,,,,,
research_notes/lovejoy_orientalist_source_register_batch48_delta.csv,48,8,8,1882,primary_target,strict_core,Oldenberg exact bhava rendering underlying Waddell,Buddha English/German editions; exact locus pending,known_via_contemporary_relay_direct_locus_pending,Likely upstream interpretive line placing bhava on renewal/future side; Lovejoy demonstrably used Oldenberg generally but direct dependence for temporal partition not established,Locate exact page/wording in 1882 English or German text,,,,,,,,,,,,,,
research_notes/lovejoy_orientalist_source_register_batch75_delta.csv,75,2,8,1902,published_primary,004_005_1902,Lovejoy self-citation from Religion and the Time-Process to Buddhist technical paper,American Journal of Theology 6.3 pp442-443; JSTOR 3153919,confirmed_primary_title_volume_numeral_visual_check_pending,Lovejoy himself makes the earlier Buddhist technical analysis an explicit foundation for the 1902 Buddhist psychology section; authorial bridge replaces purely retrospective linkage,Check whether footnote visually prints JAOS XVIII or OCR misreads XIX,,,,,,,,,,,,,,
research_notes/lovejoy_orientalist_source_register_batch75_delta.csv,75,3,8,1902,published_method,004_005_1902,Buddhism and Platonism logical comparison,Religion and the Time-Process pp444-445,confirmed_primary,Lovejoy retains a cross-cultural relation at the level of logical essence while insisting on different form; comparison need not imply formal identity or genealogy,Use as publication endpoint for lower-level comparison retained after identity withdrawn,,,,,,,,,,,,,,
research_notes/lovejoy_orientalist_source_register_batch75_delta.csv,75,4,8,1902,published_method,004_005_1902,Aristotle and Vedanta affinity versus Oriental influence,Religion and the Time-Process pp446-447,confirmed_primary_key_case,Lovejoy calls affinity obvious but rejects Oriental influence as gratuitous because internal Platonic development supplies sufficient genealogy; direct published instance of affinity not licensing transmission,Make central article example for proof-level separation,,,,,,,,,,,,,,
research_notes/lovejoy_orientalist_source_register_batch75_delta.csv,75,5,8,1902,published_method,004_005_1902,Neoplatonist temperament versus logical import,Religion and the Time-Process p447,confirmed_primary,Lovejoy separates religious/mystical temperament and rhetoric from logical import before assigning internal Greek genealogy; evidentiary object is decomposed before provenance claim,Compare with 005 form-versus-mechanism partition,,,,,,,,,,,,,,
research_notes/lovejoy_orientalist_source_register_batch75_delta.csv,75,6,8,1902,published_historical_decomposition,004_005_1902,Developed Christianity as Judeo-Christian and Hellenic conjunction,Religion and the Time-Process pp447-449,confirmed_primary,A historical system is reconstructed as a combination of components with distinct provenances and opposed implications for temporal process; current system does not erase source differentiation,Use to show scale expansion from mechanism separation to system recombination,,,,,,,,,,,,,,
research_notes/lovejoy_orientalist_source_register_batch75_delta.csv,75,7,8,1902,published_historical_decomposition,004_005_1902,Royce survival of ancient perfectionist presupposition and warring categories,Religion and the Time-Process pp469-470,confirmed_primary,Modern idealism is decomposed into a modern concrete-world motive and a surviving ancient timeless-perfection motive; Lovejoy explicitly treats the system as a combination of incompatible categories,Keep as pre-unit-idea operational evidence; avoid projecting mature terminology backward,,,,,,,,,,,,,,
research_notes/lovejoy_orientalist_source_register_batch75_delta.csv,75,8,8,1898-1902,interpretive_model,004_005_1902,Proof-level operator scale expansion,Batches 70 73 75,strong_cross_stage_reconstruction,004 textual witness→semantic relation→function→dependence; 005 report→class→mechanism→genealogy; 1902 affinity→logical motive→genealogy test→recombination/survival. Lower-level comparability can survive higher-level genealogy rejection,Next test Primitive Energetics 1906 as endpoint in comparative causal-category abstraction,,,,,,,,,,,,,,
research_notes/lovejoy_orientalist_source_register_batch76_delta.csv,76,2,8,1906,published_method,005_1906,Theory verification and qualification,Lovejoy Fundamental Concept of Primitive Philosophy p359; uploaded monist190616324.pdf,confirmed_primary,Lovejoy explicitly distinguishes broad theoretical statement from evidence that verifies it and qualifications that restrict it; conceptual coherence is not treated as self-validating,Use as published counterpart to notebook proof-threshold calibration,,,,,,,,,,,,,,
research_notes/lovejoy_orientalist_source_register_batch76_delta.csv,76,3,8,1906,published_method,005_1906,First-stage linguistic evidence,Fundamental Concept p362; monist190616324.pdf,confirmed_primary,Lovejoy makes native vocabulary the first evidentiary stage for showing that a universal impersonal communicable-energy conception actually exists before interpreting its ritual applications,Build source-function matrix of linguistic authorities,,,,,,,,,,,,,,
research_notes/lovejoy_orientalist_source_register_batch76_delta.csv,76,4,8,1906,published_method,005_1906,Vera causa and independent evidence,Fundamental Concept p377; monist190616324.pdf,confirmed_primary_key_case,Lovejoy says the explanatory conception is not merely inferred from the customs used to explain it but independently evidenced; strongest explicit anti-circular proof rule yet found,Make central methodological endpoint for 004-005-1902-1906 argument,,,,,,,,,,,,,,
research_notes/lovejoy_orientalist_source_register_batch76_delta.csv,76,5,8,1906,published_method,005_1906,Reciprocal corroboration language and customs,Fundamental Concept p377; monist190616324.pdf,confirmed_primary,Linguistic evidence and analysis/comparison of customs are assigned different jobs and then used to corroborate/illuminate one another; supports cross-evidential triangulation model,Classify citations by linguistic-existence versus ritual-application function,,,,,,,,,,,,,,
research_notes/lovejoy_orientalist_source_register_batch76_delta.csv,76,6,8,1906,published_method,005_1906,One causal conception with heterogeneous applications,Fundamental Concept p377; monist190616324.pdf,confirmed_primary,Lovejoy allows one cross-cutting mana/manitou conception to underlie practices in different manners and for different reasons; abstraction does not erase local mechanism plurality,Compare exact 1906 application list against 005 mechanism matrix,,,,,,,,,,,,,,
research_notes/lovejoy_orientalist_source_register_batch76_delta.csv,76,7,8,1898-1906,interpretive_model,004_005_1902_1906,Cross-evidential triangulation,Batches 70 73 75 76,strong_cross_stage_reconstruction,Higher-level propositions repeatedly require a new evidence class: contextual usage controls semantic/genealogical claims; provenance/chronology control ethnographic history; internal genealogy controls diffusion; native language independently controls causal category before rite analysis,Next audit 1906 citation architecture source-by-source,,,,,,,,,,,,,,
research_notes/lovejoy_orientalist_source_register_batch77_delta.csv,77,2,8,1906,published_source_criticism,1906,McGee wakonda evidence,Lovejoy Fundamental Concept pp363-364; monist190616324.pdf,confirmed_primary,Lovejoy calls McGee clear/trustworthy for use and meaning yet immediately says he fails to separate semantic essence from secondary connotations; even high-trust sources have proposition-specific ceilings,Use as key example that source reliability is not global,,,,,,,,,,,,,,
research_notes/lovejoy_orientalist_source_register_batch77_delta.csv,77,3,8,1906,published_source_criticism,1906,Alice C Fletcher Omaha evidence,Fundamental Concept p364ff; monist190616324.pdf,confirmed_primary,Specialist evidence strongly supports common transferable life while Lovejoy corrects an over-narrow will-power interpretation; strong field source can be evidentially retained and analytically revised,Collate exact Fletcher wording for publication quotation,,,,,,,,,,,,,,
research_notes/lovejoy_orientalist_source_register_batch77_delta.csv,77,4,8,1906,published_source_criticism,1906,M V P Osage account,Fundamental Concept North-American section; monist190616324.pdf,confirmed_primary_exact_quote_recheck_pending,Lovejoy accepts early source for external custom while rejecting/correcting native-term translations and prayer/deity interpretation; cleanest same-document split by proposition type,Recheck exact title/page and wording against facsimile before quotation,,,,,,,,,,,,,,
research_notes/lovejoy_orientalist_source_register_batch77_delta.csv,77,5,8,1906,published_source_criticism,1906,Roger Williams early Manitou witness,Fundamental Concept Algonkin section; monist190616324.pdf,confirmed_primary,Concrete lexical application survives despite missionary/colonial theological gloss; god translation does not carry personal-deity ontology,Add exact printed page in next pass,,,,,,,,,,,,,,
research_notes/lovejoy_orientalist_source_register_batch77_delta.csv,77,6,8,1906,published_source_criticism,1906,Jesuit and Bressani oki evidence,Fundamental Concept p370; monist190616324.pdf,confirmed_primary,Lovejoy explicitly limits early witnesses to concrete applications of oki/manitou and says they do not show an abstract single pervasive property or force; direct proof-threshold statement,Make central source-level evidence for claim-relative admissibility,,,,,,,,,,,,,,
research_notes/lovejoy_orientalist_source_register_batch77_delta.csv,77,7,8,1905-1906,published_source_criticism,1906,W Jones The Algonkin Manitou,Fundamental Concept p370ff; AJFL 1905 183-191,confirmed_primary_introduction_continuation_pending,Lovejoy recruits an important recent special study immediately after stating the evidentiary ceiling of old sources; source resolution rises when proposition becomes stronger,Collate following pages and map exact Jones propositions,,,,,,,,,,,,,,
research_notes/lovejoy_orientalist_source_register_batch77_delta.csv,77,8,8,1898-1906,interpretive_model,005_1906,Proposition-relative source reliability,Batch77 synthesis,strong_source_level_reconstruction,The same source may be admissible for observed custom/lexical occurrence but inadmissible for translation semantic abstraction or causal interpretation; evidentiary authority is allocated at statement level,Test same schema across Oceanic and Bantu source packets,,,,,,,,,,,,,,
research_notes/lovejoy_orientalist_source_register_batch77_delta.csv,77,9,8,1898-1906,interpretive_model,005_1906,Reporter-to-statement granularity shift,Batch68 plus Batch77,strong_developmental_reconstruction,005 makes reporter/date/contact part of datum; 1906 further decomposes each reporter into claim-types with different evidentiary competence,Build direct 005 reporter-class versus 1906 statement-function matrix,,,,,,,,,,,,,,
research_notes/lovejoy_orientalist_source_register_batch78_delta.csv,78,2,8,1905-1906,published_method,1906,W Jones Algonkin grammatical control,Lovejoy Fundamental Concept pp370-371; Jones AJFL 18.70,confirmed_primary,After explicitly limiting old missionary evidence to concrete applications Lovejoy recruits Jones's inanimate-gender morphology and native transfer explanations to license the stronger abstract-property/manitou mechanism claim; Batch77 pending status closed,Compare Jones grammatical proof directly with Hetherwick Yao noun-class proof,,,,,,,,,,,,,,
research_notes/lovejoy_orientalist_source_register_batch78_delta.csv,78,3,8,1902-1906,published_method,1906,Hetherwick Yao noun-class control,Lovejoy Fundamental Concept pp374-375; Hetherwick JAI 32 (1902) 89-95,confirmed_primary_bibliographic_correction,Yao mulungu does not belong to personal noun class and grammatically denotes an inhering property; independent morphological control parallel to Jones strengthens cross-regional linguistic proof,Retrieve Hetherwick original text if exact publication quotation needed,,,,,,,,,,,,,,
research_notes/lovejoy_orientalist_source_register_batch78_delta.csv,78,4,8,1906,published_method,1906,Codrington mana semantic tension,Lovejoy Fundamental Concept pp372-373 and p380; Codrington Melanesians 118-119,confirmed_primary,Best-authority Oceanic evidence supports transferability/efficacy but also calls mana in a way supernatural and ties origination to personal beings; Lovejoy later privileges efficacious/powerful/productive axis over supernormal,Keep adverse personal-origin clause visible; do not claim straightforward Codrington anticipation,,,,,,,,,,,,,,
research_notes/lovejoy_orientalist_source_register_batch78_delta.csv,78,5,8,1906,published_method,1906,Independent-observer minimal-core proof,Lovejoy Fundamental Concept p376,confirmed_primary,Lovejoy explicitly says several observers miss finer ramifications yet near-verbal agreement across distinct races establishes a minimal impersonal/property/transferable-energy core; American evidence shows still more,Use two-tier resolution model in article,,,,,,,,,,,,,,
research_notes/lovejoy_orientalist_source_register_batch78_delta.csv,78,6,8,1906,published_method,1906,Cross-regional proof asymmetry,Lovejoy Fundamental Concept p377,confirmed_primary_key_correction,Lovejoy probabilistically extends richer meanings revealed by accurate North-American observation to corresponding Oceanic/Polynesian/Bantu terms on the basis of surface-usage parallels; vera causa proof is independent but not regionally equal in resolution,Frame as triangulation under asymmetric evidence and test other regional packets,,,,,,,,,,,,,,
research_notes/lovejoy_orientalist_source_register_batch78_delta.csv,78,7,8,1906,bibliographic_control,1906,Hetherwick volume miscitation,Lovejoy p374 footnote versus JSTOR JAI vol32 contents,confirmed_external_control,Lovejoy text appears to cite JAI vol33 p93 while Hetherwick article is securely vol32 1902 pp89-95 DOI 10.2307/2842905; negative control against idealizing citation precision,Check second facsimile only if publication footnote is quoted,,,,,,,,,,,,,,
research_notes/lovejoy_orientalist_source_register_batch78_delta.csv,78,8,8,1905-1906,bibliographic_control,1906,Hollis Eliot Masai attribution,Lovejoy p375; Hollis The Masai 1905 Introduction by Sir Charles Eliot p xix,strong_primary_bibliographic_control,Lovejoy says Mr Hollis suggests the interpretive conclusion about undeveloped personality but passage lies in Eliot's introduction and refers to Mr Hollis's collection in third person; likely collector/introduction-author collapse,Verify p xix facsimile if used as a formal erratum claim,,,,,,,,,,,,,,
research_notes/lovejoy_orientalist_source_register_batch78_delta.csv,78,9,8,1898-1906,interpretive_model,005_1906,Structurally critical but locally uneven,Batch78 synthesis,strong_reconstruction,Lovejoy grades claim types and observer resolution but the final universal comparison sometimes extrapolates high-resolution local semantics across less-resolved regional analogues; local calibration exceeds final synthesis,Build 005-to-1906 source persistence and function-migration matrix,,,,,,,,,,,,,,
research_notes/lovejoy_orientalist_source_register_batch79_delta.csv,79,2,8,1898-1906,source_function_migration,005_1906,Codrington The Melanesians,005 opening bibliography; Lovejoy 1906 pp372-373,confirmed_both_stages,Codrington persists but changes job from broad comparative ethnographic authority to central lexical-semantic mana witness; same source is retooled for vera-causa proof,Build proposition-level 005 Codrington vs 1906 Codrington comparison,,,,,,,,,,,,,,
research_notes/lovejoy_orientalist_source_register_batch79_delta.csv,79,3,8,1898-1906,source_role_shift,005_1906,Daniel G Brinton,005 American Race / Brinton field; Lovejoy 1906 opening,confirmed_field_role_shift,Brinton moves from comparative/corrective authority ecology to representative theoretical target; author persistence does not imply stable authority function,Identify exact Brinton text Lovejoy targets in 1906 if publication needs specificity,,,,,,,,,,,,,,
research_notes/lovejoy_orientalist_source_register_batch79_delta.csv,79,4,8,1898-1906,source_role_shift,005_1906,James G Frazer,005 sacrifice/agriculture theory testing; Lovejoy 1906 p361 and later critique,confirmed,Frazer persists primarily as high-value theoretical foil across both stages; continuity is problem-function not doctrinal dependence,Map exact 005 Frazer propositions to 1906 criticisms,,,,,,,,,,,,,,
research_notes/lovejoy_orientalist_source_register_batch79_delta.csv,79,5,8,1898-1906,scope_reselection,005_1906,Trumbull Kingsley Callaway custom packet,005 blood/foundation/West Africa/Zulu sacrifice sections; full 1906 source audit,strong_from_primary_audit,Custom-rich sources recede from lexical first chapter because they document applications rather than independent conceptual existence; omission is scope-driven deferral not abandonment,Test whether any reappear in later Lovejoy comparative-religion publications,,,,,,,,,,,,,,
research_notes/lovejoy_orientalist_source_register_batch79_delta.csv,79,6,8,1898-1906,functional_replacement,005_1906,Duff MacDonald to Alexander Hetherwick,005 p96 MacDonald; Lovejoy 1906 pp374-375 Hetherwick,confirmed_stage_specific,African evidence shifts from MacDonald's descriptive counterexamples in divine-development theory to Hetherwick's grammatical noun-class evidence for impersonal property; source selection follows proposition type,Recover Hetherwick original article for exact morphology wording,,,,,,,,,,,,,,
research_notes/lovejoy_orientalist_source_register_batch79_delta.csv,79,7,8,1898-1906,new_evidence_channel,005_1906,North-American linguistic specialists,McGee Fletcher Jones Dorsey in Lovejoy 1906 versus 005 reporter/custom packet,confirmed_1906_and_cross_stage,Published paper constructs a new lexical/grammatical/native-explanation channel so mechanism is not inferred solely from customs already in notebook; key evidence of reproof rather than mere republication,Build proposition migration table body-part blood fetish agriculture reporter misclassification,,,,,,,,,,,,,,
research_notes/lovejoy_orientalist_source_register_batch79_delta.csv,79,8,8,1898-1906,interpretive_model,005_1906,Bibliographic reselection by proof function,Batch79 synthesis,strong_reconstruction,Sources persist disappear or are replaced according to evidentiary job; bibliography itself indexes argument stage and proposition burden,Next trace individual propositions from 005 custom source to 1906 independent lexical reproof,,,,,,,,,,,,,,
research_notes/lovejoy_orientalist_source_register_batch80_delta.csv,80,2,8,1898-1906,proposition_migration,005_1906,Selected organs and transferable qualities,005 pp108/119; Lovejoy 1906 p371 Jones,confirmed_cross_document,Notebook mechanism inferred from selected body-part pattern is re-established in print through indigenous explanation that enemy-heart consumption absorbs manitou; mechanism migration accompanied by warrant migration,Source-match individual 005 organ examples if needed,,,,,,,,,,,,,,
research_notes/lovejoy_orientalist_source_register_batch80_delta.csv,80,3,8,1898-1906,proposition_migration,005_1906,Blood and agricultural fertility,005 pp99-105; Lovejoy 1906 reproductive/agricultural sections and p377,confirmed_cross_document,Local fecundative/quasi-mechanical mechanism becomes application of independently evidenced productive-energy category,Map exact 1906 agricultural examples against 005 page-level cases,,,,,,,,,,,,,,
research_notes/lovejoy_orientalist_source_register_batch80_delta.csv,80,4,8,1898-1906,proposition_migration,005_1906,Fetish versus intrinsic amulet efficacy,005 pp84-90; Lovejoy 1906 oki/manitou object evidence,confirmed_cross_document,Notebook spirit-inhabitation versus intrinsic-efficacy distinction gains native lexical support showing power term applied to efficacious object/property,Localize exact 1906 note if quoted,,,,,,,,,,,,,,
research_notes/lovejoy_orientalist_source_register_batch80_delta.csv,80,5,8,1898-1906,proposition_migration,005_1906,Quasi-mechanical causation,005 p105 and earlier direct-nature-action notes; Lovejoy 1906 pp359-361,confirmed_strong,A local mechanism label becomes the published cross-cutting causal category only after Lovejoy adds independent linguistic vera-causa proof,Use as principal mechanism-to-category microhistory,,,,,,,,,,,,,,
research_notes/lovejoy_orientalist_source_register_batch80_delta.csv,80,6,8,1898-1906,source_criticism_migration,005_1906,Report-level to statement-level qualification,005 pp16-19; Lovejoy 1906 MVP Dorsey McGee missionary corrections,confirmed_cross_document,Published apparatus decomposes single witnesses into observed fact lexical occurrence translation semantics and ontology; source reliability becomes proposition-relative,Build exact citation excerpts only for publication drafting,,,,,,,,,,,,,,
research_notes/lovejoy_orientalist_source_register_batch80_delta.csv,80,7,8,1898-1906,interpretive_model,005_1906,Reproof and warrant migration,Batch80 synthesis,strong_reconstruction,005 isolates mechanisms from custom comparison; 1906 gives selected mechanisms an independent lexical grammatical/native-explanatory warrant before returning to customs as applications; stronger propositions require new evidence,Next audit contemporary reception for whether proof architecture or only primitive-energy theory was retained,,,,,,,,,,,,,,
research_notes/lovejoy_orientalist_source_register_batch81_delta.csv,81,2,8,1912,primary published reception,1906 reception,"James H. Leuba, A Psychological Study of Religion",Google Books full-view / Open Library IA psychologicalstu00leubuoft,DIRECT,Names Lovejoy and Monist XVI 357-382; reproduces regular/intelligible-laws thesis and directly contests whether evidence licenses mechanical regularity; recommends Lovejoy as good evidence summary,Collate facsimile pp.74-76 for publication-grade exact punctuation/page mapping,,,,,,,,,,,,,,
research_notes/lovejoy_orientalist_source_register_batch81_delta.csv,81,3,8,1910,primary object + secondary locator,1906 reception,"Irving King, The Development of Religion, ch. VI / p.163",Wikimedia/IA developmentofrel00kingrich; Meylan 2017 locator,PRIMARY OBJECT SECURE; DIRECT LOVEJOY CITATION HOLD,Leuba treats King and Lovejoy as parallel evidence summaries; Meylan reports direct reference and p.163 conclusion that impersonal force is not in itself a religious concept,"Directly collate p.163, chapter VI footnotes, bibliography and index",,,,,,,,,,,,,,
research_notes/lovejoy_orientalist_source_register_batch81_delta.csv,81,4,8,1911,primary published object,1906 reception,"William James / H. M. Kallen, Some Problems of Philosophy",Wabash searchable 1911 text,DIRECT PUBLISHED CITATION; AUTHORSHIP HOLD,"Footnote cites A. O. Lovejoy, Monist xvi 357, alongside Jastrow/Jevons/Frazer/Marett for primitive sympathetic magic; evidence packet assimilation",Inspect James surviving typescripts / Kallen editorial papers if locator emerges to assign footnote authorship,,,,,,,,,,,,,,
research_notes/lovejoy_orientalist_source_register_batch81_delta.csv,81,5,8,1911,primary paratext,editorial provenance,Prefatory Note to Some Problems of Philosophy,1911 published text,DIRECT,States unfinished manuscript was published under James's instructions and H. M. Kallen compared versions and largely prepared book for press; blocks automatic personal attribution of Lovejoy footnote to James,Locate typescript/manuscript if archive-level authorship matters,,,,,,,,,,,,,,
research_notes/lovejoy_orientalist_source_register_batch81_delta.csv,81,6,8,1909,primary published reception node,Marett reception,"R. R. Marett, The Threshold of Religion",Open Library / IA cu31924014376150; searchable reproductions,NEGATIVE SEARCH,Preface visibly answers Wundt on pre-animism; no Lovejoy reference recovered in searchable pass,Full-text serial/book search for Lovejoy/Monist/energetics before stronger negative claim,,,,,,,,,,,,,,
research_notes/lovejoy_orientalist_source_register_batch81_delta.csv,81,7,8,1909,primary review,Marett reception / proof threshold,F. B. Jevons review of The Threshold of Religion,"Folk-Lore 20, Wikisource scan",DIRECT PARALLEL CONTROL,Separates conception of non-personal powers from proof of actual pre-animistic historical stage; no Lovejoy reference in checked pages,Collate full pp.235-241 and search Lovejoy explicitly,,,,,,,,,,,,,,
research_notes/lovejoy_orientalist_source_register_batch81_delta.csv,81,8,8,1909,primary correspondence,Marett reception / historical proof,"Edward Clodd, Pre-Animistic Stages in Religion","Folk-Lore 20 p.354ff, Wikisource scan",DIRECT PARALLEL CONTROL,Says direct prehistoric evidence is non-producible and frames pre-animism as working hypothesis from continuity/residual low-religion evidence,"Use as negative/parallel proof-threshold control, not Lovejoy reception",,,,,,,,,,,,,,
research_notes/lovejoy_orientalist_source_register_batch81_delta.csv,81,9,8,later; exact first citation pending,primary later reception,later reception,C. G. Jung on primitive energetics,Collected Works / searchable editions,DIRECT LATER RECEPTION,"Preserves Lovejoy's primitive energetics, efficacious/powerful/productive and regular/intelligible-law claims, then criticizes treating primitive mana as an abstract concept",Reconstruct edition-by-edition first appearance and distinguish original German revisions from later CW translation,,,,,,,,,,,,,,
research_notes/lovejoy_orientalist_source_register_batch81_delta.csv,81,10,8,1916,primary target not yet collated,later reception,"Nathan Söderblom, Das Werden des Gottesglaubens",Open Library / IA first-edition target,HOLD,"Jung later pairs Söderblom's mana survey with Lovejoy, but no Söderblom->Lovejoy citation recovered",Search first edition directly for Lovejoy/Monist/manitou/energetics before any reception claim,,,,,,,,,,,,,,
research_notes/lovejoy_orientalist_source_register_batch82_delta.csv,82,2,8,1917 text / 1920 reprint object,primary later reception,Lovejoy 1906 reception,"C. G. Jung, revised analytical-psychology text / Collected Papers on Analytical Psychology",Project Gutenberg 48225,DIRECT,"Jung says his primordial-energy-image hypothesis requires historical proof, then adduces dynamistic religions and names Lovejoy's primitive energetics; Lovejoy occupies a proof-bearing evidentiary position",Collate 1913 original and 1917 first printing to determine insertion history,,,,,,,,,,,,,,
research_notes/lovejoy_orientalist_source_register_batch82_delta.csv,82,3,8,1917 text,primary citation,bibliographic reception,Jung footnote [241] to Lovejoy,Project Gutenberg 48225 footnote apparatus,DIRECT,"Footnote gives The Monist vol. xvi p.363; main text names Lovejoy, so source identity is secure",Check 1917 page image for exact typography and whether page 363 is original Jung locator,,,,,,,,,,,,,,
research_notes/lovejoy_orientalist_source_register_batch82_delta.csv,82,4,8,1917,primary paratext,edition history,Constance E. Long editor's preface / Jung author's second-edition preface,Project Gutenberg 48225,DIRECT,Editor preface dated June 1917; Jung says chapter XIV was substantially enlarged from earlier form; blocks claim that Lovejoy first appeared in 1917 without 1913 comparison,Locate 1913 state and first-edition text,,,,,,,,,,,,,,
research_notes/lovejoy_orientalist_source_register_batch82_delta.csv,82,5,8,later; likely 1928 complex,primary later reception target,Jung reception,"Jung, On Psychic Energy / later CW state",searchable later editions / collected works,"DIRECT TEXT, CHRONOLOGY HOLD",Later Jung quotes Lovejoy's efficacious/powerful/productive and regular/intelligible-law claims and criticizes calling primitive mana an abstract concept,Collate Über die Energetik der Seele 1928 first edition and subsequent revisions,,,,,,,,,,,,,,
research_notes/lovejoy_orientalist_source_register_batch82_delta.csv,82,6,8,1916,primary target,Söderblom reception,"Nathan Söderblom, Das Werden des Gottesglaubens",Open Library / IA first-edition target,HOLD,"Jung later uses Söderblom and Lovejoy together, but this does not establish direct Söderblom->Lovejoy reception",Search first edition for Lovejoy/Monist/manitou/Energetik,,,,,,,,,,,,,,
research_notes/lovejoy_orientalist_source_register_batch83_delta.csv,83,2,8,1912,primary published reception,Lovejoy 1906 reception,"James H. Leuba, A Psychological Study of Religion, ch. IV pp.74-81",Google Books C9oHkL4aGQ4C + public searchable OCR reproduction,DIRECT,Directly cites Lovejoy 1906; treats Lovejoy/King as good evidence summaries; rejects quite-regular/intelligible-laws inference; changes evidence channel to child psychology for origin/genesis problem,Facsimile-collate pp.74-81 for publication-grade quotations,,,,,,,,,,,,,,
research_notes/lovejoy_orientalist_source_register_batch83_delta.csv,83,3,8,1912,primary methodological reception,warrant migration,Leuba child-development supplement to anthropology,"A Psychological Study of Religion, ch. IV",DIRECT,Explicitly says psychologist seeking origins turns naturally to child to supplement anthropological data; uses early causal cognition to support independent origin/probable precedence of non-personal causation,Compare with Sully/Stout sources cited by Leuba to locate provenance of developmental argument,,,,,,,,,,,,,,
research_notes/lovejoy_orientalist_source_register_batch83_delta.csv,83,4,8,1912,primary theory,multiple origins,Leuba chapters IV-V,A Psychological Study of Religion,DIRECT,"Separates category existence, causal character, genetic independence, and temporal priority; next chapter rejects unitary source of god-ideas and describes historical gods as composites","Use as reception/parallel control, not direct Lovejoy transmission claim",,,,,,,,,,,,,,
research_notes/lovejoy_orientalist_source_register_batch83_delta.csv,83,5,8,1910,primary target,Leuba reception chronology,"J. H. Leuba review of Irving King, Psychological Bulletin 7 p.301",Psychological Bulletin vol. VII,TARGET/HOLD,King 1911 explicitly cites this review; could show whether Leuba's reproof architecture predates 1912 and whether Lovejoy already enters the review,Retrieve full review pp.301ff and search Lovejoy/impersonal power/causality,,,,,,,,,,,,,,
research_notes/lovejoy_orientalist_source_register_batch84_delta.csv,84,2,9,,,,,,DIRECT PRIMARY bibliographic,,,,,,,B84-01,1914-01,Arthur O. Lovejoy,"Review: A Psychological Study of Religion: Its Origin, Function and Future by James H. Leuba",International Journal of Ethics 24.2 / JSTOR,pp.216-220; stable 2376508,Establishes Lovejoy's direct re-entry into Leuba reception,Full text/XML cache-missed; proposition-level correction not yet directly collated,,
research_notes/lovejoy_orientalist_source_register_batch84_delta.csv,84,3,9,,,,,,DIRECT PRIMARY bibliographic/full-volume object,,,,,,,B84-02,1914,International Journal of Ethics,Volume 24,Google Books,I8RaAAAAYAAJ; TOC p.216,Independent volume/page control and retrieval route,Current automated pass did not expose page OCR,,
research_notes/lovejoy_orientalist_source_register_batch84_delta.csv,84,4,9,,,,,,SECONDARY-CONTROLLED,,,,,,,B84-03,1983 bibliography object; synopsis of 1914 item,Daniel J. Wilson,Arthur O. Lovejoy: An Annotated Bibliography,Garland / searchable reproduction,entry for Lovejoy review of Leuba,States Lovejoy attempts to correct Leuba's misconception of his 1906 Primitive Philosophy position,Use only as locator/synopsis until 1914 review is directly transcribed,,
research_notes/lovejoy_orientalist_source_register_batch84_delta.csv,84,5,9,,,,,,DIRECT PRIMARY searchable/full-view controlled in Batch83,,,,,,,B84-04,1912,James H. Leuba,A Psychological Study of Religion,Macmillan,pp.74-84,"Defines the downstream propositions potentially at issue: regularity, magic/religion, manitouism/dynamism, impersonal power",Do not infer which one Lovejoy corrects in 1914,,
research_notes/lovejoy_orientalist_source_register_batch85_delta.csv,85,2,9,,,,,,DIRECT PRIMARY TEXT,,,,,,,B85-01,1916,C. G. Jung,Collected Papers on Analytical Psychology,Baillière Tindall & Cox / Wikisource scan transcription,"ch. XIV New Paths in Psychology, pp.352 ff","First-English-state negative collation: no Lovejoy, primitive energetics, mana, or primordial-image proof packet",Wikisource transcription should be image-collated if publication-grade quotation is needed,,
research_notes/lovejoy_orientalist_source_register_batch85_delta.csv,85,3,9,,,,,,DIRECT PRIMARY TEXT,,,,,,,B85-02,1917 revision; 1920 reprint,C. G. Jung,"Collected Papers on Analytical Psychology, second-edition text",Project Gutenberg 48225,Foreword to new edition; ch. XIV Psychology of the Unconscious Processes; pp.412-413 equivalent,Revision explicitly substantially enlarged; Lovejoy enters at primordial-image historical proof step; footnote Monist XVI p363,"1920 object is reprint of second-edition text, not 1917 physical copy",,
research_notes/lovejoy_orientalist_source_register_batch85_delta.csv,85,4,9,,,,,,PRIMARY EDITORIAL / MODERN EDITION,,,,,,,B85-03,1966 editorial apparatus,C. G. Jung / editors,Collected Works vol.7 Two Essays in Analytical Psychology,Princeton/JSTOR,appendix New Paths in Psychology pp.245-268,Confirms earliest version preserved separately for developmental comparison and modern bibliography dates New Paths to 1912,Does not by itself resolve 1912 vs English-foreword 1913 discrepancy,,
research_notes/lovejoy_orientalist_source_register_batch85_delta.csv,85,5,9,,,,,,BIBLIOGRAPHIC CONTROL,,,,,,,B85-04,1916,Online Books Page / Open Library,Collected Papers on Analytical Psychology edition metadata,UPenn / Open Library / Internet Archive,IA collectedpaperso00junguoft,Independent first-edition identity and public-domain scan route,Metadata only,,
research_notes/lovejoy_orientalist_source_register_batch86_delta.csv,86,2,9,,,,,,DIRECT PRIMARY bibliographic/index,,,,,,,B86-01,1928,C. G. Jung,Contributions to Analytical Psychology,Google Books / Kegan Paul-Harcourt Brace,The Primitive Concept of Libido begins p70; indexed term wakanda,Secures 1928 English publication object and presence of relevant comparative field,Google parser does not expose exact Lovejoy passage,,
research_notes/lovejoy_orientalist_source_register_batch86_delta.csv,86,3,9,,,,,,DIRECT PRIMARY scan metadata; access-restricted,,,,,,,B86-02,1928,C. G. Jung,Contributions to Analytical Psychology,Internet Archive Wellcome scan,"b32759575, xi+410 pp",Confirms exact 1928 edition/scan and OCR existence,No downloadable/displayed page text in current environment,,
research_notes/lovejoy_orientalist_source_register_batch86_delta.csv,86,4,9,,,,,,ORIGINAL-VERSION REPUBLICATION / CRITICAL TEXT HIGH,,,,,,,B86-03,1928 original; republished 1948; modern CW translation,C. G. Jung,On Psychic Energy / Über die Energetik der Seele,Collected Works vol8 modern text,"Primitive Conception of Libido, CW pars115ff / pp61-65 equivalent",Proposition-level control: McGee/Lovejoy source relay; acceptance of efficacy/power/productivity and regularity; correction of Lovejoy's native 'concept' abstraction,Exact 1928 page-image wording still requires facsimile collation,,
research_notes/lovejoy_orientalist_source_register_batch86_delta.csv,86,5,9,,,,,,DIRECT PRIMARY bibliographic,,,,,,,B86-04,1928,C. G. Jung,Über die Energetik der Seele und andere psychologische Abhandlungen,Rascher / Google Books,224 pp,Secures first German publication object,No direct page OCR recovered,,
research_notes/lovejoy_orientalist_source_register_batch86_delta.csv,86,6,9,,,,,,DIRECT PRIMARY previously controlled,,,,,,,B86-05,1906,Arthur O. Lovejoy,The Fundamental Concept of the Primitive Philosophy,The Monist 16.3,pp363-381,Baseline propositions received/corrected by Jung,none relevant here,,
research_notes/lovejoy_orientalist_source_register_batch87_delta.csv,87,2,9,,,,,,BIBLIOGRAPHIC + OBJECT CONTROL,,,,,,,B87-01,1910,Irving King,The Development of Religion: A Study in Anthropology and Social Psychology,Macmillan / Wikimedia Commons-Internet Archive / Open Library / Google Play Books,book; target pp.157-164; IA developmentofrel00kingrich and developmentreli00kinggoog,Public-domain/full-view retrieval routes for primary King text; fixes edition/pagination/object identity,Target p.163 text and footnotes not yet directly captured in this batch,,
research_notes/lovejoy_orientalist_source_register_batch87_delta.csv,87,3,9,,,,,,SECONDARY-CONTROLLED LOCATOR,,,,,,,B87-02,2017,Nicolas Meylan,Mana: A History of a Western Category,Brill,"ch.4, pp.79-80; discussion of King 1910 p.163",States King directly referred to Lovejoy; locates 'not in itself a religious concept' and theory/point-of-view formulation at p.163,Cannot substitute for King facsimile or establish exact attachment of King's Lovejoy citation,,
research_notes/lovejoy_orientalist_source_register_batch87_delta.csv,87,4,9,,,,,,DIRECT PRIMARY TEXT,,,,,,,B87-03,1911,Irving King,Some Problems in the Science of Religion,Harvard Theological Review 4.1,pp.104-118; opening extract and reference 2,"King says reviews of his recent book revealed misunderstandings; explicitly cites J. H. Leuba, Psychological Bulletin, vol. vii, p.301",Does not reproduce Leuba review or identify which propositions Leuba criticized,,
research_notes/lovejoy_orientalist_source_register_batch87_delta.csv,87,5,9,,,,,,DIRECT PRIMARY TEXT,,,,,,,B87-04,1912,James H. Leuba,"A Psychological Study of Religion: Its Origin, Function and Future",Macmillan / indexed full-text scan,pp.74-76 and related dynamism discussion,Quotes Lovejoy's regular/intelligible-laws and Primitive Energetics claims; rejects mechanical regularity; introduces King ch.VI; recommends King ch.VI or Lovejoy article as good evidence summary,Hosted/indexed transcription should be image-collated before publication-grade quotation,,
research_notes/lovejoy_orientalist_source_register_batch87_delta.csv,87,6,9,,,,,,DIRECT PRIMARY BIBLIOGRAPHIC CONTROL,,,,,,,B87-05,1914,Arthur O. Lovejoy,"Review of James H. Leuba, A Psychological Study of Religion",International Journal of Ethics 24.2 / JSTOR,"pp.216-220, stable 2376508","Confirms exact review object, author, issue and page span; closes existence of return edge Leuba 1912 -> Lovejoy 1914",JSTOR full review text was not retrievable through current cache; substantive self-correction still not direct-primary,,
research_notes/lovejoy_orientalist_source_register_batch87_delta.csv,87,7,9,,,,,,SECONDARY-CONTROLLED,,,,,,,B87-06,1980,Daniel J. Wilson,Arthur O. Lovejoy: An Annotated Bibliography,bibliographic reference work / indexed scan,entry for Lovejoy 1914 review of Leuba,Reports that Lovejoy attempted to correct Leuba's misconception of Lovejoy's own position in The Fundamental Concept of the Primitive Philosophy,Requires direct comparison with Lovejoy 1914 pp.216-220 before substantive coding is upgraded,,
research_notes/lovejoy_orientalist_source_register_batch87_delta.csv,87,8,9,,,,,,BIBLIOGRAPHIC / RETRIEVAL CONTROL,,,,,,,B87-07,1914,International Journal of Ethics,Volume 24,Google Books,volume record; contents locator 'Its Origin' p.216,Independent full-volume route to Lovejoy review and page 216 locator,Search interface did not expose the target review text in this batch,,
research_notes/lovejoy_orientalist_source_register_batch89_delta.csv,89,2,9,,,,,,DIRECT PRIMARY TEXT,,,,,,,B89-01,1912,James H. Leuba,"A Psychological Study of Religion: Its Origin, Function and Future",Macmillan / public-domain searchable scan,pp.49-52,"King source-function partition, negative side: Leuba reconstructs King's valuational-attitude theory and rejects it as an adequate discriminator of religion; degree continuum cannot supply qualitative religion/magic boundary",Current OCR/search route should be page-image collated before publication-grade quotation,,
research_notes/lovejoy_orientalist_source_register_batch89_delta.csv,89,3,9,,,,,,DIRECT PRIMARY TEXT,,,,,,,B89-02,1912,James H. Leuba,"A Psychological Study of Religion: Its Origin, Function and Future",Macmillan / public-domain searchable scan,pp.74-76,Lovejoy regular-law/Primitive Energetics claim directly audited and weakened; King ch.VI and Lovejoy then retained as evidence summaries,Current OCR/search route should be page-image collated before publication-grade quotation,,
research_notes/lovejoy_orientalist_source_register_batch89_delta.csv,89,4,9,,,,,,DIRECT PRIMARY TEXT / BIBLIOGRAPHIC,,,,,,,B89-03,1911,Irving King,Some Problems in the Science of Religion,Harvard Theological Review 4.1 / Cambridge Core,pp.104-118; opening extract and ref.2,"King says reviews revealed misunderstandings of general viewpoint and specific places; explicitly identifies J. H. Leuba, Psychological Bulletin VII p301",Cambridge extract does not reproduce Leuba review; cannot map King's restatement sentence-by-sentence to Leuba without p301,,
research_notes/lovejoy_orientalist_source_register_batch89_delta.csv,89,5,9,,,,,,DIRECT PRIMARY TEXT / CONTROVERSY CONTROL,,,,,,,B89-04,1910,George A. Coe,A New Natural History of Religion,Harvard Theological Review 3.3 / Cambridge Core,pp.366-372,Other review explicitly named by King 1911; controls the review ecology around Development of Religion,Not evidence for Lovejoy reception by itself,,
research_notes/lovejoy_orientalist_source_register_batch89_delta.csv,89,6,9,,,,,,DIRECT PRIMARY BIBLIOGRAPHIC / PRIMARY TEXT HOLD,,,,,,,B89-05,1910,James H. Leuba,"review of Irving King, The Development of Religion",Psychological Bulletin 7,p.301; exact title/span unresolved,King 1911 directly fixes author/journal/volume/page; retrieval target now narrowed to proposition-level comparison with Leuba 1912,No content-level claim permitted until review text recovered,,
research_notes/lovejoy_orientalist_source_register_batch89_delta.csv,89,7,9,,,,,,ARCHIVAL / RETRIEVAL CONTROL,,,,,,,B89-06,1910,Psychological Bulletin,volume 7,HathiTrust / Google Books / Internet Archive preservation controls,vol.7; p301 neighborhood,Full-view/preservation routes independently secure; p301 belongs to 1910 volume and is tightly bounded for retrieval,Exact scan page not yet extracted in current environment,,
research_notes/lovejoy_orientalist_source_register_batch91_delta.csv,91,2,9,,,,,,DIRECT PRIMARY TEXT / SCAN TRANSCRIPTION,,,,,,,B91-01,1915; preface Apr 1914,Bronisław Malinowski,Wierzenia pierwotne i formy ustroju społecznego,Akademia Umiejętności / Polish Wikisource + Commons scans,text metadata; chapter-II King and impersonal-power discussion; note 39,Primary downstream relay object; direct King critique; vague impersonal-force theory; manitu as mechanical factor; explicit King chVI + Leuba chIV routing,Publication-grade quotation should be checked against page scans,,
research_notes/lovejoy_orientalist_source_register_batch91_delta.csv,91,3,9,,,,,,NEGATIVE TEXT SEARCH,,,,,,,B91-02,1915,Bronisław Malinowski,Wierzenia pierwotne i formy ustroju społecznego,Polish Wikisource full text,full-text searches Lovejoy / Primitive Energetics / Monist XVI,Controls absence of Lovejoy name and distinctive label in searchable full object,Does not prove non-reading or absence from lost drafts/notes,,
research_notes/lovejoy_orientalist_source_register_batch91_delta.csv,91,4,9,,,,,,DIRECT PRIMARY CITATION ARCHITECTURE,,,,,,,B91-03,1915,Bronisław Malinowski,Wierzenia pierwotne i formy ustroju społecznego,Polish Wikisource,note 39: King chVI pp134-164; Leuba chIV pp70-84,Shows named theoretical relays attached to mana/manitu/orenda dossier while Lovejoy is omitted,Footnote does not assign sentence-level source for mechanical-factor wording,,
research_notes/lovejoy_orientalist_source_register_batch91_delta.csv,91,5,9,,,,,,DIRECT BIBLIOGRAPHIC / PRIMARY TEXT CONTROL,,,,,,,B91-04,1912,James H. Leuba,"A Psychological Study of Religion: Its Origin, Function, and Future",Macmillan / Google Books / Open Library,"TOC: chIV begins p70, The Origin of the Idea of Impersonal Powers; 371 pp",Confirms Malinowski's chIV pp70-84 locator structurally matches 1912 book and the Lovejoy-bearing chapter,Malinowski's transcribed bibliography omits this book despite in-text title citation p339,,
research_notes/lovejoy_orientalist_source_register_batch91_delta.csv,91,6,9,,,,,,DIRECT PRIMARY,,,,,,,B91-05,1915,Bronisław Malinowski,Wierzenia pierwotne i formy ustroju społecznego,Polish Wikisource,note 30 and bibliography,"Malinowski explicitly cites Leuba A Psychological Study of Religion p339 elsewhere, strengthening identification of 'Leuba op. cit.' in note 39",Bibliographic omission remains and should not be silently repaired,,
research_notes/lovejoy_orientalist_source_register_batch91_delta.csv,91,7,9,,,,,,DIRECT PRIMARY TEXT,,,,,,,B91-06,1905,James H. Leuba,"Irving King, La différenciation de la conscience religieuse",L'Année psychologique 12 / Persée,pp554-559,"Establishes sustained Leuba-King relation predating Lovejoy 1906; first page summarizes King's Chicago dissertation, pragmatism/functionalism and social differentiation thesis",Only opening page propositionally collated in this pass; remaining pages should be captured,,
research_notes/lovejoy_orientalist_source_register_batch91_delta.csv,91,8,9,,,,,,PRIMARY OBJECT IDENTIFIED THROUGH DIRECT REVIEW,,,,,,,B91-07,1905,Irving King,The Differentiation of the Religious Consciousness,Psychological Review Monograph Supplements VI.4 / identified in Leuba review,"doctoral thesis, University of Chicago",Pre-1906 baseline object for King-Leuba relation,Full King 1905 text not collated here,,
research_notes/lovejoy_orientalist_source_register_batch92_delta.csv,92,2,9,,,,,,DIRECT PRIMARY TEXT,,,,,,,B92-01,1905,William Jones,The Algonkin Manitou,Journal of American Folk-Lore 18 / UALR Tribal Writers full text / eHRAF metadata,pp183-190; concluding summary p190,"Controls manitou as cosmic mysterious impersonal property, transferability, efficacy, and explicit statement that interpretation follows no regular rule and rests on feeling rather than knowledge",UALR transcription should be image-collated for publication-grade punctuation,,
research_notes/lovejoy_orientalist_source_register_batch92_delta.csv,92,3,9,,,,,,DIRECT PRIMARY / PREVIOUSLY CONTROLLED,,,,,,,B92-02,1906,Arthur O. Lovejoy,The Fundamental Concept of the Primitive Philosophy,The Monist 16.3 / repo Batch77-78 direct audit,pp370-372 and pp379-381,Jones recruited at evidentiary threshold to prove impersonal abstraction and transfer; Lovejoy later strengthens causal thesis to quite regular/intelligible laws and Primitive Energetics,Do not treat Jones's own verdict as identical with Lovejoy's synthesis,,
research_notes/lovejoy_orientalist_source_register_batch92_delta.csv,92,4,9,,,,,,DIRECT PRIMARY TEXT,,,,,,,B92-03,1912,James H. Leuba,A Psychological Study of Religion,Macmillan / full-text scan,chIV pp74-84; esp mechanical-power audit and King/Lovejoy evidence-summary footnote,Explicitly rejects Lovejoy's mechanical strength while retaining category/dossier,No limitation relevant to proposition-level result; image collation preferable for exact quotations,,
research_notes/lovejoy_orientalist_source_register_batch92_delta.csv,92,5,9,,,,,,DIRECT PRIMARY TEXT,,,,,,,B92-04,1915,Bronisław Malinowski,Wierzenia pierwotne i formy ustroju społecznego,Akademia Umiejętności / Polish Wikisource + Commons scans,chapter-II pp corresponding to lines 387-399; note39,"Controls anti-abstraction/vagueness argument, manitu as mechanical factor, and direct Jones + King + Leuba relay architecture",Immediate lexical/source route for mechanical-factor phrase unresolved,,
research_notes/lovejoy_orientalist_source_register_batch92_delta.csv,92,6,9,,,,,,SECONDARY CONTROL,,,,,,,B92-05,2017,Nicolas Meylan,Mana: A History of a Western Category,Brill,discussion of King 1910 p163 and Lovejoy 1906,Confirms King distinguishes impersonal power as explanatory theory/point of view rather than religion and directly referred to Lovejoy,Still need King chVI/p163 facsimile before using King as immediate source for Malinowski's mechanical wording,,
research_notes/lovejoy_orientalist_source_register_batch93_delta.csv,93,2,9,,,,,,DIRECT PRIMARY TEXT,,,,,,,B93-01,1902-1903,Henri Hubert and Marcel Mauss,Esquisse d'une theorie generale de la magie,L'Annee sociologique VII / direct French transcription,general magical-force analysis; mana section,Pre-Lovejoy control: magical force explicitly non-mechanical but comparable to mechanical force by causal function; mana spiritual and non-mechanical; true efficacy corroborates ordinary mechanical action,Electronic transcription; publication-grade quotations should be scan-collated,,
research_notes/lovejoy_orientalist_source_register_batch93_delta.csv,93,3,9,,,,,,PRIMARY BIBLIOGRAPHIC CONTROL,,,,,,,B93-02,1904-1905 reference control,Henri Hubert,Etude sommaire de la representation du temps dans la religion et la magie,EPHE / Persee,"reference note to Hubert and Mauss Esquisse, Annee sociologique VII",Independently controls original article venue/date family and contemporary circulation,Does not replace original article text,,
research_notes/lovejoy_orientalist_source_register_batch93_delta.csv,93,4,9,,,,,,DIRECT PRIMARY PREVIOUSLY CONTROLLED,,,,,,,B93-03,1906,Arthur O. Lovejoy,The Fundamental Concept of the Primitive Philosophy,The Monist 16.3,pp357-382; esp regular/intelligible-laws and Primitive Energetics passages,Baseline stronger causal-law assimilation against which mechanical analogy spectrum is coded,none for current proposition,,
research_notes/lovejoy_orientalist_source_register_batch93_delta.csv,93,5,9,,,,,,SECONDARY-CONTROLLED LOCATOR / PRIMARY HOLD,,,,,,,B93-04,1910,Irving King,The Development of Religion,Macmillan,chVI; p139 mechanical-force locator; p163 religion distinction,"Meylan's later discussion places King p139 beside Hubert-Mauss mechanical-force comparison, making p139 a priority source target",Exact primary wording/logical strength/citation attachment still unresolved,,
research_notes/lovejoy_orientalist_source_register_batch93_delta.csv,93,6,9,,,,,,DIRECT PRIMARY TEXT,,,,,,,B93-05,1912,James H. Leuba,A Psychological Study of Religion,Macmillan,chIV pp74-84,Turns mechanicality into proof burden and rejects Lovejoy's stronger mechanical verdict absent stable means-effects relation,image collation preferable for exact quotations,,
research_notes/lovejoy_orientalist_source_register_batch93_delta.csv,93,7,9,,,,,,DIRECT PRIMARY BIBLIOGRAPHIC OBJECT,,,,,,,B93-06,1914,Pierre Saintyves,La force magique: du mana des primitifs au dynamisme scientifique,E. Nourry / Warburg Institute Digital Library / BnF-Gallica catalogue,136 pp; chapters on magical force and dynamic hypothesis,Controls existence/date/extent and explicit mana-force-energy scope; Warburg exposes downloadable PDF,"Target pages 65-66, 103, 110 not directly collated in current pass",,
research_notes/lovejoy_orientalist_source_register_batch93_delta.csv,93,8,9,,,,,,SECONDARY-CONTROLLED PAGE-SPECIFIC,,,,,,,B93-07,1914,Pierre Saintyves,La force magique: du mana des primitifs au dynamisme scientifique,Meylan 2017 synopsis,pp65-66 and 110,Reports dynamistic force/energy/mana grouping and thesis that modern unification of physical forces ultimately depends on mana theory,Must remain secondary until Warburg/Gallica page images are read,,
research_notes/lovejoy_orientalist_source_register_batch93_delta.csv,93,9,9,,,,,,DIRECT PRIMARY TEXT,,,,,,,B93-08,1915,Bronislaw Malinowski,Wierzenia pierwotne i formy ustroju spolecznego,Akademia Umiejetnosci / Polish Wikisource scan transcription,impersonal-power section and note39,"Mechanical-factor downstream phrase occurs amid explicit Hubert-Mauss, Jones, King, Leuba and other routes; lowers Lovejoy-specific lexical diagnosticity",Immediate source of phrase remains unresolved,,
research_notes/lovejoy_orientalist_source_register_batch94_delta.csv,94,2,9,,,,,,DIRECT PRIMARY PREVIOUSLY CONTROLLED,,,,,,,B94-01,1906,Arthur O. Lovejoy,The Fundamental Concept of the Primitive Philosophy,The Monist 16.3,native-language/grammar proof architecture; Primitive Energetics conclusion,"Baseline alignment of native evidentiary pattern, reconstructed causal concept, and comparative abstraction",Lovejoy's use of concept should not be caricatured as explicit scholastic theory held by every actor,,
research_notes/lovejoy_orientalist_source_register_batch94_delta.csv,94,3,9,,,,,,"ORIGINAL-VERSION REPUBLICATION / MODERN CRITICAL TEXT, HIGH",,,,,,,B94-02,1928,C. G. Jung,On Psychical Energy / Uber die Energetik der Seele,original-version republication / Collected Works; 1928 English bibliographic controls,The Primitive Conception of Libido / Lovejoy-McGee packet,Direct Lovejoy reception: accepts efficacy and regular/manipulable characterization but rejects same-form native abstract concept; analyst abstraction retained,Exact 1928 English facsimile wording remains HOLD,,
research_notes/lovejoy_orientalist_source_register_batch94_delta.csv,94,4,9,,,,,,DIRECT PRIMARY TEXT,,,,,,,B94-03,1915,Bronislaw Malinowski,Wierzenia pierwotne i formy ustroju spolecznego,Akademia Umiejetnosci / Polish Wikisource scan transcription,chapter-II anti-rationalist and impersonal-power sequence,"Controls vague/felt native forces, rejection of sharply defined native concepts/laws, and analyst-level comparative/mechanical description",No direct Lovejoy citation; structural comparison only,,
research_notes/lovejoy_orientalist_source_register_batch94_delta.csv,94,5,9,,,,,,DIRECT PRIMARY TEXT,,,,,,,B94-04,1912,James H. Leuba,A Psychological Study of Religion,Macmillan,chIV mechanicality audit,Contrast control: Leuba blocks Lovejoy at causal-strength level rather than controlled epistemic-address level,Does not establish Leuba had no views elsewhere on native abstraction,,
research_notes/lovejoy_orientalist_source_register_batch94_delta.csv,94,6,9,,,,,,DIRECT PRIMARY TEXT,,,,,,,B94-05,1917 revision,C. G. Jung,The Psychology of the Unconscious Processes,second-edition text / 1920 reprint,primordial-image historical-proof passage,Earlier Jung stage: Lovejoy as synthesized historical warrant before 1928 source-level epistemic re-audit,Absolute German first-appearance chronology still separately qualified,,
research_notes/lovejoy_orientalist_source_register_batch96_delta.csv,96,2,9,,,,,,DIRECT PRIMARY TEXT / FACSIMILE-LINKED TRANSCRIPTION,,,,,,,B96-01,1912,Emile Durkheim,Les formes elementaires de la vie religieuse,Paris: Felix Alcan; French Wikisource facsimile-linked transcription,Livre II ch VI pp268-292,Controls Australian non-abstract representation; anonymous/impersonal force; wakan/orenda/mana cross-cultural validation; mechanical effects; force/science genealogy,Wikisource transcription rather than locally downloaded page image; exact quotes should retain French,,
research_notes/lovejoy_orientalist_source_register_batch96_delta.csv,96,3,9,,,,,,DIRECT PRIMARY TRANSLATION,,,,,,,B96-02,1915,Emile Durkheim,The Elementary Forms of the Religious Life,English translation; Project Gutenberg full text,pp188-203 and related notes,"English control for abstract-form split, mechanical effects, churinga footnote, original-matter language, and whole-book Lovejoy/Primitive Energetics search",Translation cannot supersede French 1912 wording,,
research_notes/lovejoy_orientalist_source_register_batch96_delta.csv,96,4,9,,,,,,DIRECT PRIMARY TEXT / FACSIMILE-LINKED TRANSCRIPTION,,,,,,,B96-03,1912,Emile Durkheim,Les formes elementaires de la vie religieuse,French Wikisource facsimile-linked transcription,Livre II ch VII pp293ff,Controls totemic principle = clan/society; symbolic misrepresentation versus real social force,"Sociological ontology is Durkheim's explanatory claim, not emic self-description",,
research_notes/lovejoy_orientalist_source_register_batch96_delta.csv,96,5,9,,,,,,SECONDARY / DIRECT USER FILE,,,,,,,B96-04,2017,Nicolas Meylan,Mana: A History of a Western Category,Brill,Chapter 4 The Domestication of Mana pp83-86,"Locates Durkheim's problem of Australian emic evidence, cross-cultural comparison, mana=society, and Jonathan Z Smith critique",Phrase that impersonal force is not even present in Australian emic discourse/consciousness should be narrowed against Durkheim's churinga/arunkulta caveats,,
research_notes/lovejoy_orientalist_source_register_batch96_delta.csv,96,6,9,,,,,,DIRECT PRIMARY PREVIOUSLY CONTROLLED,,,,,,,B96-05,1906,Arthur O. Lovejoy,The Fundamental Concept of the Primitive Philosophy,The Monist 16.3,pp359-382; Batches77-80 controls,Baseline for local lexical/grammatical reproof and asymmetric cross-regional proof architecture,No direct Durkheim reception inference follows from source overlap,,
research_notes/lovejoy_orientalist_source_register_batch96_delta.csv,96,7,9,,,,,,PRIMARY SOURCE VIA DURKHEIM/LOVEJOY CONTROL; DIRECT TEXT PREVIOUSLY CONTROLLED IN LOVEJOY BATCHES,,,,,,,B96-06,1891,R H Codrington,The Melanesians,Oxford: Clarendon,p118 n1; pp118-120 and later mana passages,Shared source node; high-value next test for Durkheim selective translation / personal-origin clauses,Durkheim's French rendering should be collated line-by-line against Codrington before claiming omission mechanics,,
research_notes/lovejoy_orientalist_source_register_batch96_delta.csv,96,8,9,,,,,,PRIMARY SOURCE VIA DURKHEIM/LOVEJOY CONTROL,,,,,,,B96-07,1897,Alice C Fletcher,A Study of the Omaha Tribe,Smithsonian Report,pp578-583,"Shared North-American source node for common life, wakan, totemic efficacy",Exact quotation overlap between Lovejoy and Durkheim still to be collated,,
research_notes/lovejoy_orientalist_source_register_batch96_delta.csv,96,9,9,,,,,,PRIMARY BIBLIOGRAPHIC / TEXT LOCUS CONTROL,,,,,,,B96-08,1902,J N B Hewitt,Orenda and a Definition of Religion / related American Anthropologist material,American Anthropologist,p36 in Durkheim citation sequence,Shared orenda causal-field node; Durkheim uses efficient-cause language,Exact Lovejoy-Hewitt page overlap requires dedicated collation,,
research_notes/lovejoy_orientalist_source_register_batch97_delta.csv,97,2,9,,,,,,DIRECT PRIMARY TEXT / FACSIMILE-LINKED,,,,,,,B97-01,1891,R H Codrington,The Melanesians: Studies in their Anthropology and Folk-Lore,Oxford: Clarendon Press; English Wikisource facsimile-linked transcription,ch VII pp118-120; p118 n1 / scan p141,Controls full mana definition including personal beings originate/impart mana; surrounding personal directorship and spirit mediation,Wikisource transcription should be checked against scan image for publication punctuation,,
research_notes/lovejoy_orientalist_source_register_batch97_delta.csv,97,3,9,,,,,,DIRECT PRIMARY TEXT / FACSIMILE-LINKED,,,,,,,B97-02,1912,Emile Durkheim,Les formes elementaires de la vie religieuse,Paris: Felix Alcan; French Wikisource facsimile-linked transcription,Livre II ch VI pp277-278 / scan p286ff,Controls marked ellipsis in Codrington quotation and immediate same-impersonality/cross-cultural warrant sequence,"Ellipsis is visible: characterize as selective excerpt, not hidden falsification",,
research_notes/lovejoy_orientalist_source_register_batch97_delta.csv,97,4,9,,,,,,DIRECT PRIMARY TEXT,,,,,,,B97-03,1912,Emile Durkheim,Les formes elementaires de la vie religieuse,same,Livre II ch VI pp284ff,Controls spirits/demons/gods as individualized concrete forms of prior anonymous energy; rite efficacy independent of divine intervention,"Durkheim's theory, not Codrington's emic causal account",,
research_notes/lovejoy_orientalist_source_register_batch97_delta.csv,97,5,9,,,,,,DIRECT PRIMARY PREVIOUSLY CONTROLLED,,,,,,,B97-04,1906,Arthur O. Lovejoy,The Fundamental Concept of the Primitive Philosophy,The Monist 16.3,pp372-373 and p380; Batch78 direct primary audit,Comparison control: Codrington as best authority; efficacy/transferability foregrounded while supernatural and personal-origin adverse evidence remain visible,Lovejoy also reweights source; do not call treatment neutral/exhaustive,,
research_notes/lovejoy_orientalist_source_register_batch97_delta.csv,97,6,9,,,,,,SECONDARY / DIRECT USER FILE,,,,,,,B97-05,2017,Nicolas Meylan,Mana: A History of a Western Category,Brill,Chapter 4 pp84-85,Flags Durkheim's removal of passages linking mana with persons; cites Jonathan Z Smith critique,Primary collation refines 'erased': omission is marked by ellipsis,,
research_notes/lovejoy_orientalist_source_register_batch97_delta.csv,97,7,9,,,,,,SECONDARY-LOCATED / NOT DIRECTLY RETRIEVED THIS BATCH,,,,,,,B97-06,2004,Jonathan Z Smith,Relating Religion: Essays in the Study of Religion,University of Chicago Press,discussion cited by Meylan around Durkheim mana/totemic principle,Historiographic precedent for criticizing Durkheim's Codrington translation and facticity work,Do not quote Smith directly until primary book locus retrieved,,
research_notes/lovejoy_orientalist_source_register_batch99_delta.csv,99,2,9,,,,,,DIRECT PRIMARY TEXT,,,,,,,B99-01,1891,R H Codrington,The Melanesians: Studies in their Anthropology and Folk-Lore,Oxford Clarendon; English Wikisource facsimile-linked,ch VII pp118-120,Full baseline packet: impersonal/conveyable mana plus spirits impart and personal beings originate,Publication quotation punctuation should be checked against scan image,,
research_notes/lovejoy_orientalist_source_register_batch99_delta.csv,99,3,9,,,,,,DIRECT PRIMARY REPRINT,,,,,,,B99-02,1892,anonymous notice,Melanesian Ghosts,Popular Science Monthly vol40 Feb 1892 / Wikisource,Popular Miscellany,Pre-Durkheim control proving full personal-origin clause circulated publicly soon after Codrington,"Secondary notice, not independent ethnography",,
research_notes/lovejoy_orientalist_source_register_batch99_delta.csv,99,4,9,,,,,,DIRECT PRIMARY REFERENCE WORK,,,,,,,B99-03,1911,Encyclopaedia Britannica contributor,Taboo,Encyclopaedia Britannica 11th ed vol26 / Wikisource facsimile,Mana subsection,Immediate pre-Durkheim control retaining full personal-origin clause and adding electrical-charge analogy,Contributor identity not necessary for packet control,,
research_notes/lovejoy_orientalist_source_register_batch99_delta.csv,99,5,9,,,,,,DIRECT PRIMARY REFERENCE WORK,,,,,,,B99-04,1911,Encyclopaedia Britannica contributor,Religion,Encyclopaedia Britannica 11th ed vol23 / Wikisource facsimile,sacred as potent subsection,Retains and foregrounds personal-origin clause while discussing mana/orenda and psychic energy,Selective quotation but useful negative control,,
research_notes/lovejoy_orientalist_source_register_batch99_delta.csv,99,6,9,,,,,,DIRECT PRIMARY PREVIOUSLY CONTROLLED,,,,,,,B99-05,1912,Emile Durkheim,Les formes elementaires de la vie religieuse,Paris Felix Alcan,Livre II ch VI Codrington quotation,Authorial marked truncation removes personal-origin bridge from proof-bearing excerpt,No claim of concealed falsification; ellipsis visible,,
research_notes/lovejoy_orientalist_source_register_batch99_delta.csv,99,7,9,,,,,,DIRECT PRIMARY TRANSLATION,,,,,,,B99-06,1915,Emile Durkheim trans J W Swain,The Elementary Forms of the Religious Life,London George Allen and Unwin / Project Gutenberg text,p194-195 sequence,Carries same shortened Codrington packet and interpretive adjacency into English,Translation lineage not evidence Swain independently edited source,,
research_notes/lovejoy_orientalist_source_register_batch99_delta.csv,99,8,9,,,,,,DIRECT DOWNSTREAM TEXT,,,,,,,B99-07,1966,Alister Hardy,The Divine Flame: An Essay towards a Natural History of Religion,Collins; Gifford Lectures archive full text,Lecture III Evidence from Social Anthropology,Explicitly states Durkheim quotations use Swain 1915; reproduces same shortened Codrington packet and Durkheim commentary,Hardy may separately have known Codrington; claim limited to textual inheritance inside his Durkheim exposition,,
research_notes/lovejoy_orientalist_source_register_batch99_delta.csv,99,9,9,,,,,,AUTHORITATIVE INSTITUTIONAL METADATA,,,,,,,B99-08,1963-1965 / 1966,Alister Hardy,The Divine Flame Gifford lecture metadata,University of Aberdeen / Gifford Lectures official archive,lecture/book metadata,Controls lecture series and Collins 1966 publication,"Metadata only, not proposition-level source",,
research_notes/lovejoy_orientalist_source_register_batch101_delta.csv,101,2,9,,,,,,DIRECT PRIMARY BIBLIOGRAPHIC; CONTEMPORARY 1897 SUMMARY CONTROL,,,,,,,B101-01,1897/1898,Alice C. Fletcher,The Import of the Totem: A Study from the Omaha Tribe,AAAS paper / Smithsonian Annual Report 1897,pp.577-586; especially common/continuous-life proposition,Baseline Fletcher object and independent pre-Durkheim circulation of continuity-of-life/totem-efficacy claim,full facsimile sentence-level collation still pending,,
research_notes/lovejoy_orientalist_source_register_batch101_delta.csv,101,3,9,,,,,,DIRECT CONTEMPORARY PRIMARY/NEAR-PRIMARY NOTICE,,,,,,,B101-02,1897,Popular Science Monthly,Significance of the Totem,"Popular Science Monthly 52, Dec. 1897, Fragments of Science",summary of Fletcher AAAS paper,"Controls that continuity of life, visible/invisible linkage, part/whole continuity and totemic communication were publicly summarized before Durkheim","summary, not substitute for Fletcher full text",,
research_notes/lovejoy_orientalist_source_register_batch101_delta.csv,101,4,9,,,,,,DIRECT PRIMARY TEXT,,,,,,,B101-03,1912,Émile Durkheim,Les formes élémentaires de la vie religieuse,Paris: Alcan,Book II ch.VI; wakan/orenda -> Codrington mana -> Fletcher common-life sequence,Controls original source ordering and Durkheim's interpretive embedding of Fletcher as wakan/source of energy,French wording should be preferred for quotation if exact French phrasing is needed,,
research_notes/lovejoy_orientalist_source_register_batch101_delta.csv,101,5,9,,,,,,DIRECT PRIMARY TEXT,,,,,,,B101-04,1915,J. W. Swain trans.; Émile Durkheim,The Elementary Forms of the Religious Life,London: George Allen & Unwin,"Book II ch.VI, pp.188-199; Fletcher/Codrington packet",Controls English packet available to Hardy and exact Swain wording,"translation witness, not independent ethnographic authority",,
research_notes/lovejoy_orientalist_source_register_batch101_delta.csv,101,6,9,,,,,,DIRECT PRIMARY TEXT,,,,,,,B101-05,1966,Alister Hardy,The Divine Flame,Gifford Lectures / Collins,Lecture III: Evidence from Social Anthropology,Explicitly states Durkheim quotations are from Swain 1915; reorders Fletcher before Codrington while preserving Durkheim-Swain Codrington truncation and impersonality gloss,does not prove Hardy never consulted underlying Fletcher/Codrington sources directly,,
research_notes/lovejoy_orientalist_source_register_batch101_delta.csv,101,7,8,,,,,,Controls independent Fletcher reprint object in archival collection,,,,,,,B101-06,2026 access,Smithsonian Institution SOVA,Fletcher reprint inventory,NAA component record for 1897 12-page reprint of The Import of the Totem,DIRECT ARCHIVAL BIBLIOGRAPHIC,not digitized text in current access path,,,
research_notes/lovejoy_orientalist_source_register_batch101_delta.csv,101,8,9,,,,,,DIRECT PRIMARY PREVIOUSLY CONTROLLED,,,,,,,B101-07,1906,Arthur O. Lovejoy,The Fundamental Concept of the Primitive Philosophy,The Monist 16.3,"Fletcher common-life/communicability use, previously audited Batch77-78",Same-source comparison: Lovejoy retains common-life/transferability evidence while correcting will-power narrowing,no Lovejoy->Durkheim or Durkheim->Lovejoy transmission claim,,
research_notes/lovejoy_orientalist_source_register_batch104_delta.csv,104,2,9,,,,,,DIRECT PRIMARY MANUSCRIPT; MANUAL VISUAL RECHECK,,,,,,,B104-01,"Lovejoy notebook 005, composite/reused",Arthur O. Lovejoy,MS38_004_001_061_005,archival manuscript,opening bibliography and pdf p.7 / ms p.11 Codrington reference,Controls Codrington book registration and corrects cited locus from current clean-transcription p.26 to p.260,underlying notebook page is not independently dated; canonical file not silently altered,,
research_notes/lovejoy_orientalist_source_register_batch104_delta.csv,104,3,9,,,,,,DIRECT PRIMARY TEXT / INTERNAL PAGE CONTROL,,,,,,,B104-02,1891,R. H. Codrington,The Melanesians: Studies in their Anthropology and Folk-lore,Oxford: Clarendon Press / validated Wikisource transcription,"Chapter XV, p.260; internal backward reference at p.265",Closes p.260 reading: Saa origin-of-death story concerns old woman changing skin and resuming discarded slough,validated transcription rather than locally held page-image facsimile for this locus,,
research_notes/lovejoy_orientalist_source_register_batch104_delta.csv,104,4,9,,,,,,DIRECT PRIMARY PDF,,,,,,,B104-03,1906,Arthur O. Lovejoy,The Fundamental Concept of the Primitive Philosophy,The Monist 16.3,Lovejoy pp.372-373; Codrington pp.118-119,"Shows same-book re-selection: Codrington now used for mana, transferability and comparative efficacy rather than origin-of-death myth",explicit citation does not by itself prove physical route of consultation,,
research_notes/lovejoy_orientalist_source_register_batch104_delta.csv,104,5,9,,,,,,DIRECT PRIMARY EDITORIAL RELAY,,,,,,,B104-04,1878,"F. Max Müller, printing R. H. Codrington letter of 7 July 1877",Lectures on the Origin and Growth of Religion as Illustrated by the Religions of India,Hibbert Lectures / Longmans,"pp.53-54, Mana a Melanesian name for the Infinite",Route control: mana definition including personal-origination clause circulated before Codrington 1891,no evidence yet that Lovejoy used this relay for the 1906 quotation; route remains open,,
research_notes/lovejoy_orientalist_source_register_batch104_delta.csv,104,6,9,,,,,,DIRECT PRIMARY QUOTATION IN LOVEJOY,,,,,,,B104-05,1906,R. H. Codrington as quoted by Arthur O. Lovejoy,mana definition packet,The Monist 16.3,printed p.373,"Controls adverse clause: spirits possess/impart mana and personal beings originate it, while Lovejoy still recruits packet for transferable efficacy",quotation is Lovejoy's selection of Codrington and must be distinguished from independent evaluation of Codrington's ethnography,,
research_notes/lovejoy_orientalist_source_register_batch106_delta.csv,106,2,9,,,,,,DIRECT PRIMARY PDF; PREVIOUSLY CONTROLLED,,,,,,,B106-01,1906,Arthur O. Lovejoy,The Fundamental Concept of the Primitive Philosophy,The Monist 16.3,pp.357-382; especially 359-381,Baseline: reconstructs impersonal quasi-mechanical causal category from ethnographic reports and attributes it to primitive thought,cross-regional proof is asymmetric; analyst reconstruction must not be treated as transparent native self-description,,
research_notes/lovejoy_orientalist_source_register_batch106_delta.csv,106,3,9,,,,,,ORIGINAL PUBLICATION OBJECT DIRECTLY CONTROLLED; SUBSTANTIVE TEXT DIRECT IN AUTHOR REPRINT,,,,,,,B106-02,1923,Arthur O. Lovejoy,The Supposed Primitivism of Rousseau's Discourse on Inequality,Modern Philology 21.2,pp.165-186,"Shows analyst-side semantic discrimination: state of nature split into chronological, juristic, cultural senses; broad primitivism attribution rejected",exact original-page typography/wording should be collated against 1923 PDF before quotation tied to original pagination,,
research_notes/lovejoy_orientalist_source_register_batch106_delta.csv,106,4,9,,,,,,DIRECT CLEAN-CORPUS PRIMARY TEXT / AUTHOR REPRINT,,,,,,,B106-03,1948 reprint,Arthur O. Lovejoy,The Supposed Primitivism of Rousseau's Discourse on Inequality,Essays in the History of Ideas,Essay II,Primary substantive witness used for 1923 argument architecture and semantic-discrimination operator,reprint witness; not automatically identical in every typographical detail to 1923 original,,
research_notes/lovejoy_orientalist_source_register_batch106_delta.csv,106,5,9,,,,,,DIRECT BOOK TEXT IN CLEAN CORPUS,,,,,,,B106-04,1935,Arthur O. Lovejoy and George Boas,Primitivism and Related Ideas in Antiquity,Johns Hopkins Press,methodological preface; Chapter I Prolegomena,Explicit analyst-owned primitivism taxonomy and unit-idea documentary arrangement; preface states Lovejoy chiefly responsible for Chapter I,coauthored volume; do not attribute Boas-assigned sections to Lovejoy,,
research_notes/lovejoy_orientalist_source_register_batch106_delta.csv,106,6,9,,,,,,DIRECT CLEAN-CORPUS TEXT,,,,,,,B106-05,1948/1960 corpus witness,Arthur O. Lovejoy,Essays in the History of Ideas,clean corpus,appended bibliography; 1906 entry,Controls bibliographic survival of 1906 article title without substantive primitive-energetics reuse at that locus,bibliographic occurrence only,,
research_notes/lovejoy_orientalist_source_register_batch106_delta.csv,106,7,9,,,,,,DIRECT LOCAL CORPUS AUDIT,,,,,,,B106-06,1930/1936/1948 sampled later corpus,Arthur O. Lovejoy,The Revolt Against Dualism; The Great Chain of Being; Essays in the History of Ideas; plus Lovejoy-authored 1935 material,local clean corpus,word-boundary audit of distinctive 1906 lexicon,Bounded negative control: no substantive recurrence of mana/manitou/wakonda/wakan/orenda/primitive energetics/manitouism/Codrington/Marett/McGee/Hetherwick in sampled later canonical texts; quasi-mechanical recurs only in unrelated contexts,not a complete Lovejoy oeuvre; absence claim strictly corpus-bounded,,
research_notes/lovejoy_orientalist_source_register_batch106_delta.csv,106,8,9,,,,,,BIBLIOGRAPHICALLY DIRECT; PROPOSITION-LEVEL PRIMARY HOLD,,,,,,,B106-07,1914,Arthur O. Lovejoy,"Review of James H. Leuba, A Psychological Study of Religion",International Journal of Ethics 24.2,pp.216-220,Potential internal bridge: secondary annotated bibliography reports Lovejoy corrects Leuba's misconception of 1906 position,direct review text not recovered in current environment; no substantive correction may be asserted,,
research_notes/lovejoy_orientalist_source_register_batch106_delta.csv,106,9,9,,,,,,SECONDARY PROPOSITION CONTROL,,,,,,,B106-08,1980,Daniel J. Wilson,Arthur O. Lovejoy: An Annotated Bibliography,bibliographic secondary,entry for 1914 Leuba review,Reports that Lovejoy attempts to correct Leuba's misconception of his 1906 view,locator/summary only; cannot substitute for Lovejoy 1914 text,,
research_notes/lovejoy_orientalist_source_register_batch117_delta.csv,117,2,9,,,,,,DIRECT PRIMARY MANUSCRIPT; MANUALLY CLEANED TRANSCRIPTION,,,,,,,B117-01,c.1897-1898,Arthur O. Lovejoy,,,PDF pp.4-18; early Sankhya/Buddhism framing,"Controls Lecture 1 structural field: Buddhism among Sankhya, Vedanta and Indian philosophies; priority/genealogy problem",Exact dates of individual entries remain unknown,"MS38_004_001_061_004, Sankhya + Buddhism notebook",Lovejoy Papers / project transcription
research_notes/lovejoy_orientalist_source_register_batch117_delta.csv,117,3,9,,,,,,DIRECT PRIMARY MANUSCRIPT; MANUALLY CLEANED TRANSCRIPTION,,,,,,,B117-02,c.1897-1898,Arthur O. Lovejoy,,,PDF p.20 / ms p.71,Lovejoy states that general Buddhist position correlated with Three Characteristics plus technical working-out in dependent origination gives what is essential to Buddhist doctrine apart from ethics,Some wording in surrounding sentence remains medium-confidence transcription,MS38_004_001_061_004,Lovejoy Papers / project transcription
research_notes/lovejoy_orientalist_source_register_batch117_delta.csv,117,4,9,,,,,,DIRECT PRIMARY MANUSCRIPT; MEDIUM-HIGH TRANSCRIPTION,,,,,,,B117-03,c.1897-1898,Arthur O. Lovejoy,,,PDF p.68 / ms p.177,Explicit 'Original Elements': flux/Three Characteristics + Formula of Dependent Origination; strongest internal control for reconstructing 1901 'Two Essential Formulas',Does not prove missing syllabus used same labels or exactly these two formulas,MS38_004_001_061_004 closing outline,Lovejoy Papers / project transcription
research_notes/lovejoy_orientalist_source_register_batch117_delta.csv,117,5,9,,,,,,DIRECT PRIMARY MANUSCRIPT; MANUALLY CLEANED TRANSCRIPTION,,,,,,,B117-04,c.1897-1898,Arthur O. Lovejoy,,,PDF pp.61-68 / ms pp.163-177,Controls structural match to 1901 'Buddhist Ethics and its Goal',Lovejoy's doctrinal interpretation should not be normalized to modern Buddhist scholarship,MS38_004_001_061_004 Nirvana/liberation sequence,Lovejoy Papers / project transcription
research_notes/lovejoy_orientalist_source_register_batch117_delta.csv,117,6,9,,,,,,SECONDARY BIBLIOGRAPHIC CONTROL / PRIMARY OBJECT HOLD,,,,,,,B117-05,1901,Arthur O. Lovejoy,,,four-lecture syllabus; titles preserved by Wilson item 243,"Controls title, date, institutional publisher and four lecture headings",Primary syllabus has not been recovered; no proposition-level claims may be attributed to it beyond bibliographic headings,Syllabus: The Philosophy of Buddhism,Washington University Association
research_notes/lovejoy_orientalist_source_register_batch117_delta.csv,117,7,9,,,,,,DIRECT PRIMARY MANUSCRIPT; DATE IMAGE-VERIFIED,,,,,,,B117-06,1905-12-20,Arthur O. Lovejoy,,,MS38_005 PDF p.44 / ms p.57,Proves dated history-of-religion teaching/lecture outline and continued conversion of comparative-religion research into class material,Institutional referent of 'Hist. Relig.' remains unresolved; not proven to be same course as 1901 syllabus,Hist. Relig. class/lecture outline in MS38_005,Lovejoy Papers / project transcription
research_notes/lovejoy_orientalist_source_register_batch117_delta.csv,117,8,9,,,,,,DIRECT CONTEMPORARY INSTITUTIONAL PRIMARY,,,,,,,B117-07,1905,Washington University,,,pp.220-229 publication staff; p.228,Identifies Arthur O. Lovejoy as Managing Editor of Bulletin of the Washington University Association; strengthens Association institutional continuity,Does not establish custody or survival of the 1901 Buddhism syllabus,The Hatchet,Washington University digital collection
research_notes/lovejoy_orientalist_source_register_batch117_delta.csv,117,9,9,,,,,,DIRECT INSTITUTIONAL FINDING AID,,,,,,,B117-08,1855-2025 collection; 2026 access,Washington University Libraries,,,WUA-02-wua00090,"Defines concrete retrieval locus for courses, faculty, officers and early catalogs/course bulletins","Finding aid is retrieval control, not evidence for the content of Lovejoy's 1901 lectures or 1905 Hist. Relig. entry",Washington University Course Catalog Collection,University Archives
research_notes/lovejoy_orientalist_source_register_batch117_delta.csv,117,10,9,,,,,,DIRECT INSTITUTIONAL RETRIEVAL GUIDANCE,,,,,,,B117-09,2026 access,Washington University Libraries,,,faculty collections overview,"Notes that faculty collections often contain syllabi, exams, assignments, research correspondence and reports; supports targeted syllabus search","Generic repository guidance, not proof that a Lovejoy faculty collection contains the missing object",Faculty and Administrators’ Collections guidance,University Archives
research_notes/lovejoy_orientalist_source_register_batch13_14_delta.csv,,2,8,1906,publication_context,adjacent_comparative_religion,The Monist 16.3 issue ecology,Oxford Academic issue table,confirmed_primary_context,"Lovejoy's Primitive Philosophy appears in an issue alongside Friedrich Hirth on the mariners' compass in China and Lawrence H. Mills on Bible/Persian inscriptions/Avesta, illustrating Monist's mixed philosophy/Oriental-philology ecology",Keep as editorial context only; do not infer influence from neighboring articles,,,,,,,,,,,,,,
research_notes/lovejoy_orientalist_source_register_batch13_14_delta.csv,,3,8,1908,publication_context,history_of_religion,The Monist 18.4 issue ecology,Oxford Academic issue table; Internet Archive monistquart18hegeuoft,confirmed_primary_context,"Issue containing Lovejoy's Pre-Christian Cult of Jesus also includes D.T. Suzuki on early Chinese philosophy, Berthold Laufer on Jonah in India, classification of religions, and W.B. Smith review material",Retrieve Lovejoy full primary article from IA volume and compare anti-syncretism method,,,,,,,,,,,,,,
research_notes/lovejoy_orientalist_source_register_batch13_14_delta.csv,,4,8,1886-1998,archive_primary_target,publication_network,Open Court Publishing Company Records MSS 027,Southern Illinois University Carbondale Special Collections,confirmed_collection_person_index,424-box archive contains Monist/Open Court editorial correspondence and manuscripts; languages include Chinese Japanese and Pali; collection person indexing explicitly includes Arthur O. Lovejoy,"Request all Lovejoy-indexed folders/items c1905-1909, especially publishing correspondence/manuscripts",,,,,,,,,,,,,,
research_notes/lovejoy_orientalist_source_register_batch13_14_delta.csv,,5,8,1885-1969,archive_structure,publication_network,MSS 027 Series 1 Sub-Series 6 Publishing correspondence,SIU MSS 027 finding aid,confirmed,Publishing correspondence is alphabetically arranged by correspondent and concentrated in Carus era; exact Lovejoy folder not exposed online,Ask SIU for internal person/correspondent search; target Lo/Lovejoy range without inferring box number,,,,,,,,,,,,,,
research_notes/lovejoy_orientalist_source_register_batch13_14_delta.csv,,6,8,1888-1933,archive_structure,publication_network,MSS 027 Box 44 L correspondence range,SIU MSS 027 public finding aid,confirmed_context,Box 44 web listing includes generic L and named Lanman Laufer Leuba Lloyd folders; web display stops at Lloyd and does not surface a Lovejoy folder,Do not assign Lovejoy to Box44 or inferred Box45 without staff/folder confirmation,,,,,,,,,,,,,,
research_notes/lovejoy_orientalist_source_register_batch13_14_delta.csv,,7,8,1905-1909,archive_unknown,publication_network,Lovejoy-specific Open Court correspondence/manuscripts,SIU MSS 027,high_priority_unresolved,Three facts justify direct query: Lovejoy published Monist 1906/1908; archive preserves period editorial/manuscript files; Lovejoy is collection-indexed. Exact letters/typescripts/proofs remain unconfirmed,"Send archive query for Arthur O. Lovejoy records, titles Primitive Philosophy and Pre-Christian Cult of Jesus, Series1/Sub6 and Series2",,,,,,,,,,,,,,
research_notes/lovejoy_orientalist_source_register_batch29_sacrifice_primary_delta.csv,,2,8,1897,primary_text,sacrifice,Marillier La place du totémisme dans l'évolution religieuse,"RHR 36:208-253,321-369; JSTOR 23661047/23661061; Gallica-derived OCR",confirmed_primary,"Direct text recovered. Marillier attacks Robertson Smith/Jevons single totemic-sacramental origin, saying systematic theory should not force mobile variety of facts; establishes primary French context for 005 mechanism decomposition",Capture vol37 continuation and build source/case-order concordance with 005 pp46-119,,,,,,,,,,,,,,
research_notes/lovejoy_orientalist_source_register_batch29_sacrifice_primary_delta.csv,,3,8,1897,primary_text,sacrifice,Marillier critique of sacramental origin,RHR 36 around Thomas-cited p243,confirmed_primary,If god-clan union is natural no ceremony is needed to maintain it; if common meal creates union specifically totemic character is doubtful; communion can be later point of arrival rather than origin,Use Marillier primary rather than Thomas relay; map to 005 p117 and anti-single-origin notes,,,,,,,,,,,,,,
research_notes/lovejoy_orientalist_source_register_batch29_sacrifice_primary_delta.csv,,4,8,1897,primary_text,magic_mana,Marillier blood/contact mechanism in sacrifice,RHR 36 Marillier article,confirmed_primary,Blood of divine victim may bring god into altar-stone/contact; consuming sacred flesh transfers gifts/qualities and can create excessive dangerous power; direct precursor field for 005 blood/body-part transfer distinctions,"Compare exact cases and source authorities with 005 pp84-105,119",,,,,,,,,,,,,,
research_notes/lovejoy_orientalist_source_register_batch29_sacrifice_primary_delta.csv,,5,8,1897,primary_text,magic_mana,Marillier union-sacrifice resembles magic,RHR 36 continuation pp321-369,confirmed_primary,Marillier states union/totemic sacrifice resembles undeniably magical practices; blood sprinkling calling god into altar stone compared to spirit evocation; rejects sharp line between magic and religion,Compare to 005 p64 and p105 quasi-mechanical/magical distinction; preserve difference that Marillier still frames action through spirits,,,,,,,,,,,,,,
research_notes/lovejoy_orientalist_source_register_batch29_sacrifice_primary_delta.csv,,6,8,1897,primary_text,method,Marillier anti-universal totemism argument,RHR 36,confirmed_primary,Rejects totemism as necessary universal religious stage and warns against assigning totemic origin merely because a rite occurs among totemic peoples; strong method control for 005 rejection of simple evolutionary sequences,Carry into formal method concordance; avoid projecting mature Lovejoy unit-idea vocabulary backward,,,,,,,,,,,,,,
research_notes/lovejoy_orientalist_source_register_batch29_sacrifice_primary_delta.csv,,7,8,1911,evidence_correction,sacrifice,Thomas compressed summary versus Marillier primary,EB11 Sacrifice; Marillier RHR 36 primary,resolved_with_caution,"Thomas's 'sacrifice originally magical' relay is stronger/simpler than the recovered 1897 primary, which keeps several mechanisms in play; do not substitute Thomas formula for Marillier exact position until vol37 continuation checked",Read vol37 1898 continuation before finalizing Marillier theory of sacrifice,,,,,,,,,,,,,,
research_notes/lovejoy_orientalist_source_register_batch30_marillier1900_delta.csv,,2,8,1900,primary_text_locator,magic_mana,Marillier Religion searchable electronic reproduction,La Grande Encyclopédie XXVIII pp341-364; Cosmovisions searchable reproduction; IA lagrandeencyclop28dref facsimile,text_level_confirmed_facsimile_pending,Searchable reproduction exposes detailed mana/taboo/magic/sacrifice argument; use for text discovery while exact wording/page citation awaits facsimile collation,Map passages to exact printed pages and verify against DjVu/IA facsimile before publication quotation,,,,,,,,,,,,,,
research_notes/lovejoy_orientalist_source_register_batch30_marillier1900_delta.csv,,3,8,1900,primary_text_locator,magic_mana,Marillier common dispersed mana,Marillier Religion electronic reproduction,confirmed_text_locator,"Marillier describes 'un même mana, d'une même force magique et divine, de qualité partout identique, éparse dans les choses'; direct conceptual bridge to Lovejoy 1906 diffused/transferable efficacy",Verify exact page in facsimile; compare wording to Söderblom 1901 and Lovejoy 1906,,,,,,,,,,,,,,
research_notes/lovejoy_orientalist_source_register_batch30_marillier1900_delta.csv,,4,8,1900,primary_text_locator,taboo,Marillier sacred/impure contagious force,Marillier Religion electronic reproduction,confirmed_text_locator,Sacred/impure persons and objects are reservoirs of dangerous/fecundating force; taboo/contact transmits power; sacredness explicitly not moral perfection. Strong control for 005 pp14-20 and 112-117,Locate exact printed pages; compare to 1896 Tabou and 1901 Notes sur la coutume,,,,,,,,,,,,,,
research_notes/lovejoy_orientalist_source_register_batch30_marillier1900_delta.csv,,5,8,1900,primary_text_locator,sacrifice,Marillier primitive sacrifice as magical force release,Marillier Religion electronic reproduction,confirmed_text_locator,Primitive sacrifice releases force by blood effusion intensified through ritual/incantation and acts on gods to constrain them; substantially verifies Thomas 1911 relay,"Facsimile-verify exact text and page; compare to 005 p64, pp84-105",,,,,,,,,,,,,,
research_notes/lovejoy_orientalist_source_register_batch30_marillier1900_delta.csv,,6,8,1900,primary_text_locator,sacrifice,Marillier mechanical versus psychological-moral efficacy,Marillier Religion electronic reproduction,confirmed_text_locator,Transition from magical to alimentary/propitiatory sacrifice explicitly described as no longer a 'moyen mécanique' but psychological/moral; deity accepts offering whereas magical sacrifice is undergone by deity. Major prehistory for 005 quasi-mechanical wording,Facsimile-verify and map exact page; avoid claiming direct quotation uptake by Lovejoy without evidence,,,,,,,,,,,,,,
research_notes/lovejoy_orientalist_source_register_batch30_marillier1900_delta.csv,,7,8,1900,primary_text_locator,sacrifice,Marillier blood restores life and transfers power,Marillier Religion electronic reproduction,confirmed_text_locator,Ancestor blood rites infuse new life; sacred flesh/blood and contact carry efficacy. Strong mechanism continuity with 005 blood/body-part transfer and fecundative rites,Build source/case-order concordance after page verification,,,,,,,,,,,,,,
research_notes/lovejoy_orientalist_source_register_batch30_marillier1900_delta.csv,,8,8,1900,primary_text_locator,method,Marillier communion as historically transformed mechanism,Marillier Religion electronic reproduction,confirmed_text_locator,Common dispersed mana gives way to transcendent deities; communal sacrifice changes from kinship/alliance production to mystical communion. Supports 005 insistence that later ritual meaning cannot be projected backward,Compare with 1897-98 totemism articles and 005 p117,,,,,,,,,,,,,,
research_notes/lovejoy_orientalist_source_register_batch30_marillier1900_delta.csv,,9,8,1900,primary_text_locator,expiation,Marillier expiatory sacrifice decomposed by mechanism,Marillier Religion electronic reproduction,confirmed_text_locator,"Distinguishes divine appeasement, magical expulsion/scapegoat, communal danger and mixed agrarian/fecundative/communial functions; some rites explicitly magical operations not symbols of moral lustration",Map against 005 expiatory/purification/propitiation distinctions,,,,,,,,,,,,,,
research_notes/lovejoy_orientalist_source_register_batch30_marillier1900_delta.csv,,10,8,1900,primary_text_locator,moralization,Marillier ritual-to-moral transition,Marillier Religion electronic reproduction,confirmed_text_locator,Reciprocal divine-human obligations become guilt as relations moralize; direct counterpart to 005 naturalistic/ritual/social/strictly moral determinant sequence,Facsimile-verify; compare to Marillier 1901 taboo/moral-obligation text when recovered,,,,,,,,,,,,,,
research_notes/lovejoy_orientalist_source_register_batch30_marillier1900_delta.csv,,11,8,1909,near_contemporary_control,magic_mana,Doutté cites Marillier Religion pp350-351,Edmond Doutté Magie et religion dans l'Afrique du Nord (1909),confirmed_relay,"Doutté explicitly points to Marillier Religion pp350-351 in discussion of magical force, helping locate mana/magic passage in facsimile",Use as pagination locator; still verify Marillier primary directly,,,,,,,,,,,,,,
research_notes/lovejoy_orientalist_source_register_batches25_26_delta.csv,,2,8,1898-1899,primary_institutional,strict_core,Maurice Vernes Psalms course,"EPHE programme 1898-99, Persée",confirmed,Exact course 'Explication du livre des Psaumes' independently corroborates Wilson's letter-based claim that Lovejoy studied Psalms with Vernes,Extract Lovejoy 1898 letters; connect cautiously to 005 Hebrew layer and 1907 Ethical Inwardness,,,,,,,,,,,,,,
research_notes/lovejoy_orientalist_source_register_batches25_26_delta.csv,,3,8,1898-1899,primary_institutional,history_of_religion,Jean Réville Fourth Gospel course,"EPHE Histoire de l'Église chrétienne report 1898-99, Persée",confirmed,"Saturday conference explicitly critically examined authenticity/origin of the Fourth Gospel and Johannine traditions, exactly corroborating Wilson's claim that Lovejoy frequently heard Réville on the Fourth Gospel",Extract Lovejoy letters and compare later historical-genealogical method without assuming direct influence,,,,,,,,,,,,,,
research_notes/lovejoy_orientalist_source_register_batches25_26_delta.csv,,4,8,1898-1899,primary_institutional,strict_core,Alfred Foucher Nyāya course,"EPHE Religions de l'Inde report 1898-99 p35, Persée",confirmed_context,"Same EPHE year as Lovejoy's active Marillier participation included detailed Indian logic: definition, causation, perception, inference, analogy, testimony/language and fallacies. Lovejoy attendance unproved",Keep as Paris Indian-philosophy ecology; search letters/course registrations for attendance,,,,,,,,,,,,,,
research_notes/lovejoy_orientalist_source_register_batches25_26_delta.csv,,5,8,1898-1899,primary_institutional,strict_core,Joseph Trumbull Stickney Sāṃkhya series from Garbe,"EPHE Religions de l'Inde report 1898-99 p35, Persée",confirmed_context,"Stickney delivered a series on Sāṃkhya according to Garbe in the same section/year, directly intersecting the live Sāṃkhya-Buddhism problem-field of 004/1898",Search Lovejoy-Stickney contact and course registrations; do not infer attendance,,,,,,,,,,,,,,
research_notes/lovejoy_orientalist_source_register_batches25_26_delta.csv,,6,8,1898-1899,primary_institutional,strict_core,Sylvain Lévi Bhagavad-Gītā conference,"EPHE Section historique et philologique Langue sanscrite report for 1898-99 pp65-67, Persée",confirmed_context,"Lévi's actual regular Sanskrit teaching during Lovejoy's Paris year included Bhagavad-Gītā explanation, with Stickney highly active",Use to clarify that desired Pāli-Buddhist course was absent from recovered regular offerings; search letters for private-reading details,,,,,,,,,,,,,,
research_notes/lovejoy_orientalist_source_register_batches25_26_delta.csv,,7,8,1898-1899,primary_institutional,strict_core,Sylvain Lévi Indian literature survey,"EPHE Section historique et philologique Langue sanscrite report for 1898-99 pp65-67, Persée",confirmed_context,"Lévi gave a continuous survey of major Indian works, passages and current scholarship for students; reconstructs exact Indianist curriculum around Lovejoy",Search registration lists/letters; keep attendance unresolved,,,,,,,,,,,,,,
research_notes/lovejoy_orientalist_source_register_batches25_26_delta.csv,,8,8,1874-1904,primary_biographical_context,strict_core,Joseph Trumbull Stickney identity,BnF Catalogue; BnF Patrimoines Partagés,confirmed,"American student Joseph Trumbull Stickney was Lévi/Foucher's Sanskrit-Indian philosophy student, later source of Lévi's Bhagavad-Gītā translation; useful same-year American Indianist control",Search Stickney papers/Paris correspondence for Lovejoy; no direct relation yet,,,,,,,,,,,,,,
research_notes/lovejoy_orientalist_source_register_batches25_26_delta.csv,,9,8,1897-1898,primary_mission_context,strict_core,Sylvain Lévi Nepal manuscript acquisitions,"CRAI 1898 Barth/Senart reports, Persée",confirmed,"Lévi returned to Paris with rare Sanskrit/Buddhist manuscripts and copies, including Asaṅga's Sūtrālaṃkāra/Mahāyāna-Sūtrālaṃkāra; mission immediately precedes reported private reading with Lovejoy",Do not identify private texts by inference; use as candidate material field pending letters/archive,,,,,,,,,,,,,,
research_notes/lovejoy_orientalist_source_register_batches25_26_delta.csv,,10,8,1899-01-27,primary_mission_context,strict_core,Sylvain Lévi mission report to Académie,"CRAI 43.1 (1899) pp71-92, Persée",confirmed,"Lévi publicly reported his India/Japan mission in Paris during Lovejoy's year, showing recent Asian manuscript work was actively reintegrated into Paris scholarship",Read full report for teaching/private-reading clues,,,,,,,,,,,,,,
research_notes/lovejoy_orientalist_source_register_batches25_26_delta.csv,,11,8,1898-present,archive_primary_target,strict_core,Sylvain Lévi scientific archive,Collège de France Bibliothèque d'études indiennes et centrasiatiques; Salamandre,confirmed_collection,Official library description confirms S. Lévi scientific archives; part of manuscript/iconographic collection digitized. Public web inventory does not yet expose Lovejoy-level correspondence,"Target enquiry: Lovejoy, American students, 1898-99 diaries/address books/private readings, Buddhist/Pāli teaching notes",,,,,,,,,,,,,,
research_notes/lovejoy_orientalist_source_register_batches25_26_delta.csv,,12,8,1898-1899,evidence_limit,strict_core,Lovejoy in French manuscript web indexes,Salamandre; Calames; BnF; FranceArchives targeted public-index sweep,web_index_negative_only,No Lovejoy-specific manuscript/correspondence hit surfaced in this round; not evidence of archival absence because relevant fonds-level Sylvain Lévi archive is confirmed,Proceed by fonds-level enquiry and JHU Wilson letters rather than treating web-index silence as negative evidence,,,,,,,,,,,,,,
