database,year,title,authors,type,journal_or_source,volume,issue,pages,doi,url,other_urls,query
OpenAlex,1963,Arthur O. Lovejoy and the History of Ideas,John Herman Randall,article,Philosophy and Phenomenological Research,,,,https://doi.org/10.2307/2104513,https://openalex.org/W2318203053,https://doi.org/10.2307/2104513,Arthur O. Lovejoy
OpenAlex,1948,Arthur O. Lovejoy and the Theory of Historiography,Maurice Mandelbaum,article,Journal of the History of Ideas,,,,https://doi.org/10.2307/2707214,https://openalex.org/W2325075983,https://doi.org/10.2307/2707214,Arthur O. Lovejoy
OpenAlex,1963,Reflections on Human Nature.,Ian G. Wallace; Arthur O. Lovejoy,article,HighWire Press Open Archive; The Philosophical Quarterly,,,,https://doi.org/10.2307/2955534,https://openalex.org/W1967213345,http://pq.oxfordjournals.org/cgi/content/short/13/53/369; https://doi.org/10.2307/2955534,Arthur O. Lovejoy
OpenAlex,1963,The Philosophical Method of Arthur O. Lovejoy: Critical Realism and Psychoanalytical Realism,Lewis S. Feuer,article,Philosophy and Phenomenological Research,,,,https://doi.org/10.2307/2104515,https://openalex.org/W2316587247,https://doi.org/10.2307/2104515,Arthur O. Lovejoy
OpenAlex,1949,<i>Essays in the History of Ideas</i>. Arthur O. Lovejoy,Hàrry Levin,article,Isis,,,,https://doi.org/10.1086/349023,https://openalex.org/W2511941615,https://doi.org/10.1086/349023,Arthur O. Lovejoy
OpenAlex,1911,Schopenhauer as an Evolutionist,Arthur O. Lovejoy,article,The Monist,,,,https://doi.org/10.5840/monist191121240,https://openalex.org/W2331385066,https://doi.org/10.5840/monist191121240,Arthur O. Lovejoy
OpenAlex,1936,"<i>A Documentary History of Primitivism and Related Ideas. Volume I: Primitivism and Related Ideas in Antiquity</i>. Arthur O. Lovejoy , George Boas",George Sarton,article,Isis,,,,https://doi.org/10.1086/347079,https://openalex.org/W2078051090,https://doi.org/10.1086/347079,Arthur O. Lovejoy
OpenAlex,1951,"Essays in the History of Ideas. By Arthur O. Lovejoy. (The Johns Hopkins Press, Baltimore; London, Cumberlege. 1948. Pp. 354. Price 27s. 6d.",D. J. Allan,article,Philosophy,,,,https://doi.org/10.1017/s0031819100026929,https://openalex.org/W2019028339,https://doi.org/10.1017/s0031819100026929,Arthur O. Lovejoy
OpenAlex,1906,The Fundamental Concept of Primitive Philosophy,Arthur O. Lovejoy,article,The Monist; Zenodo (CERN European Organization for Nuclear Research),,,,https://doi.org/10.5840/monist190616324,https://openalex.org/W2315371639,http://doi.org/10.5840/monist190616324; https://doi.org/10.5840/monist190616324,Arthur O. Lovejoy
OpenAlex,1906,IV.—KANT'S ANTITHESIS OF DOGMATISM AND CRITICISM,Arthur O. Lovejoy,article,HighWire Press Open Archive; Mind; Zenodo (CERN European Organization for Nuclear Research),,,,https://doi.org/10.1093/mind/xv.58.191,https://openalex.org/W2047744407,http://mind.oxfordjournals.org/cgi/content/short/XV/58/191; https://doi.org/10.1093/mind/xv.58.191; https://zenodo.org/record/1590303,Arthur O. Lovejoy
OpenAlex,1915,"General Report of the Committee on Academic Freedom and Academic Tenure: Presented at the Annual Meeting of the Association: December 31, 1915",Edwin R. A. Seligman; Charles E. Bennett; James Quayle Dealey; Richard T. Ely; Henry W. Farnam; Frank A. Fetter; Franklin H. Giddings; Charles A. Kofoid; Arthur O. Lovejoy; Frederick W. Padelford; Roscoe Pound; Howard C. Warren; Ulysses G. Weatherly,article,Bulletin of the American Association of University Professors,,,,https://doi.org/10.2307/40216731,https://openalex.org/W2801462768,https://doi.org/10.2307/40216731,Arthur O. Lovejoy
OpenAlex,1954,The 1915 Declaration of Principles: Academic Freedom and Tenure,Edwin R. A. Seligman; Charles E. Bennett; James Quayle Dealey; Richard T. Ely; Henry W. Farnam; Frank A. Fetter; Franklin H. Giddings; Charles A. Kofoid; Arthur O. Lovejoy; Frederick W. Padelford; Roscoe Pound; Howard C. Warren; Ulysses G. Weatherly,article,Bulletin of the American Association of University Professors,,,,https://doi.org/10.2307/40220998,https://openalex.org/W2800724473,https://doi.org/10.2307/40220998,Arthur O. Lovejoy
OpenAlex,1963,<i>Reflections on Human Nature</i> by Arthur O. Lovejoy,James A. Doolittle,article,South Atlantic Quarterly,,,,https://doi.org/10.1215/00382876-62-1-148,https://openalex.org/W4361854019,http://dx.doi.org/10.1215/00382876-62-1-148,Arthur O. Lovejoy
OpenAlex,1951,Essays in the History of Ideas by Arthur O. Lovejoy,Ambrose McNicholl,article,The Thomist: A Speculative Quarterly Review,,,,https://doi.org/10.1353/tho.1951.0016,https://openalex.org/W2625369879,https://doi.org/10.1353/tho.1951.0016,Arthur O. Lovejoy
OpenAlex,1943,"Review: Arthur O. Lovejoy, On the Criteria and Limits of Meaning",Ernest Nagel,article,Journal of Symbolic Logic; Project Euclid (Cornell University),,,,,https://openalex.org/W1595932245,http://projecteuclid.org/euclid.jsl/1183391311; https://projecteuclid.org/euclid.jsl/1183391311,Arthur O. Lovejoy
OpenAlex,1964,"Arthur O. Lovejoy, The Thirteen Pragmatisms and Other Essays",Christian Wenin,article,Revue Philosophique de Louvain,,,,,https://openalex.org/W2330399652,https://www.persee.fr/doc/phlou_0035-3841_1964_num_62_73_5249_t1_0206_0000_2,Arthur O. Lovejoy
OpenAlex,1949,<i>Essays in the History of Ideas</i>. Arthur O. Lovejoy,Crane Brinton,article,The Journal of Modern History,,,,https://doi.org/10.1086/237298,https://openalex.org/W2515864680,https://doi.org/10.1086/237298,Arthur O. Lovejoy
OpenAlex,1931,<i>The Revolt Against Dualism</i>. Arthur O. Lovejoy,Arthur Ε. Murphy,article,The International Journal of Ethics,,,,https://doi.org/10.1086/intejethi.41.2.2377919,https://openalex.org/W2507299876,https://doi.org/10.1086/intejethi.41.2.2377919,Arthur O. Lovejoy
OpenAlex,1931,<i>The Revolt against Dualism</i>. Arthur O. Lovejoy,H. T. Davis,article,Isis,,,,https://doi.org/10.1086/346554,https://openalex.org/W2512020798,https://doi.org/10.1086/346554,Arthur O. Lovejoy
OpenAlex,1930,The Revolt against Dualism <i>By Arthur O. Lovejoy</i>,,article,Parnassus,,,,https://doi.org/10.1080/15436314.1930.11666362,https://openalex.org/W4312577553,https://doi.org/10.1080/15436314.1930.11666362,Arthur O. Lovejoy
OpenAlex,1951,<i>Essays in the History of Ideas</i>. Arthur O. Lovejoy,James Luther Adams,article,The Journal of Religion,,,,https://doi.org/10.1086/484075,https://openalex.org/W2514227645,https://doi.org/10.1086/484075,Arthur O. Lovejoy
OpenAlex,1937,<i>The Great Chain of Being</i>. Arthur O. Lovejoy,H. T. Davis,article,Isis,,,,https://doi.org/10.1086/347235,https://openalex.org/W2513296475,https://doi.org/10.1086/347235,Arthur O. Lovejoy
OpenAlex,1949,"Arthur O. Lovejoy, <i>Essays in the History of Ideas</i>",René Wellek,article,The Germanic Review Literature Culture Theory,,,,https://doi.org/10.1080/19306962.1949.11786443,https://openalex.org/W2558313679,https://doi.org/10.1080/19306962.1949.11786443,Arthur O. Lovejoy
OpenAlex,1931,Book Review:The Revolt Against Dualism. Arthur O. Lovejoy,Arthur Ε. Murphy,article,Ethics,,,,https://doi.org/10.1086/207879,https://openalex.org/W1995893971,https://doi.org/10.1086/207879,Arthur O. Lovejoy
OpenAlex,1938,<i>The Great Chain of Being</i>. Arthur O. Lovejoy,Henry V. S. Ogden,article,Isis,,,,https://doi.org/10.1086/347375,https://openalex.org/W4237557654,https://doi.org/10.1086/347375,Arthur O. Lovejoy
OpenAlex,1908,The Theory of a Pre-Christian Cult of Jesus,Arthur O. Lovejoy,article,The Monist; Zenodo (CERN European Organization for Nuclear Research),,,,https://doi.org/10.5840/monist190818440,https://openalex.org/W2313375078,http://doi.org/10.5840/monist190818440; https://doi.org/10.5840/monist190818440,Arthur O. Lovejoy
OpenAlex,1931,What Is Knowledge?<i>The Revolt against Dualism</i>. Arthur O. Lovejoy,Henry Nelson Wieman,article,The Journal of Religion,,,,https://doi.org/10.1086/481061,https://openalex.org/W2257075611,https://doi.org/10.1086/481061,Arthur O. Lovejoy
OpenAlex,1937,<i>The Great Chain of Being: A Study of the History of an Idea</i>. Arthur O. Lovejoy,Bruce W. Brotherston,article,The Journal of Religion,,,,https://doi.org/10.1086/481966,https://openalex.org/W2516270553,https://doi.org/10.1086/481966,Arthur O. Lovejoy
OpenAlex,1937,Book Review:The Great Chain of Being: A Study of the History of an Idea. Arthur O. Lovejoy,Scott Buchanan,article,Ethics,,,,https://doi.org/10.1086/208409,https://openalex.org/W2030352736,https://doi.org/10.1086/208409,Arthur O. Lovejoy
OpenAlex,1937,<i>The Great Chain of Being: A Study of the History of an Idea</i>. Arthur O. Lovejoy,Scott Buchanan,article,The International Journal of Ethics,,,,https://doi.org/10.1086/intejethi.47.4.2989373,https://openalex.org/W2514777464,https://doi.org/10.1086/intejethi.47.4.2989373,Arthur O. Lovejoy
OpenAlex,1949,"Essays in the History of Ideas. By <i>Arthur O. Lovejoy</i>. (Baltimore: Johns Hopkins Press. 1948. Pp. xvii, 359. $5.00.)",Sidney Ratner,article,The American Historical Review,,,,https://doi.org/10.1086/ahr/54.4.850,https://openalex.org/W4233714045,https://doi.org/10.1086/ahr/54.4.850,Arthur O. Lovejoy
OpenAlex,1938,Harvard University and Drs. Walsh and Sweezy: A Review of the Faculty Committee's Report,Arthur O. Lovejoy,review,Bulletin of the American Association of University Professors,,,,https://doi.org/10.2307/40219387,https://openalex.org/W2801268978,https://doi.org/10.2307/40219387,Arthur O. Lovejoy
OpenAlex,1936,"<i>A Documentary History of Primitwism and Related Ideas</i>. General Editors, <scp>Arthur O. Lovejoy, Gilbert Chinard, George Boas, Ronald S. Crane</scp>. Volume I, <i>Primitwism and Related Ideas in Antiquity</i>. By <scp>Arthur O. Lovejoy, George Boas</scp>, <scp>Ronald S. Crane</scp>. Volume I, <i>Primitwism and Related Ideas in Antiquity</i>. By <scp>Arthur O. Lovejoy, George Boas</scp>. With Supplementary Essays by <scp>W. F. Albright</scp> and <scp>P. E. Dumont</scp>. (Baltimore: Johns Hopkins Press. 1935. Pp. xv, 482. $5.00.)",R. K. Hack,article,The American Historical Review,,,,https://doi.org/10.1086/ahr/41.4.728,https://openalex.org/W4242587055,https://doi.org/10.1086/ahr/41.4.728,Arthur O. Lovejoy
OpenAlex,1943,"Arthur O. Lovejoy. On the criteria and limits of meaning. Philosophical essays in honor of Edgar Arthur Singer, Jr., edited by F. P. Clarke and M. C. Nahm, University of Pennsylvania Press, Philadelphia1942, pp. 3–23.",Ernest Nagel,article,Journal of Symbolic Logic,,,,https://doi.org/10.2307/2266386,https://openalex.org/W2332344777,https://doi.org/10.2307/2266386,Arthur O. Lovejoy
OpenAlex,1935,"A documentary history of primitivism and related ideas General editors Arthur O. Lovejoy, Gilbert Chinard, George Boas, Ronald S. Crane","Lovejoy, Arthur O. 1873-1962",article,,,,,,https://openalex.org/W7113132094,,Arthur O. Lovejoy
OpenAlex,1919,Committee on Academic Freedom and Academic Tenure,F. S. Deibler; John Lowes; G. J. Shaw Lefevre; Honor Miller; Edmund H. Hollands; Arthur O. Lovejoy; Geo. W. Bailey; Judson M. Bemis; John Campbell; George A. Fowler; Benjamin G. Griffith; Irving Howbert; Charles M. MacNeill; Henry McAllister; George Foster Peabody; Oliver H. Shoup; Elizabeth Shove; Philip B. Stewart; Mahlon D. Thatcher; Frank Trumbull; William M. Vance,article,Bulletin of the American Association of University Professors,,,,https://doi.org/10.2307/40216940,https://openalex.org/W2799354588,https://doi.org/10.2307/40216940,Arthur O. Lovejoy
OpenAlex,1931,The Revolt against Dualism: an Inquiry concerning the Existence of Ideas. By Arthur O. Lovejoy. (London: George Allen &amp; Unwin Ltd.1930. Pp. xii + 325. Price 15s.),L. Susan Stebbing,article,Philosophy,,,,https://doi.org/10.1017/s0031819100045277,https://openalex.org/W2122599892,https://doi.org/10.1017/s0031819100045277,Arthur O. Lovejoy
OpenAlex,1936,"Primitivism and Related Ideas in Antiquity. By Arthur O. Lovejoy and George Boas. With supplementary essays by W. F. Albright and P. E. Dumont. (Baltimore: Johns Hopkins Press; London: Oxford University Press, Humphrey Milford. 1935. Pp. xv + 482. Price $5; 22s.)",J. R. de la H. Marett,article,Philosophy,,,,https://doi.org/10.1017/s0031819100033878,https://openalex.org/W2108917390,https://doi.org/10.1017/s0031819100033878,Arthur O. Lovejoy
OpenAlex,1953,Lovejoy (Arthur O.) - Essays in the History of Ideas,Robert Derathé,article,Persée (Ministère de lEnseignement supérieur et de la Recherche); Revue française de science politique,,,,,https://openalex.org/W2336643767,https://dialnet.unirioja.es/servlet/articulo?codigo=5688194; https://www.persee.fr/doc/rfsp_0035-2950_1953_num_3_3_452727_t1_0629_0000_002,Arthur O. Lovejoy
OpenAlex,1919,Report of the Committee on Pensions and Insurance,Arthur O. Lovejoy; Harlan F. Stone,article,Bulletin of the American Association of University Professors,,,,https://doi.org/10.2307/40216900,https://openalex.org/W2799574429,https://doi.org/10.2307/40216900,Arthur O. Lovejoy
OpenAlex,1920,Report of the Committee of Inquiry on the Colorado School of Mines,M. F. Libby; Herbert S. Hadley; J. M. Coulter; H. O. Hofman; A. A. Potter; Arthur O. Lovejoy,article,Bulletin of the American Association of University Professors,,,,https://doi.org/10.2307/40216984,https://openalex.org/W2800364198,https://doi.org/10.2307/40216984,Arthur O. Lovejoy
OpenAlex,1921,Report of the Committee of Inquiry on Conditions in Washburn College,Arthur O. Lovejoy; Grace Van S. Baur; Raymond G. Gettell; Edgar James Swift; Ulysses G. Weatherly,article,Bulletin of the American Association of University Professors,,,,https://doi.org/10.2307/40217022,https://openalex.org/W2800192552,https://doi.org/10.2307/40217022,Arthur O. Lovejoy
OpenAlex,1917,"Academic Freedom and Academic Tenure: Report of the Committee of Inquiry concerning Charges of Violation of Academic Freedom, Involving the Dismissal of the President and Three Members of the Faculty, at the University of Montana",Charles A. Kofoid; Arthur O. Lovejoy; Guido H. Marx; Frederick Morgan Padelford,article,Bulletin of the American Association of University Professors,,,,https://doi.org/10.2307/40216834,https://openalex.org/W2800150754,https://doi.org/10.2307/40216834,Arthur O. Lovejoy
OpenAlex,1920,Michigan's millions of idle acres,P. S. Lovejoy; Fred E. Janette,book,Biodiversity Heritage Library (Smithsonian Institution); The Journal of the Abraham Lincoln Association,,,,https://doi.org/10.5962/bhl.title.26795,https://openalex.org/W2501489655,http://hdl.handle.net/2027/uc2.ark:/13960/t2x34p486; https://doi.org/10.5962/bhl.title.26795; https://www.biodiversitylibrary.org/bibliography/26795; https://www.biodiversitylibrary.org/item/69094,Arthur O. Lovejoy
Crossref,1931,Book Review:The Revolt Against Dualism. Arthur O. Lovejoy,Arthur E. Murphy,journal-article,Ethics,41,2,265,10.1086/207879,https://doi.org/10.1086/207879,,Arthur O. Lovejoy
Crossref,1938,<i>The Great Chain of Being</i>. Arthur O. Lovejoy,,journal-article,Isis,28,2,537-540,10.1086/347375,https://doi.org/10.1086/347375,,Arthur O. Lovejoy
Crossref,1942,On The Criteria and Limits of Meaning,Arthur O. Lovejoy,book-chapter,Philosophical Essays,,,3-23,10.9783/9781512815245-002,https://doi.org/10.9783/9781512815245-002,,Arthur O. Lovejoy
Crossref,1931,<i>The Revolt against Dualism</i>. Arthur O. Lovejoy,H. T. Davis,journal-article,Isis,15,1,190-193,10.1086/346554,https://doi.org/10.1086/346554,,Arthur O. Lovejoy
Crossref,1963,<i>Reflections on Human Nature</i> by Arthur O. Lovejoy,James Doolittle,journal-article,South Atlantic Quarterly,62,1,148-149,10.1215/00382876-62-1-148,https://doi.org/10.1215/00382876-62-1-148,,Arthur O. Lovejoy
Crossref,1949,<i>Essays in the History of Ideas</i>. Arthur O. Lovejoy,Harry Levin,journal-article,Isis,40,1,85-87,10.1086/349023,https://doi.org/10.1086/349023,,Arthur O. Lovejoy
Crossref,1930,The Revolt against Dualism <i>By Arthur O. Lovejoy</i>,,journal-article,Parnassus,2,7,40-40,10.1080/15436314.1930.11666362,https://doi.org/10.1080/15436314.1930.11666362,,Arthur O. Lovejoy
Crossref,1963,Arthur O. Lovejoy and the History of Ideas,John Herman Randall,journal-article,Philosophy and Phenomenological Research,23,4,475,10.2307/2104513,https://doi.org/10.2307/2104513,,Arthur O. Lovejoy
Crossref,1937,<i>The Great Chain of Being</i>. Arthur O. Lovejoy,H. T. Davis,journal-article,Isis,27,1,111-114,10.1086/347235,https://doi.org/10.1086/347235,,Arthur O. Lovejoy
Crossref,1936,"<i>A Documentary History of Primitwism and Related Ideas</i>. General Editors, <scp>Arthur O. Lovejoy, Gilbert Chinard, George Boas, Ronald S. Crane</scp>. Volume I, <i>Primitwism and Related Ideas in Antiquity</i>. By <scp>Arthur O. Lovejoy, George Boas</scp>, <scp>Ronald S. Crane</scp>. Volume I, <i>Primitwism and Related Ideas in Antiquity</i>. By <scp>Arthur O. Lovejoy, George Boas</scp>. With Supplementary Essays by <scp>W. F. Albright</scp> and <scp>P. E. Dumont</scp>. (Baltimore: Johns Hopkins Press. 1935. Pp. xv, 482. $5.00.)",R. K. Hack,journal-article,The American Historical Review,41,4,728-730,10.1086/ahr/41.4.728,https://doi.org/10.1086/ahr/41.4.728,,Arthur O. Lovejoy
Crossref,1948,Arthur O. Lovejoy and the Theory of Historiography,Maurice Mandelbaum,journal-article,Journal of the History of Ideas,9,4,412,10.2307/2707214,https://doi.org/10.2307/2707214,,Arthur O. Lovejoy
Crossref,1951,Essays in the History of Ideas by Arthur O. Lovejoy,A. J. McNicholl,journal-article,The Thomist: A Speculative Quarterly Review,14,3,407-412,10.1353/tho.1951.0016,https://doi.org/10.1353/tho.1951.0016,,Arthur O. Lovejoy
Crossref,1963,The Philosophical Method of Arthur O. Lovejoy: Critical Realism and Psychoanalytical Realism,Lewis S. Feuer,journal-article,Philosophy and Phenomenological Research,23,4,493,10.2307/2104515,https://doi.org/10.2307/2104515,,Arthur O. Lovejoy
Crossref,1937,Book Review:The Great Chain of Being: A Study of the History of an Idea. Arthur O. Lovejoy,Scott Buchanan,journal-article,Ethics,47,4,486,10.1086/208409,https://doi.org/10.1086/208409,,Arthur O. Lovejoy
Crossref,1931,<i>The Revolt Against Dualism</i>. Arthur O. Lovejoy,Arthur E. Murphy,journal-article,The International Journal of Ethics,41,2,265-267,10.1086/intejethi.41.2.2377919,https://doi.org/10.1086/intejethi.41.2.2377919,,Arthur O. Lovejoy
Crossref,1951,<i>Essays in the History of Ideas</i>. Arthur O. Lovejoy,James Luther Adams,journal-article,The Journal of Religion,31,1,56-58,10.1086/484075,https://doi.org/10.1086/484075,,Arthur O. Lovejoy
Crossref,1931,What Is Knowledge?<i>The Revolt against Dualism</i>. Arthur O. Lovejoy,Henry Nelson Wieman,journal-article,The Journal of Religion,11,2,303-304,10.1086/481061,https://doi.org/10.1086/481061,,Arthur O. Lovejoy
Crossref,1949,<i>Essays in the History of Ideas</i>. Arthur O. Lovejoy,Crane Brinton,journal-article,The Journal of Modern History,21,4,344-345,10.1086/237298,https://doi.org/10.1086/237298,,Arthur O. Lovejoy
Crossref,1943,"Arthur O. Lovejoy. On the criteria and limits of meaning. Philosophical essays in honor of Edgar Arthur Singer, Jr., edited by F. P. Clarke and M. C. Nahm, University of Pennsylvania Press, Philadelphia1942, pp. 3–23.",Ernest Nagel,journal-article,Journal of Symbolic Logic,8,3,87-87,10.2307/2266386,https://doi.org/10.2307/2266386,,Arthur O. Lovejoy
Crossref,1936,"<i>A Documentary History of Primitivism and Related Ideas. Volume I: Primitivism and Related Ideas in Antiquity</i>. Arthur O. Lovejoy , George Boas",George Sarton,journal-article,Isis,25,1,169-172,10.1086/347079,https://doi.org/10.1086/347079,,Arthur O. Lovejoy
Crossref,1949,"Essays in the History of Ideas. By <i>Arthur O. Lovejoy</i>. (Baltimore: Johns Hopkins Press. 1948. Pp. xvii, 359. $5.00.)",Sidney Ratner,journal-article,The American Historical Review,54,4,850-851,10.1086/ahr/54.4.850,https://doi.org/10.1086/ahr/54.4.850,,Arthur O. Lovejoy
Crossref,1937,<i>The Great Chain of Being: A Study of the History of an Idea</i>. Arthur O. Lovejoy,Scott Buchanan,journal-article,The International Journal of Ethics,47,4,486-490,10.1086/intejethi.47.4.2989373,https://doi.org/10.1086/intejethi.47.4.2989373,,Arthur O. Lovejoy
Crossref,1951,"Essays in the History of Ideas. By Arthur O. Lovejoy. (The Johns Hopkins Press, Baltimore; London, Cumberlege. 1948. Pp. 354. Price 27s. 6d.",D. J. Allan,journal-article,Philosophy,26,97,173-176,10.1017/s0031819100026929,https://doi.org/10.1017/s0031819100026929,,Arthur O. Lovejoy
Crossref,1937,<i>The Great Chain of Being: A Study of the History of an Idea</i>. Arthur O. Lovejoy,Bruce W. Brotherston,journal-article,The Journal of Religion,17,2,204-206,10.1086/481966,https://doi.org/10.1086/481966,,Arthur O. Lovejoy
Crossref,1931,The Revolt against Dualism: an Inquiry concerning the Existence of Ideas. By Arthur O. Lovejoy. (London: George Allen &amp; Unwin Ltd.1930. Pp. xii + 325. Price 15s.),L. S. Stebbing,journal-article,Philosophy,6,22,240-242,10.1017/s0031819100045277,https://doi.org/10.1017/s0031819100045277,,Arthur O. Lovejoy
Crossref,1911,"Lovejoy, A. O. Schopenhauer as an Evolutionist",A.O. Lovejoy,journal-article,Kant-Studien,16,1-3,,10.1515/kant-1911-0177,https://doi.org/10.1515/kant-1911-0177,,Arthur O. Lovejoy
Crossref,1911,"Lovejoy, Α. O. Kant and Evolution",A.O. Lovejoy,journal-article,Kant-Studien,16,1-3,,10.1515/kant-1911-0176,https://doi.org/10.1515/kant-1911-0176,,Arthur O. Lovejoy
Crossref,1949,"Arthur O. Lovejoy, <i>Essays in the History of Ideas</i>",René Wellek,journal-article,"The Germanic Review: Literature, Culture, Theory",24,4,306-310,10.1080/19306962.1949.11786443,https://doi.org/10.1080/19306962.1949.11786443,,Arthur O. Lovejoy
Crossref,1919,"Hogs, by A.J. Lovejoy, with supplementary chapters on feeding by John M. Evvard ...",A. J. Lovejoy; John M. Evvard,monograph,,,,,10.5962/bhl.title.20972,https://doi.org/10.5962/bhl.title.20972,,Arthur O. Lovejoy
Crossref,1936,"Primitivism and Related Ideas in Antiquity. By Arthur O. Lovejoy and George Boas. With supplementary essays by W. F. Albright and P. E. Dumont. (Baltimore: Johns Hopkins Press; London: Oxford University Press, Humphrey Milford. 1935. Pp. xv + 482. Price $5; 22s.)",J. R. de la H. Marett,journal-article,Philosophy,11,42,248-249,10.1017/s0031819100033878,https://doi.org/10.1017/s0031819100033878,,Arthur O. Lovejoy
Crossref,1920,Michigan's millions of idle acres,P. S. Lovejoy; Fred E. Janette,monograph,,,,,10.5962/bhl.title.26795,https://doi.org/10.5962/bhl.title.26795,,Arthur O. Lovejoy
Crossref,1909,The child in industry,Owen R. Lovejoy,dataset,PsycEXTRA Dataset,,,,10.1037/e533612009-121,https://doi.org/10.1037/e533612009-121,,Arthur O. Lovejoy
Crossref,1959,ARTHUR BAUMGARTEN,Karl Polak,book-chapter,Arthur Baumgarten,,,7-48,10.1515/9783112533062-001,https://doi.org/10.1515/9783112533062-001,,Arthur O. Lovejoy
Crossref,1912,Sal vet swine book,F. D. Coburn; Robert. Evans; A. J. Lovejoy; E.C. Stone,monograph,,,,,10.5962/bhl.title.43687,https://doi.org/10.5962/bhl.title.43687,,Arthur O. Lovejoy
Crossref,1963,The Correspondence of Arthur Hugh Clough,,book-chapter,"The Correspondence of Arthur Hugh Clough, Vol. 1",,,,10.1093/oseo/instance.00197093,https://doi.org/10.1093/oseo/instance.00197093,,Arthur O. Lovejoy
Crossref,1970,Conversation with Arthur C. Clarke,,other,Conversation with Arthur C. Clarke,,,,10.5040/9781350920217,https://doi.org/10.5040/9781350920217,,Arthur O. Lovejoy
Crossref,1952,The Arthur adaptation of the Leiter International Performance Scale.,Grace Arthur,book,,,,,10.1037/13224-000,https://doi.org/10.1037/13224-000,,Arthur O. Lovejoy
Crossref,1965,Lovejoy: Martyr to Freedom (review),,journal-article,Civil War History,11,3,290-291,10.1353/cwh.1965.0093,https://doi.org/10.1353/cwh.1965.0093,,Arthur O. Lovejoy
Crossref,1951,404. To Messrs. Lovejoy. 27 February.,Anthony Trollope,book-chapter,The Letters of Anthony Trollope,,,,10.1093/oseo/instance.00193543,https://doi.org/10.1093/oseo/instance.00193543,,Arthur O. Lovejoy
Crossref,1914,Reply to Professor Lovejoy,James H. Leuba,journal-article,Ethics,24,4,452,10.1086/206853,https://doi.org/10.1086/206853,,Arthur O. Lovejoy
Crossref,1940,Coleridge and Kant's Two Worlds,Arthur O. Lovejoy,journal-article,ELH,7,4,341,10.2307/2871524,https://doi.org/10.2307/2871524,,Arthur O. Lovejoy
Crossref,1968,Owen Lovejoy: Abolitionist in Congress (review),,journal-article,Civil War History,14,2,188-189,10.1353/cwh.1968.0014,https://doi.org/10.1353/cwh.1968.0014,,Arthur O. Lovejoy
Crossref,1911,The Import of Vitalism,A. O. Lovejoy,journal-article,Science,34,864,75-80,10.1126/science.34.864.75.b,https://doi.org/10.1126/science.34.864.75.b,,Arthur O. Lovejoy
Crossref,1907,Professor Ormond's philosophy.,Arthur O. Lovejoy,journal-article,Psychological Bulletin,4,11,339-349,10.1037/h0075121,https://doi.org/10.1037/h0075121,,Arthur O. Lovejoy
Crossref,1933,America’s Wandering Boys,Owen R. Lovejoy,journal-article,Current History,37,5,565-570,10.1525/curh.1933.37.5.565,https://doi.org/10.1525/curh.1933.37.5.565,,Arthur O. Lovejoy
Crossref,1909,Das Kausalitatsproblem der Biologie,A. O. Lovejoy,journal-article,Science,30,778,761-766,10.1126/science.30.778.761-a,https://doi.org/10.1126/science.30.778.761-a,,Arthur O. Lovejoy
Crossref,1965,"Methods of Estimating Reserves of Crude Oil, Natural Gas, and Natural Gas Liquids",Wallce Lovejoy,edited-book,,,,,10.56021/9780801803987,https://doi.org/10.56021/9780801803987,,Arthur O. Lovejoy
Crossref,1962,"Aerosols, Bronchodilators and Mucolytic Agents",Frank W. Lovejoy; Paul E. Morrow,journal-article,Anesthesiology,23,4,460-472,10.1097/00000542-196207000-00006,https://doi.org/10.1097/00000542-196207000-00006,,Arthur O. Lovejoy
Crossref,1951,523. To Mr. Lovejoy. 23 July. Athenaeum Club.,Anthony Trollope,book-chapter,The Letters of Anthony Trollope,,,,10.1093/oseo/instance.00193666,https://doi.org/10.1093/oseo/instance.00193666,,Arthur O. Lovejoy
Crossref,1924,Committees,Arthur O. Lovejoy,journal-article,Bulletin of the American Association of University Professors,10,6,11,10.2307/40217333,https://doi.org/10.2307/40217333,,Arthur O. Lovejoy
Crossref,1911,William James as Philosopher,Arthur O. Lovejoy,journal-article,Ethics,21,2,125,10.1086/206575,https://doi.org/10.1086/206575,,Arthur O. Lovejoy
Crossref,1923,Rousseau's Pessimist,Arthur O. Lovejoy,journal-article,Modern Language Notes,38,8,449,10.2307/2915231,https://doi.org/10.2307/2915231,,Arthur O. Lovejoy
Crossref,1963,The Great Chain of Being,Arthur O. Lovejoy,edited-book,,,,,10.4159/9780674040335,https://doi.org/10.4159/9780674040335,,Arthur O. Lovejoy
Crossref,1911,The Import of Vitalism,A. O. Lovejoy,journal-article,Science,34,864,75-80,10.1126/science.34.864.75-b,https://doi.org/10.1126/science.34.864.75-b,,Arthur O. Lovejoy
Crossref,1906,On Kant’s Reply to Hume.,Arthur Lovejoy,journal-article,Archiv für Geschichte der Philosophie,19,3,,10.1515/agph.1906.19.3.380,https://doi.org/10.1515/agph.1906.19.3.380,,Arthur O. Lovejoy
Crossref,1961,Gas Rate Fundamentals,Wallace F. Lovejoy,journal-article,Southern Economic Journal,27,3,254,10.2307/1055102,https://doi.org/10.2307/1055102,,Arthur O. Lovejoy
Crossref,1905,Hobbes.,A. O. Lovejoy; Leslie Stephen,journal-article,The Philosophical Review,14,1,97,10.2307/2176433,https://doi.org/10.2307/2176433,,Arthur O. Lovejoy
Crossref,1962,Nuclear orientation of Tb156,C.A. Lovejoy; D.A. Shirley,journal-article,Nuclear Physics,30,,452-461,10.1016/0029-5582(62)90069-x,https://doi.org/10.1016/0029-5582(62)90069-x,,Arthur O. Lovejoy
Crossref,1913,The Practical Tendencies of Bergsonism. II,Arthur O. Lovejoy,journal-article,Ethics,23,4,419,10.1086/206767,https://doi.org/10.1086/206767,,Arthur O. Lovejoy
Crossref,1930,Ethics.,Arthur O. Lovejoy; Frank Chapman Sharp,journal-article,The Philosophical Review,39,6,613,10.2307/2179689,https://doi.org/10.2307/2179689,,Arthur O. Lovejoy
Crossref,1964,The Modern Family.,Albert Lovejoy; Robert F. Winch,journal-article,Social Forces,43,1,114,10.2307/2575980,https://doi.org/10.2307/2575980,,Arthur O. Lovejoy
Crossref,1920,Lafayette College,Arthur O. Lovejoy,journal-article,Bulletin of the American Association of University Professors,6,6,10,10.2307/40216992,https://doi.org/10.2307/40216992,,Arthur O. Lovejoy
Crossref,1933,Monboddo and Rousseau,Arthur O. Lovejoy,journal-article,Modern Philology,30,3,275-296,10.1086/388043,https://doi.org/10.1086/388043,,Arthur O. Lovejoy
Crossref,1911,The Meaning of Vitalism,Arthur O. Lovejoy,journal-article,Science,33,851,610-614,10.1126/science.33.851.610,https://doi.org/10.1126/science.33.851.610,,Arthur O. Lovejoy
Crossref,1970,Conversation With Playwrights: Arthur Miller and Israel Horovitz,,other,Conversation With Playwrights: Arthur Miller and Israel Horovitz,,,,10.5040/9781350920200,https://doi.org/10.5040/9781350920200,,Arthur O. Lovejoy
Crossref,1945,Alva Bush Lovejoy,,journal-article,The Annals of Iowa,26,3,241-242,10.17077/0003-4827.6382,https://doi.org/10.17077/0003-4827.6382,,Arthur O. Lovejoy
Crossref,1921,Profit-Sharing and Industrial Peace,Arthur O. Lovejoy,journal-article,Ethics,31,3,241,10.1086/207291,https://doi.org/10.1086/207291,,Arthur O. Lovejoy
Crossref,1914,The Association of University Professors,Arthur O. Lovejoy,journal-article,Science,40,1038,744-745,10.1126/science.40.1038.744,https://doi.org/10.1126/science.40.1038.744,,Arthur O. Lovejoy
Crossref,1922,Reply to Professor Babbitt,Arthur O. Lovejoy,journal-article,Modern Language Notes,37,5,268,10.2307/2915200,https://doi.org/10.2307/2915200,,Arthur O. Lovejoy
Crossref,1913,The Practical Tendencies of Bergsonism. I,Arthur O. Lovejoy,journal-article,Ethics,23,3,253,10.1086/206744,https://doi.org/10.1086/206744,,Arthur O. Lovejoy
Crossref,1912,The duty of superintendents in the enforcement of child-labor laws,Owen R. Lovejoy,dataset,PsycEXTRA Dataset,,,,10.1037/e533642009-053,https://doi.org/10.1037/e533642009-053,,Arthur O. Lovejoy
Crossref,1968,The Kalman Filter in Transfer Alignment of Airborne Inertial Guidance Systems,Jr. Sutherland; Gelb Arthur A.; Arthur,report,,,,,10.21236/ad0851067,https://doi.org/10.21236/ad0851067,,Arthur O. Lovejoy
Crossref,1924,Pastness and Transcendence,Arthur O. Lovejoy,journal-article,The Journal of Philosophy,21,22,601,10.2307/2014483,https://doi.org/10.2307/2014483,,Arthur O. Lovejoy
Crossref,1920,Rousseau and Romanticism.,Arthur O. Lovejoy; Irving Babbitt,journal-article,Modern Language Notes,35,5,302,10.2307/2914839,https://doi.org/10.2307/2914839,,Arthur O. Lovejoy
Crossref,1927,"The Meanings of ""Emergence"" and its Modes",Arthur O. Lovejoy,book-chapter,Proceedings of the Sixth International Congress of Philosophy,,,20-33,10.5840/wcp6192720,https://doi.org/10.5840/wcp6192720,,Arthur O. Lovejoy
Crossref,1917,Progress in Philosophical Inquiry,Arthur O. Lovejoy,journal-article,The Philosophical Review,26,5,537,10.2307/2178048,https://doi.org/10.2307/2178048,,Arthur O. Lovejoy
Crossref,1927,""" Nature "" as Aesthetic Norm",Arthur O. Lovejoy,journal-article,Modern Language Notes,42,7,444,10.2307/2913933,https://doi.org/10.2307/2913933,,Arthur O. Lovejoy
Crossref,1917,Forest Biology,P. S. Lovejoy,journal-article,Journal of Forestry,15,2,203-214,10.1093/jof/15.2.203,https://doi.org/10.1093/jof/15.2.203,,Arthur O. Lovejoy
Crossref,1928,Accounting Procedure for School Systems (Book).,Philip Lovejoy,journal-article,The Accounting Review,3,2,219-220,10.2308/tar-8591785,https://doi.org/10.2308/tar-8591785,,Arthur O. Lovejoy
Crossref,1921,'Pride' in Eighteenth-Century Thought,Arthur O. Lovejoy,journal-article,Modern Language Notes,36,1,31,10.2307/2914820,https://doi.org/10.2307/2914820,,Arthur O. Lovejoy
Crossref,1909,The Obsolescence of the Eternal,Arthur O. Lovejoy,journal-article,The Philosophical Review,18,5,479,10.2307/2177450,https://doi.org/10.2307/2177450,,Arthur O. Lovejoy
Crossref,1923,IV.—‘REPRESENTATIVE IDEAS’ IN MALEBRANCHE AND ARNAULD,A. O. LOVEJOY,journal-article,Mind,XXXII,128,449-461,10.1093/mind/xxxii.128.449,https://doi.org/10.1093/mind/xxxii.128.449,,Arthur O. Lovejoy
Crossref,1919,Arthur Cann's spring catalog /,Arthur. Cann,monograph,,,,,10.5962/bhl.title.117576,https://doi.org/10.5962/bhl.title.117576,,Arthur O. Lovejoy
Crossref,1937,Milton and the Paradox of the Fortunate Fall,Arthur O. Lovejoy,journal-article,ELH,4,3,161,10.2307/2871531,https://doi.org/10.2307/2871531,,Arthur O. Lovejoy
Crossref,1913,The Metamorphosis of the Carnegie Foundation,Arthur O. Lovejoy,journal-article,Science,37,954,546-552,10.1126/science.37.954.546,https://doi.org/10.1126/science.37.954.546,,Arthur O. Lovejoy
Crossref,1926,III. Kapitel. Arthur Schopenhauers Stellung zum Weibe,,book-chapter,Die Wurzeln des Frauenhasses bei Arthur Schopenhauer,,,43-65,10.1515/9783111411033-004,https://doi.org/10.1515/9783111411033-004,,Arthur O. Lovejoy
Crossref,1946,Ellsworth Lovejoy Redfern,,journal-article,The Annals of Iowa,27,3,254-255,10.17077/0003-4827.6461,https://doi.org/10.17077/0003-4827.6461,,Arthur O. Lovejoy
Crossref,1942,John Lovejoy Elliott: 1868-1942,,journal-article,Social Service Review,16,2,341-341,10.1086/634006,https://doi.org/10.1086/634006,,Arthur O. Lovejoy
Crossref,1965,SURPRISED BY LOVEJOY,MARK ROBERTS,journal-article,Essays in Criticism,XV,1,118-130,10.1093/eic/xv.1.118,https://doi.org/10.1093/eic/xv.1.118,,Arthur O. Lovejoy
Crossref,1961,"Owen R. Lovejoy, 1866-1961",,journal-article,Social Service Review,35,4,439-439,10.1086/641149,https://doi.org/10.1086/641149,,Arthur O. Lovejoy
Crossref,1933,Morris's Six Theories of Mind,Arthur O. Lovejoy,journal-article,The Philosophical Review,42,6,617,10.2307/2180010,https://doi.org/10.2307/2180010,,Arthur O. Lovejoy
Crossref,1917,Arthur Cann's spring catalog /,Arthur. Cann,monograph,,,,,10.5962/bhl.title.113688,https://doi.org/10.5962/bhl.title.113688,,Arthur O. Lovejoy
Crossref,1967,[Letter from Snowden Arthur],Snowden Arthur,journal-article,The English Journal,56,1,140,10.2307/812712,https://doi.org/10.2307/812712,,Arthur O. Lovejoy
Crossref,1916,Arthur Cann's spring catalog : 1916 /,Arthur. Cann,monograph,,,,,10.5962/bhl.title.112084,https://doi.org/10.5962/bhl.title.112084,,Arthur O. Lovejoy
Crossref,1933,CERTAIN SAMARITANS,ESTHER POHL LOVEJOY,journal-article,"AJN, American Journal of Nursing",33,10,1016,10.1097/00000446-193310000-00050,https://doi.org/10.1097/00000446-193310000-00050,,Arthur O. Lovejoy
Crossref,1966,Analysis of the overlearning reversal effect.,Elijah Lovejoy,journal-article,Psychological Review,73,1,87-103,10.1037/h0022687,https://doi.org/10.1037/h0022687,,Arthur O. Lovejoy
Crossref,1906,IV.—KANT'S ANTITHESIS OF DOGMATISM AND CRITICISM,ARTHUR O. LOVEJOY,journal-article,Mind,XV,58,191-214,10.1093/mind/xv.58.191,https://doi.org/10.1093/mind/xv.58.191,,Arthur O. Lovejoy
Crossref,1889,Is Man Left-Legged?,Fred'k A. Lovejoy; Francis H. Allen,journal-article,Science,ns-14,358,412-412,10.1126/science.ns-14.358.412-b,https://doi.org/10.1126/science.ns-14.358.412-b,,Arthur O. Lovejoy
Crossref,1932,The Parallel of Deism and Classicism,Arthur O. Lovejoy,journal-article,Modern Philology,29,3,281-299,10.1086/387970,https://doi.org/10.1086/387970,,Arthur O. Lovejoy
Crossref,1911,Schopenhauer as an Evolutionist,Arthur O. Lovejoy,journal-article,Monist,21,2,195-222,10.5840/monist191121240,https://doi.org/10.5840/monist191121240,,Arthur O. Lovejoy
Crossref,1911,Schopenhauer as an Evolutionist,Arthur O. Lovejoy,journal-article,Monist,21,2,195-222,10.5840/monist191121240,https://doi.org/10.5840/monist191121240,,Arthur O. Lovejoy
Crossref,1922,The Paradox of the Thinking Behaviorist,Arthur O. Lovejoy,journal-article,The Philosophical Review,31,2,135,10.2307/2178913,https://doi.org/10.2307/2178913,,Arthur O. Lovejoy
Crossref,1951,326. To Mr. Lovejoy. 27 February. Waltham Cross.,Anthony Trollope,book-chapter,The Letters of Anthony Trollope,,,196-196,10.1093/oseo/instance.00193463,https://doi.org/10.1093/oseo/instance.00193463,,Arthur O. Lovejoy
Crossref,1955,American Painting in Early Nineteenth-Century Gift Books,David S. Lovejoy,journal-article,American Quarterly,7,4,345,10.2307/2710429,https://doi.org/10.2307/2710429,,Arthur O. Lovejoy
Crossref,1925,Reconstruction of Filters at Louisville,W. H. Lovejoy,journal-article,Journal AWWA,14,4,352-356,10.1002/j.1551-8833.1925.tb13336.x,https://doi.org/10.1002/j.1551-8833.1925.tb13336.x,,Arthur O. Lovejoy
Crossref,1963,1829,,book-chapter,"The Correspondence of Arthur Hugh Clough, Vol. 1",,,,10.1093/oseo/instance.00197094,https://doi.org/10.1093/oseo/instance.00197094,,Arthur O. Lovejoy
Crossref,1962,"Temperature scales above 1,000°C",D. R. Lovejoy,journal-article,Pure and Applied Chemistry,5,3-4,565-578,10.1351/pac196205030565,https://doi.org/10.1351/pac196205030565,,Arthur O. Lovejoy
Crossref,1922,Pragmatism and the New Materialism,Arthur O. Lovejoy,journal-article,The Journal of Philosophy,19,1,5,10.2307/2939682,https://doi.org/10.2307/2939682,,Arthur O. Lovejoy
Crossref,1937,Correction: [Milton and the Paradox of the Fortunate Fall],Arthur O. Lovejoy,journal-article,ELH,4,4,330,10.2307/2871637,https://doi.org/10.2307/2871637,,Arthur O. Lovejoy
Crossref,1945,ROY ARNOLD LOVEJOY,,journal-article,Medical Journal of Australia,1,6,164-164,10.5694/j.1326-5377.1945.tb54540.x,https://doi.org/10.5694/j.1326-5377.1945.tb54540.x,,Arthur O. Lovejoy
Crossref,1913,Error and the New Realism,A. O. Lovejoy,journal-article,The Philosophical Review,22,4,410,10.2307/2178389,https://doi.org/10.2307/2178389,,Arthur O. Lovejoy
Crossref,1911,Easter Carol,George Newell Lovejoy,journal-article,Journal of Education,73,15,399-399,10.1177/002205741107301503,https://doi.org/10.1177/002205741107301503,,Arthur O. Lovejoy
Crossref,1947,A Rejoinder to Professor Lovejoy,Henry Veatch,journal-article,Philosophy and Phenomenological Research,7,4,622,10.2307/2102987,https://doi.org/10.2307/2102987,,Arthur O. Lovejoy
Crossref,1925,James Harrington's Oceana.,Arthur O. Lovejoy; S. B. Liljegren,journal-article,Modern Language Notes,40,4,245,10.2307/2914292,https://doi.org/10.2307/2914292,,Arthur O. Lovejoy
Crossref,1927,The Meanings of ‘emergence’ and Its Modes,Arthur O. Lovejoy,journal-article,Philosophy,2,6,167-181,10.1017/s0031819100015199,https://doi.org/10.1017/s0031819100015199,,Arthur O. Lovejoy
Crossref,1963,"Stress analysis of ship-suspended heavily loaded cables for deep underater emplacements / Arthur D. Little, Inc.",,monograph,,,,,10.5962/bhl.title.47281,https://doi.org/10.5962/bhl.title.47281,,Arthur O. Lovejoy
Crossref,1922,Child Labor in the United States,Owen R. Lovejoy,journal-article,Current History,16,4,617-620,10.1525/curh.1922.16.4.617,https://doi.org/10.1525/curh.1922.16.4.617,,Arthur O. Lovejoy
Crossref,1948,Comment on Mr. Pegis's Rejoinder,Arthur O. Lovejoy,journal-article,Philosophy and Phenomenological Research,9,2,284,10.2307/2103394,https://doi.org/10.2307/2103394,,Arthur O. Lovejoy
Crossref,1938,Professional Association or Trade Union?,Arthur O. Lovejoy,journal-article,Bulletin of the American Association of University Professors,24,5,409,10.2307/40219424,https://doi.org/10.2307/40219424,,Arthur O. Lovejoy
Crossref,1907,Breaker Boys in Pennsylvania,Owen R. Lovejoy,journal-article,Journal of Education,66,15,410-411,10.1177/002205740706601521,https://doi.org/10.1177/002205740706601521,,Arthur O. Lovejoy
Crossref,1932,"The Travels of Peter, Paul, and Zebedee",Arthur O. Lovejoy,journal-article,The Philosophical Review,41,5,498,10.2307/2180063,https://doi.org/10.2307/2180063,,Arthur O. Lovejoy
Crossref,1923,Child Labor and Education,Owen R. Lovejoy,journal-article,Journal of Education,97,24,656-659,10.1177/002205742309702404,https://doi.org/10.1177/002205742309702404,,Arthur O. Lovejoy
Crossref,1968,Anhydrous iron(III) nitrate,D. J. Lovejoy; A. J. Vosper,journal-article,Chemical Communications (London),,20,1208a,10.1039/c1968001208a,https://doi.org/10.1039/c1968001208a,,Arthur O. Lovejoy
Crossref,1907,Kant's Classification of the Forms of Judgment,Arthur O. Lovejoy,journal-article,The Philosophical Review,16,6,588,10.2307/2177294,https://doi.org/10.2307/2177294,,Arthur O. Lovejoy
Crossref,1920,Schiller and the Genesis of Romanticism,Arthur O. Lovejoy,journal-article,Modern Language Notes,35,1,1,10.2307/2915339,https://doi.org/10.2307/2915339,,Arthur O. Lovejoy
Crossref,1919,An Uncommon Ice Formation,Frederick A. Lovejoy; Francis H. Allen,journal-article,Science,49,1257,119-120,10.1126/science.49.1257.119-b,https://doi.org/10.1126/science.49.1257.119-b,,Arthur O. Lovejoy
Crossref,1919,An Uncommon Ice Formation,Frederick A. Lovejoy; Francis H. Allen,journal-article,Science,49,1257,119-120,10.1126/science.49.1257.119.b,https://doi.org/10.1126/science.49.1257.119.b,,Arthur O. Lovejoy
Crossref,1926,II.Kapitel. Das Verhältnis Arthur Schopenhauers zu feinen Eltern,,book-chapter,Die Wurzeln des Frauenhasses bei Arthur Schopenhauer,,,16-42,10.1515/9783111411033-003,https://doi.org/10.1515/9783111411033-003,,Arthur O. Lovejoy
Crossref,1967,Premarital Sex in a Changing Society.,Albert E. Lovejoy; Robert R. Bell,journal-article,Social Forces,46,1,143,10.2307/2575372,https://doi.org/10.2307/2575372,,Arthur O. Lovejoy
Crossref,1942,"Bibliography of The Writings of Edgar Arthur Singer, Jr.",,book-chapter,Philosophical Essays,,,373-378,10.9783/9781512815245-023,https://doi.org/10.9783/9781512815245-023,,Arthur O. Lovejoy
Crossref,1889,Is Man Left-Legged?,Fred'k A. Lovejoy; Francis H. Allen,journal-article,Science,ns-14,358,412-412,10.1126/science.ns-14.358.412.b,https://doi.org/10.1126/science.ns-14.358.412.b,,Arthur O. Lovejoy
Crossref,1961,Sensitive Diaphragm Type Pressure Transducer,D. R. Lovejoy,journal-article,Review of Scientific Instruments,32,1,41-43,10.1063/1.1717141,https://doi.org/10.1063/1.1717141,,Arthur O. Lovejoy
Crossref,1910,The Retrospective Anticipations of the Carnegie Foundation,Arthur O. Lovejoy,journal-article,Science,31,794,414-415,10.1126/science.31.794.414,https://doi.org/10.1126/science.31.794.414,,Arthur O. Lovejoy
Crossref,1964,I. Early Life Of Arthur Hamilton Gordon,,book-chapter,The Career of Arthur Hamilton Gordon,,,1-15,10.3138/9781442652699-003,https://doi.org/10.3138/9781442652699-003,,Arthur O. Lovejoy
Crossref,1915,Organization of the American Association of University Professors,A. O. Lovejoy,journal-article,Science,41,1048,151-154,10.1126/science.41.1048.151,https://doi.org/10.1126/science.41.1048.151,,Arthur O. Lovejoy
Crossref,1963,Some Boiling and Triple Points Below 0° C,D. R. LOVEJOY,journal-article,Nature,197,4865,353-354,10.1038/197353a0,https://doi.org/10.1038/197353a0,,Arthur O. Lovejoy
Crossref,1925,MYCETOMA,EDWARD D. LOVEJOY,journal-article,Archives of Dermatology and Syphilology,11,1,71,10.1001/archderm.1925.02370010084004,https://doi.org/10.1001/archderm.1925.02370010084004,,Arthur O. Lovejoy
Crossref,1963,Reflections on Human Nature.,I. G. Wallace; Arthur O. Lovejoy,journal-article,The Philosophical Quarterly,13,53,369,10.2307/2955534,https://doi.org/10.2307/2955534,,Arthur O. Lovejoy
Crossref,1938,?The passing of Arthur? and ?Ymadawiad Arthur?,G. J. Visser,journal-article,Neophilologus,23,1,46-52,10.1007/bf01526399,https://doi.org/10.1007/bf01526399,,Arthur O. Lovejoy
Crossref,1963,Reflections on Human Nature.,W. T. Stace; Arthur O. Lovejoy,journal-article,The Philosophical Review,72,1,111,10.2307/2183069,https://doi.org/10.2307/2183069,,Arthur O. Lovejoy
Crossref,1931,The Paradox of the Time-Retarding Journey,Arthur O. Lovejoy,journal-article,The Philosophical Review,40,2,152,10.2307/2180201,https://doi.org/10.2307/2180201,,Arthur O. Lovejoy
Crossref,1932,Dualisms Good and Bad (II),Arthur O. Lovejoy,journal-article,The Journal of Philosophy,29,14,375,10.2307/2016371,https://doi.org/10.2307/2016371,,Arthur O. Lovejoy
Crossref,1914,Forty years' experience of a practical hog man; a practical book for the pure bred swine breeder and farmer,Andrew James Lovejoy,monograph,,,,,10.5962/bhl.title.42519,https://doi.org/10.5962/bhl.title.42519,,Arthur O. Lovejoy
Crossref,1920,Spring garden guide 1920 /,,monograph,,,,,10.5962/bhl.title.120310,https://doi.org/10.5962/bhl.title.120310,,Arthur O. Lovejoy
Crossref,1952,Report on Quality Factors in Processed Vege-Table Products,Rodney D Lovejoy,journal-article,Journal of AOAC INTERNATIONAL,35,2,179-181,10.1093/jaoac/35.2.179a,https://doi.org/10.1093/jaoac/35.2.179a,,Arthur O. Lovejoy
Crossref,1932,Dualisms Good and Bad (I),Arthur O. Lovejoy,journal-article,The Journal of Philosophy,29,13,337,10.2307/2016777,https://doi.org/10.2307/2016777,,Arthur O. Lovejoy
Crossref,1931,The Time-Retarding Journey: A Reply,Arthur O. Lovejoy,journal-article,The Philosophical Review,40,6,549,10.2307/2180043,https://doi.org/10.2307/2180043,,Arthur O. Lovejoy
Crossref,1923,Amend the Constitution,Owes R. Lovejoy,journal-article,Journal of Education,97,9,237-237,10.1177/002205742309700906,https://doi.org/10.1177/002205742309700906,,Arthur O. Lovejoy
Crossref,1928,<i>Certain Samaritans</i>. Esther Pohl Lovejoy,,journal-article,Social Service Review,2,3,528-528,10.1086/630431,https://doi.org/10.1086/630431,,Arthur O. Lovejoy
Crossref,1918,Spring 1918 garden guide /,,monograph,,,,,10.5962/bhl.title.116419,https://doi.org/10.5962/bhl.title.116419,,Arthur O. Lovejoy
Crossref,1917,1917 spring garden guide /,,monograph,,,,,10.5962/bhl.title.114619,https://doi.org/10.5962/bhl.title.114619,,Arthur O. Lovejoy
Crossref,1931,"Arthur A. Arenius, gladiolus grower",Arthur A. Arenius,monograph,,,,,10.5962/bhl.title.150276,https://doi.org/10.5962/bhl.title.150276,,Arthur O. Lovejoy
Crossref,1963,1835–9,,book-chapter,"The Correspondence of Arthur Hugh Clough, Vol. 1",,,,10.1093/oseo/instance.00197105,https://doi.org/10.1093/oseo/instance.00197105,,Arthur O. Lovejoy
Crossref,1942,Evidence: Admissibility of Hospital Records as Business Entries,Robert C. Lovejoy,journal-article,Michigan Law Review,40,7,1105,10.2307/1282871,https://doi.org/10.2307/1282871,,Arthur O. Lovejoy
Crossref,1909,Professor Lovejoy on “Der vorchristliche Jesus”,W. B. Smith,journal-article,Monist,19,3,409-420,10.5840/monist190919311,https://doi.org/10.5840/monist190919311,,Arthur O. Lovejoy
Crossref,1963,1860–2,,book-chapter,"The Correspondence of Arthur Hugh Clough, Vol. 2",,,,10.1093/oseo/instance.00197633,https://doi.org/10.1093/oseo/instance.00197633,,Arthur O. Lovejoy
Crossref,1963,1830–4,,book-chapter,"The Correspondence of Arthur Hugh Clough, Vol. 1",,,,10.1093/oseo/instance.00197097,https://doi.org/10.1093/oseo/instance.00197097,,Arthur O. Lovejoy
Crossref,1914,Bergson and Romantic Evolutionism.,Nann Clark Barr; A. O. Lovejoy,journal-article,The Philosophical Review,23,5,576,10.2307/2178597,https://doi.org/10.2307/2178597,,Arthur O. Lovejoy
Crossref,1942,Youth Work Programs: Problems and Policies.,Gordon W. Lovejoy; Lewis L. Lorwin,journal-article,Social Forces,20,3,416,10.2307/3005654,https://doi.org/10.2307/3005654,,Arthur O. Lovejoy
Crossref,1932,Communications: Genesis of the Association,Arthur O. Lovejoy,journal-article,Bulletin of the American Association of University Professors,18,4,305,10.2307/40218899,https://doi.org/10.2307/40218899,,Arthur O. Lovejoy
Crossref,1962,Pulmonary Function in Diaphragmatic Paralysis,M. McCredie; F. W. Lovejoy; N. L. Kaltreider,journal-article,Thorax,17,3,213-217,10.1136/thx.17.3.213,https://doi.org/10.1136/thx.17.3.213,,Arthur O. Lovejoy
Crossref,1914,The Concept of Consciousness.,Arthur O. Lovejoy; Edwin B. Holt,journal-article,The Philosophical Review,23,6,664,10.2307/2178138,https://doi.org/10.2307/2178138,,Arthur O. Lovejoy
Crossref,1964,Studies in Arthur Schnitzler,,edited-book,,,,,10.1353/book.75807,https://doi.org/10.1353/book.75807,,Arthur O. Lovejoy
Crossref,1949,Essays in the History of Ideas.,Arnold Isenberg; Arthur O. Lovejoy,journal-article,The Philosophical Review,58,4,372,10.2307/2182084,https://doi.org/10.2307/2182084,,Arthur O. Lovejoy
Crossref,1963,1850–4,,book-chapter,"The Correspondence of Arthur Hugh Clough, Vol. 2",,,,10.1093/oseo/instance.00197398,https://doi.org/10.1093/oseo/instance.00197398,,Arthur O. Lovejoy
Crossref,1924,Effect of Back Pressure on Wells in Brock Field,J.M. Lovejoy,journal-article,Transactions of the AIME,70,01,1153-1158,10.2118/924153-g,https://doi.org/10.2118/924153-g,,Arthur O. Lovejoy
Crossref,1963,1840–4,,book-chapter,"The Correspondence of Arthur Hugh Clough, Vol. 1",,,,10.1093/oseo/instance.00197166,https://doi.org/10.1093/oseo/instance.00197166,,Arthur O. Lovejoy
Crossref,1919,Annual Message of the President,Arthur O. Lovejoy,journal-article,Bulletin of the American Association of University Professors,5,7/8,10,10.2307/40216934,https://doi.org/10.2307/40216934,,Arthur O. Lovejoy
Crossref,1963,1845–9,,book-chapter,"The Correspondence of Arthur Hugh Clough, Vol. 1",,,,10.1093/oseo/instance.00197206,https://doi.org/10.1093/oseo/instance.00197206,,Arthur O. Lovejoy
Crossref,1920,"Schiller and the Genesis of Romanticism, Part II",Arthur O. Lovejoy,journal-article,Modern Language Notes,35,3,136,10.2307/2915501,https://doi.org/10.2307/2915501,,Arthur O. Lovejoy
Crossref,1912,The Meaning of Driesch and the Meaning of Vitalism,Arthur O. Lovejoy,journal-article,Science,36,933,672-675,10.1126/science.36.933.672,https://doi.org/10.1126/science.36.933.672,,Arthur O. Lovejoy
Crossref,1963,1855–9,,book-chapter,"The Correspondence of Arthur Hugh Clough, Vol. 2",,,,10.1093/oseo/instance.00197532,https://doi.org/10.1093/oseo/instance.00197532,,Arthur O. Lovejoy
Crossref,1931,The Paradox of the Time-Retarding Journey (I.),Arthur O. Lovejoy,journal-article,The Philosophical Review,40,1,48,10.2307/2180278,https://doi.org/10.2307/2180278,,Arthur O. Lovejoy
Crossref,1913,Arthur Chuquet,,book-chapter,Charakteristiken,,,263-308,10.1515/9783111454610-014,https://doi.org/10.1515/9783111454610-014,,Arthur O. Lovejoy
Crossref,1926,The Worst-First Theory,P. S. Lovejoy,journal-article,Journal of Forestry,24,4,351-357,10.1093/jof/24.4.351,https://doi.org/10.1093/jof/24.4.351,,Arthur O. Lovejoy
Crossref,1933,Dualism and the Paradox of Reference,Arthur O. Lovejoy,journal-article,The Journal of Philosophy,30,22,589,10.2307/2016901,https://doi.org/10.2307/2016901,,Arthur O. Lovejoy
Crossref,1918,Spring 1918-1919 garden guide /,,monograph,,,,,10.5962/bhl.title.117330,https://doi.org/10.5962/bhl.title.117330,,Arthur O. Lovejoy
Crossref,1963,Reflections on Human Nature,R. L. Brett; Arthur O. Lovejoy,journal-article,The Modern Language Review,58,2,243,10.2307/3721266,https://doi.org/10.2307/3721266,,Arthur O. Lovejoy
Crossref,1941,Equity: Specific Performance of Contract to Lend Money,Robert C. Lovejoy,journal-article,Michigan Law Review,40,2,303,10.2307/1282729,https://doi.org/10.2307/1282729,,Arthur O. Lovejoy
Crossref,1968,Owen Lovejoy: Abolitionist in Congress,Larry Gara; Edward Magdol,journal-article,The American Historical Review,73,3,921,10.2307/1870843,https://doi.org/10.2307/1870843,,Arthur O. Lovejoy
Crossref,1937,Freedom of Speech,A. J. Carlson; A. O. Lovejoy,journal-article,Bulletin of the American Association of University Professors,23,1,26,10.2307/40219811,https://doi.org/10.2307/40219811,,Arthur O. Lovejoy
Crossref,1963,1850–4,,book-chapter,"The Correspondence of Arthur Hugh Clough, Vol. 1",,,,10.1093/oseo/instance.00197337,https://doi.org/10.1093/oseo/instance.00197337,,Arthur O. Lovejoy
Crossref,1947,Analogy and Contradiction: A Surrejoinder,Arthur O. Lovejoy,journal-article,Philosophy and Phenomenological Research,7,4,626,10.2307/2102988,https://doi.org/10.2307/2102988,,Arthur O. Lovejoy
Crossref,1917,On Some Conditions of Progress in Philosophical Inquiry,Arthur O. Lovejoy,journal-article,The Philosophical Review,26,2,123,10.2307/2178425,https://doi.org/10.2307/2178425,,Arthur O. Lovejoy
Crossref,1954,"Lovewell's Fight and Hawthorne's ""Roger Malvin's Burial""",David S. Lovejoy,journal-article,The New England Quarterly,27,4,527,10.2307/362120,https://doi.org/10.2307/362120,,Arthur O. Lovejoy
Crossref,1910,Review of The Idea of the Soul.,Arthur O. Lovejoy,journal-article,Psychological Bulletin,7,10,354-358,10.1037/h0066407,https://doi.org/10.1037/h0066407,,Arthur O. Lovejoy
Crossref,1939,Present Standpoints and Past History,Arthur O. Lovejoy,journal-article,The Journal of Philosophy,36,18,477,10.2307/2017901,https://doi.org/10.2307/2017901,,Arthur O. Lovejoy
Crossref,1963,Studies in Arthur Schnitzler,,monograph,,,,,10.5149/9781469658209_reichert,https://doi.org/10.5149/9781469658209_reichert,,Arthur O. Lovejoy
Crossref,1936,Primitivism and Related Ideas in Antiquity,George Depue Hadzsits; Arthur O. Lovejoy; George Boas,journal-article,The Classical Weekly,30,7,73,10.2307/4339823,https://doi.org/10.2307/4339823,,Arthur O. Lovejoy
Crossref,1930,The Dialectical Argument against Absolute Simultaneity. II,Arthur O. Lovejoy,journal-article,The Journal of Philosophy,27,24,645,10.2307/2016326,https://doi.org/10.2307/2016326,,Arthur O. Lovejoy
Crossref,1950,Essays in the History of Ideas.,A. O. Aldridge; Arthur O. Lovejoy,journal-article,Modern Language Notes,65,8,545,10.2307/2909304,https://doi.org/10.2307/2909304,,Arthur O. Lovejoy
Crossref,1914,Reply to Professor Lovejoy,James H. Leuba,journal-article,The International Journal of Ethics,24,4,452-452,10.1086/intejethi.24.4.2376779,https://doi.org/10.1086/intejethi.24.4.2376779,,Arthur O. Lovejoy
Crossref,1959,Arthur Baumgarten,Karl Polak,edited-book,,,,,10.1515/9783112533062,https://doi.org/10.1515/9783112533062,,Arthur O. Lovejoy
Crossref,1968,"Labor Productivity in Italian Agriculture, 1951–1973",Robert M. Lovejoy,journal-article,ILR Review,21,4,570-580,10.1177/001979396802100406,https://doi.org/10.1177/001979396802100406,,Arthur O. Lovejoy
Crossref,1968,The immature stages of <i>Ixodes tatei</i> Arthur (Ixodidae),Don. R. Arthur,journal-article,Parasitology,58,1,165-169,10.1017/s0031182000073510,https://doi.org/10.1017/s0031182000073510,,Arthur O. Lovejoy
Crossref,1925,The Arthur L. Watson Nurseries at Strawberry Acres : fall 1925 - spring 1926,,monograph,,,,,10.5962/bhl.title.134487,https://doi.org/10.5962/bhl.title.134487,,Arthur O. Lovejoy
Crossref,1957,"The male of <i>Ixodes thompsoni</i> Arthur, 1955",Don. R. Arthur,journal-article,Parasitology,47,3-4,347-349,10.1017/s0031182000022034,https://doi.org/10.1017/s0031182000022034,,Arthur O. Lovejoy
Crossref,1906,The Fundamental Concept of Primitive Philosophy,Arthur O. Lovejoy,journal-article,Monist,16,3,357-382,10.5840/monist190616324,https://doi.org/10.5840/monist190616324,,Arthur O. Lovejoy
Crossref,1938,The Relativity Paradoxes: A Footnote to the Lovejoy-McGilvary Controversy,Nathaniel H. Stevens,journal-article,The Philosophical Review,47,6,624,10.2307/2180705,https://doi.org/10.2307/2180705,,Arthur O. Lovejoy
Crossref,1962,Anomalous Quadrupole Coupling in Europium Ethylsulfate,B. R. Judd; C. A. Lovejoy; D. A. Shirley,journal-article,Physical Review,128,4,1733-1740,10.1103/physrev.128.1733,https://doi.org/10.1103/physrev.128.1733,,Arthur O. Lovejoy
Crossref,1957,"The male of <i>Ixodes thompsoni</i> Arthur, 1955",Don. R. Arthur,journal-article,Parasitology,47,3-4,347-349,10.1017/s0031182000022034,https://doi.org/10.1017/s0031182000022034,,Arthur O. Lovejoy
Crossref,1959,Frontmatter,,book-chapter,Arthur Baumgarten,,,1-6,10.1515/9783112533062-fm,https://doi.org/10.1515/9783112533062-fm,,Arthur O. Lovejoy
Crossref,1911,William James as Philosopher,Arthur O. Lovejoy,journal-article,The International Journal of Ethics,21,2,125-153,10.1086/intejethi.21.2.2377028,https://doi.org/10.1086/intejethi.21.2.2377028,,Arthur O. Lovejoy
Crossref,1967,"Samuel Hopkins: Religion, Slavery, and the Revolution",David S. Lovejoy,journal-article,The New England Quarterly,40,2,227,10.2307/363769,https://doi.org/10.2307/363769,,Arthur O. Lovejoy
Crossref,1916,On the Meaning of 'Romantic' in Early German Romanticism,A. O. Lovejoy,journal-article,Modern Language Notes,31,7,385,10.2307/2915437,https://doi.org/10.2307/2915437,,Arthur O. Lovejoy
Crossref,1969,Letter to the Editor,Frederick H. Lovejoy; J. Roger Hollister; Thomas K. McInerny,journal-article,Pediatrics,43,6,1050-1050,10.1542/peds.43.6.1050,https://doi.org/10.1542/peds.43.6.1050,,Arthur O. Lovejoy
Crossref,1912,The Problem of Time in Recent French Philosophy. I.,Arthur O. Lovejoy,journal-article,The Philosophical Review,21,1,11,10.2307/2177595,https://doi.org/10.2307/2177595,,Arthur O. Lovejoy
Crossref,1923,A Three Year Cycle for Social Work Conferences,O. R. Lovejoy,journal-article,Social Forces,1,2,129-130,10.2307/3004909,https://doi.org/10.2307/3004909,,Arthur O. Lovejoy
Crossref,1967,An Annotated Arthur Schnitzler Bibliography,,edited-book,,,,,10.1353/book.75770,https://doi.org/10.1353/book.75770,,Arthur O. Lovejoy
Crossref,1904,The Philosophy of Hobbes.,Arthur O. Lovejoy; Frederick J. E. Woodbridge,journal-article,The Philosophical Review,13,3,385,10.2307/2176296,https://doi.org/10.2307/2176296,,Arthur O. Lovejoy
Crossref,1962,Cyclical Sensitivity of Public Utilities: 1947-59,Wallace F. Lovejoy; David A. Bowers,journal-article,Land Economics,38,4,327,10.2307/3144491,https://doi.org/10.2307/3144491,,Arthur O. Lovejoy
Crossref,1909,The Meaning of Φυσις in the Greek Physiologers,Arthur O. Lovejoy,journal-article,The Philosophical Review,18,4,369,10.2307/2177774,https://doi.org/10.2307/2177774,,Arthur O. Lovejoy
Crossref,1923,"The Supposed Primitivism of Rousseau's ""Discourse on Inequality""",Arthur O. Lovejoy,journal-article,Modern Philology,21,2,165-186,10.1086/387491,https://doi.org/10.1086/387491,,Arthur O. Lovejoy
Crossref,1908,Pragmatism and Theology,Arthur O. Lovejoy,journal-article,The American Journal of Theology,12,1,116-143,10.1086/478735,https://doi.org/10.1086/478735,,Arthur O. Lovejoy
Crossref,1912,The Problem of Time in Recent French Philosophy,Arthur O. Lovejoy,journal-article,The Philosophical Review,21,5,527,10.2307/2177176,https://doi.org/10.2307/2177176,,Arthur O. Lovejoy
Crossref,1963,"The Reason, the Understanding and Time",Paul Roubiczek; Arthur O. Lovejoy,journal-article,The Modern Language Review,58,2,292,10.2307/3721310,https://doi.org/10.2307/3721310,,Arthur O. Lovejoy
Crossref,1912,The Problem of Time in Recent French Philosophy. II.,Arthur O. Lovejoy,journal-article,The Philosophical Review,21,3,322,10.2307/2177714,https://doi.org/10.2307/2177714,,Arthur O. Lovejoy
Crossref,1966,"Review: <i>Life Histories of North American Petrels and Their Allies</i>, by Arthur Cleveland Bent; <i>Life Histories of North American Woodpeckers</i>, by Arthur Cleveland Bent; <i>Life Histories of North American Cuckoos, Goatsuckers, Hummingbirds and Their Allies</i>, by Arthur Cleveland Bent; <i>Life Histories of North American Jays, Crows and Titmice</i>, by Arthur Cleveland Bent; <i>Life Histories of North American Nuthatches, Wrens, and Their Allies</i>, by Arthur Cleveland Bent; <i>Life Histories of North American Thrushes, Kinglets, and Their Allies</i>, by Arthur Cleveland Bent; <i>Life Histories of North American Wagtails, Shrikes, Vireos, and Their Allies</i>, by Arthur Cleveland Bent; and <i>Life Histories of North American Blackbirds, Orioles, Tanagers and Allies</i>, by Arthur Cleveland Bent","Val Nolan,",journal-article,The American Biology Teacher,28,2,132-133,10.2307/4441255,https://doi.org/10.2307/4441255,,Arthur O. Lovejoy
Crossref,1948,My Friend Lovejoy,William Pepperell Montague,journal-article,Journal of the History of Ideas,9,4,424,10.2307/2707215,https://doi.org/10.2307/2707215,,Arthur O. Lovejoy
Crossref,1930,The Dialectical Argument Against Absolute Simultaneity. I,Arthur O. Lovejoy,journal-article,The Journal of Philosophy,27,23,617,10.2307/2016868,https://doi.org/10.2307/2016868,,Arthur O. Lovejoy
Crossref,1932,The First Gothic Revival and the Return to Nature,Arthur O. Lovejoy,journal-article,Modern Language Notes,47,7,419,10.2307/2913411,https://doi.org/10.2307/2913411,,Arthur O. Lovejoy
Crossref,1967,Infrared Spectrum of Germylacetylene,R. W. Lovejoy; D. R. Baker,journal-article,The Journal of Chemical Physics,46,2,658-665,10.1063/1.1840722,https://doi.org/10.1063/1.1840722,,Arthur O. Lovejoy
Crossref,1917,Summer and autumn. Boddington's garden guide. 1917,,monograph,,,,,10.5962/bhl.title.113892,https://doi.org/10.5962/bhl.title.113892,,Arthur O. Lovejoy
Crossref,1955,Industrial Conflict Arthur Kornhauser Robert Dubin Arthur M. Ross,Alvin W. Gouldner,journal-article,Social Problems,3,1,50-50,10.2307/798743,https://doi.org/10.2307/798743,,Arthur O. Lovejoy
Crossref,1968,Cdrs. Strange and Arthur Reply,RANSOM J. ARTHUR; ROBERT E. STRANGE,journal-article,American Journal of Psychiatry,124,8,1138-1138,10.1176/ajp.124.8.1138,https://doi.org/10.1176/ajp.124.8.1138,,Arthur O. Lovejoy
Crossref,1963,"The Correspondence of Arthur Hugh Clough, Vol. 2",Arthur Hugh Clough,edited-book,,,,,10.1093/actrade/9780198778059.book.1,https://doi.org/10.1093/actrade/9780198778059.book.1,,Arthur O. Lovejoy
Crossref,1965,An attention theory of discrimination learning,Elijah Lovejoy,journal-article,Journal of Mathematical Psychology,2,2,342-362,10.1016/0022-2496(65)90009-x,https://doi.org/10.1016/0022-2496(65)90009-x,,Arthur O. Lovejoy
Crossref,1955,": Industrial Conflict . Arthur Kornhauser, Robert Dubin, Arthur M. Ross.",Alvin W. Gouldner,journal-article,Social Problems,3,1,50-50,10.1525/sp.1955.3.1.03a00080,https://doi.org/10.1525/sp.1955.3.1.03a00080,,Arthur O. Lovejoy
Crossref,1938,The Great Chain of Being.,John Herman Randall; Arthur O. Lovejoy,journal-article,The Philosophical Review,47,2,214,10.2307/2180858,https://doi.org/10.2307/2180858,,Arthur O. Lovejoy
Crossref,1956,SETBACK SENSITIVITY STUDY,Jr O'Brien; Arthur W.,report,,,,,10.21236/ad0095101,https://doi.org/10.21236/ad0095101,,Arthur O. Lovejoy
Crossref,1955,"Rhode Island, a Brief History",David S. Lovejoy; Earl C. Tanner,journal-article,The New England Quarterly,28,2,275,10.2307/362790,https://doi.org/10.2307/362790,,Arthur O. Lovejoy
Crossref,1963,"The Correspondence of Arthur Hugh Clough, Vol. 1",Arthur Hugh Clough,edited-book,,,,,10.1093/actrade/9780198778042.book.1,https://doi.org/10.1093/actrade/9780198778042.book.1,,Arthur O. Lovejoy
Crossref,1929,Anti-Evolution Laws and the Principle of Religious Neutrality,Arthur O. Lovejoy,journal-article,Bulletin of the American Association of University Professors,15,4,307,10.2307/40218129,https://doi.org/10.2307/40218129,,Arthur O. Lovejoy
Crossref,1910,Some New Saprophytic Fungi of the Middle Rocky Mountain Region,Ruth Harrison Lovejoy,journal-article,Botanical Gazette,50,5,383-385,10.1086/330381,https://doi.org/10.1086/330381,,Arthur O. Lovejoy
Crossref,1927,"The Arthur L. Watson Nurseries at Strawberry Acres, Wyoming Park : 1927 [catalog]",,monograph,,,,,10.5962/bhl.title.139580,https://doi.org/10.5962/bhl.title.139580,,Arthur O. Lovejoy
Crossref,1942,"Review: <i>Latin America and the Enlightenment: Essays by Arthur P. Whitaker, Roland D. Hussey, Harry Bernstein, John Tate Lanning, Arthur Scott Aiton, and Alexander D. Marchant; Introduction by Federico de Onis</i>, by Arthur P. Whitaker, Roland D. Hussey, Harry Bernstein, John Tate Lanning, Arthur Scott Aiton, and Alexander D. Marchant",Lesley Byrd Simpson,journal-article,Pacific Historical Review,11,2,225-226,10.2307/3633776,https://doi.org/10.2307/3633776,,Arthur O. Lovejoy
Crossref,1927,Man and the State,Arthur O. Lovejoy; William Ernest Hocking,journal-article,The Yale Law Journal,36,5,723,10.2307/789801,https://doi.org/10.2307/789801,,Arthur O. Lovejoy
Crossref,1921,Profit-Sharing and Industrial Peace,Arthur O. Lovejoy,journal-article,The International Journal of Ethics,31,3,241-263,10.1086/intejethi.31.3.2377579,https://doi.org/10.1086/intejethi.31.3.2377579,,Arthur O. Lovejoy
Crossref,1923,State Land Policy in Michigan,P. S. Lovejoy,journal-article,Journal of Forestry,21,1,1-9,10.1093/jof/21.1.1,https://doi.org/10.1093/jof/21.1.1,,Arthur O. Lovejoy
Crossref,1937,The Freedom of the Teacher,Arthur O. Lovejoy; Howard K. Beale,journal-article,Bulletin of the American Association of University Professors,23,5,401,10.2307/40219896,https://doi.org/10.2307/40219896,,Arthur O. Lovejoy
Crossref,1924,Miscellany,C. A. Lovejoy,journal-article,The Boston Medical and Surgical Journal,190,26,1148-1148,10.1056/nejm192406261902621,https://doi.org/10.1056/nejm192406261902621,,Arthur O. Lovejoy
Crossref,1967,Acute Phenothiazine Toxicity in Childhood: A Five-Year Survey,J. M. GUPTA; F. H. LOVEJOY,journal-article,Pediatrics,39,5,771-774,10.1542/peds.39.5.771,https://doi.org/10.1542/peds.39.5.771,,Arthur O. Lovejoy
Crossref,1902,Religion and the Time-Process,Arthur O. Lovejoy,journal-article,The American Journal of Theology,6,3,439-472,10.1086/478108,https://doi.org/10.1086/478108,,Arthur O. Lovejoy
Crossref,1912,The Philosophy of John Norris of Bemerton.,A. O. Lovejoy; Flora Isabel MacKinnon,journal-article,The Philosophical Review,21,2,256,10.2307/2177365,https://doi.org/10.2307/2177365,,Arthur O. Lovejoy
Crossref,1905,Abhandlungen der Fries'schen Schule.,Arthur O. Lovejoy; G. Hessenberg; K. Kaiser; Leonard Nelson,journal-article,The Philosophical Review,14,5,617,10.2307/2177498,https://doi.org/10.2307/2177498,,Arthur O. Lovejoy
Crossref,1906,Abhandlungen der Fries'schen Schule.,Arthur O. Lovejoy; Gerhard Hessenberg; Karl Kaiser; Leonard Nelson,journal-article,The Philosophical Review,15,2,216,10.2307/2177744,https://doi.org/10.2307/2177744,,Arthur O. Lovejoy
Crossref,1967,Owen Lovejoy: Abolitionist in Congress,Louis Filler; Edward Magdol,journal-article,The Journal of American History,54,3,665,10.2307/2937459,https://doi.org/10.2307/2937459,,Arthur O. Lovejoy
Crossref,1968,"Legend Unending, Beginnings Unknown: P. S. Lovejoy on “Paul Bunyon”",,journal-article,Forest History Newsletter,11,4,37-38,10.2307/3982904,https://doi.org/10.2307/3982904,,Arthur O. Lovejoy
Crossref,1920,An embroidery book,Anne Knox Arthur,monograph,,,,,10.5479/sil.183202.39088003382694,https://doi.org/10.5479/sil.183202.39088003382694,,Arthur O. Lovejoy
Crossref,1919,Review of Lumber Industry Affairs,P. S. Lovejoy,journal-article,Journal of Forestry,17,3,245-259,10.1093/jof/17.3.245,https://doi.org/10.1093/jof/17.3.245,,Arthur O. Lovejoy
Crossref,1918,A STUDY OF SOUTHERN CALIFORNIA PLACE NAMES,ORA A. LOVEJOY,journal-article,Annual Publication of the Historical Society of Southern California,11,1,44-50,10.2307/41168758,https://doi.org/10.2307/41168758,,Arthur O. Lovejoy
Crossref,1946,A Note on Peirce's Evolutionism,Arthur O. Lovejoy,journal-article,Journal of the History of Ideas,7,3,351,10.2307/2707405,https://doi.org/10.2307/2707405,,Arthur O. Lovejoy
Crossref,1911,"Three Philosophical Poets--Lucretius, Dante, and Goethe.",A. O. Lovejoy; George Santayana,journal-article,Modern Language Notes,26,8,244,10.2307/2916804,https://doi.org/10.2307/2916804,,Arthur O. Lovejoy
Crossref,1933,Certain Samaritans,Nina D. Gage; Esther Pohl Lovejoy,journal-article,The American Journal of Nursing,33,10,1016,10.2307/3412870,https://doi.org/10.2307/3412870,,Arthur O. Lovejoy
Crossref,1932,The Letters of Matthew Arnold to Arthur Hugh Clough,Matthew Arnold,edited-book,,,,,10.1093/actrade/9780198124016.book.1,https://doi.org/10.1093/actrade/9780198124016.book.1,,Arthur O. Lovejoy
Crossref,1917,CHESTER ALAN ARTHUR,,book-chapter,Miscellaneous Addresses,,,109-114,10.4159/harvard.9780674289291.c12,https://doi.org/10.4159/harvard.9780674289291.c12,,Arthur O. Lovejoy
Crossref,1949,ARTHUR FAIREST LIMITED<i>V.</i>ARTHUR FAIREST,,journal-article,"Reports of Patent, Design and Trade Mark Cases",66,11,275-280,10.1093/rpc/66.11.275,https://doi.org/10.1093/rpc/66.11.275,,Arthur O. Lovejoy
Crossref,1967,An Annotated Arthur Schnitzler Bibliography,,monograph,,,,,10.5149/9781469657011_allen,https://doi.org/10.5149/9781469657011_allen,,Arthur O. Lovejoy
Crossref,1925,Prolegomena to an Idealist Theory of Knowledge.,Arthur O. Lovejoy; Norman Kemp Smith,journal-article,The Philosophical Review,34,2,185,10.2307/2179466,https://doi.org/10.2307/2179466,,Arthur O. Lovejoy
Crossref,1969,"Lac Arthur, Québec",,report,,,,,10.4095/116147,https://doi.org/10.4095/116147,,Arthur O. Lovejoy
Crossref,1959,Rhode Island Politics and the American Revolution: 1760-1776,Milton Cantor; David S. Lovejoy,journal-article,American Quarterly,11,3,431,10.2307/2710397,https://doi.org/10.2307/2710397,,Arthur O. Lovejoy
Crossref,1964,"""Cyclical Sensitivity of Public Utilities: 1947-59"": Rejoinder",Wallace F. Lovejoy; David A. Bowers,journal-article,Land Economics,40,3,338,10.2307/3144744,https://doi.org/10.2307/3144744,,Arthur O. Lovejoy
Crossref,1931,La Pensee de Jean-Jacques Rousseau; Essai d'interpretation nouvelle.,Arthur O. Lovejoy; Albert Schinz,journal-article,Modern Language Notes,46,1,41,10.2307/2913517,https://doi.org/10.2307/2913517,,Arthur O. Lovejoy
Crossref,1936,"The adrenals, by Arthur Grollman.",Arthur Grollman,monograph,,,,,10.5962/bhl.title.6430,https://doi.org/10.5962/bhl.title.6430,,Arthur O. Lovejoy
Crossref,1949,Counseling Youth for College,CLARENCE E. LOVEJOY,journal-article,Occupations: The Vocational Guidance Journal,27,6,381-386,10.1002/j.2164-5892.1949.tb01531.x,https://doi.org/10.1002/j.2164-5892.1949.tb01531.x,,Arthur O. Lovejoy
Crossref,1948,Autonomy and Necessity: A Rejoinder to Professor Lovejoy,A. C. Pegis,journal-article,Philosophy and Phenomenological Research,9,1,89,10.2307/2103853,https://doi.org/10.2307/2103853,,Arthur O. Lovejoy
Crossref,1920,"Bulbs for fall planting, strawberry plants, seasonable seeds and sundries /",,monograph,,,,,10.5962/bhl.title.120332,https://doi.org/10.5962/bhl.title.120332,,Arthur O. Lovejoy
Crossref,1955,SURFACE TENSION OF He<sup>3</sup>,D. R. LoveJoy,journal-article,Canadian Journal of Physics,33,2,49-53,10.1139/p55-008,https://doi.org/10.1139/p55-008,,Arthur O. Lovejoy
Crossref,1952,On a Supposed Resurgence of Vicious Intellectualism,Arthur O. Lovejoy,journal-article,The Journal of Philosophy,49,4,85,10.2307/2021577,https://doi.org/10.2307/2021577,,Arthur O. Lovejoy
Crossref,1970,"142. To Arthur Symons, 29 December [1888]",Walter Pater,book-chapter,Letters of Walter Pater,,,,10.1093/oseo/instance.00209934,https://doi.org/10.1093/oseo/instance.00209934,,Arthur O. Lovejoy
Crossref,1970,"148. To Arthur Symons, [24 March 1889]",Walter Pater,book-chapter,Letters of Walter Pater,,,,10.1093/oseo/instance.00209940,https://doi.org/10.1093/oseo/instance.00209940,,Arthur O. Lovejoy
Crossref,1970,The Taxonomic Status of the 'Meganthropus' Mandibular Fragments from the Djetis Beds of Java,C. Owen Lovejoy,journal-article,Man,5,2,228,10.2307/2799649,https://doi.org/10.2307/2799649,,Arthur O. Lovejoy
Crossref,1912,"Price list of Arthur L. Norton, nurseryman and fruit grower",Arthur L. Norton,monograph,,,,,10.5962/bhl.title.105312,https://doi.org/10.5962/bhl.title.105312,,Arthur O. Lovejoy
Crossref,1970,"135. To Arthur Symons, 2 August [1888]",Walter Pater,book-chapter,Letters of Walter Pater,,,,10.1093/oseo/instance.00209927,https://doi.org/10.1093/oseo/instance.00209927,,Arthur O. Lovejoy
Crossref,1970,"103. To Arthur Symons, 2 December [1886]",Walter Pater,book-chapter,Letters of Walter Pater,,,,10.1093/oseo/instance.00209895,https://doi.org/10.1093/oseo/instance.00209895,,Arthur O. Lovejoy
Crossref,1939,Communications: Professional Association or Trade Union?,George A. Coe; Auther O. Lovejoy,journal-article,Bulletin of the American Association of University Professors,25,3,344,10.2307/40219344,https://doi.org/10.2307/40219344,,Arthur O. Lovejoy
Crossref,1917,On the Meaning of 'Romantic' in Early German Romanticism Part II,A. O. Lovejoy,journal-article,Modern Language Notes,32,2,65,10.2307/2915747,https://doi.org/10.2307/2915747,,Arthur O. Lovejoy
Crossref,1970,"177. To Arthur Symons, [15 January 1890]",Walter Pater,book-chapter,Letters of Walter Pater,,,,10.1093/oseo/instance.00209969,https://doi.org/10.1093/oseo/instance.00209969,,Arthur O. Lovejoy
Crossref,1954,ARTHUR KROCK,,book-chapter,Newsmen Speak,,,48-50,10.1525/9780520354470-012,https://doi.org/10.1525/9780520354470-012,,Arthur O. Lovejoy
Crossref,1944,Reply to Professor Spitzer,Arthur O. Lovejoy,journal-article,Journal of the History of Ideas,5,2,204,10.2307/2707385,https://doi.org/10.2307/2707385,,Arthur O. Lovejoy
Crossref,1954,ARTHUR BRISBANE,,book-chapter,Newsmen Speak,,,28-33,10.1525/9780520354470-008,https://doi.org/10.1525/9780520354470-008,,Arthur O. Lovejoy
Crossref,1970,"145. To Arthur Symons, [11 February 1889]",Walter Pater,book-chapter,Letters of Walter Pater,,,,10.1093/oseo/instance.00209937,https://doi.org/10.1093/oseo/instance.00209937,,Arthur O. Lovejoy
Crossref,1970,"104A. To Arthur Symons, [April 1887]",Walter Pater,book-chapter,Letters of Walter Pater,,,,10.1093/oseo/instance.00210082,https://doi.org/10.1093/oseo/instance.00210082,,Arthur O. Lovejoy
Crossref,1915,Conditions at the University of Utah,John Dewey; A. O. Lovejoy; Edwin R. A. Seligman,journal-article,Science,41,1062,685-685,10.1126/science.41.1062.685-a,https://doi.org/10.1126/science.41.1062.685-a,,Arthur O. Lovejoy
Crossref,1970,"149. To Arthur Symons, [1? April 1889]",Walter Pater,book-chapter,Letters of Walter Pater,,,,10.1093/oseo/instance.00209941,https://doi.org/10.1093/oseo/instance.00209941,,Arthur O. Lovejoy
Crossref,1970,"189. To Arthur Symons, 18 October [1890]",Walter Pater,book-chapter,Letters of Walter Pater,,,,10.1093/oseo/instance.00209981,https://doi.org/10.1093/oseo/instance.00209981,,Arthur O. Lovejoy
Crossref,1911,"1911 price list of Arthur L. Norton, nurseryman and fruit grower",Arthur L. Norton,monograph,,,,,10.5962/bhl.title.104325,https://doi.org/10.5962/bhl.title.104325,,Arthur O. Lovejoy
Crossref,1911,Book Review:A Beginner's History of Philosophy: Vol. II. Modern Philosophy. Herbert Ernest Cushman,Arthur O. Lovejoy,journal-article,Ethics,22,1,111,10.1086/206636,https://doi.org/10.1086/206636,,Arthur O. Lovejoy
Crossref,1942,The Communism of Saint Ambrose,Arthur O. Lovejoy,journal-article,Journal of the History of Ideas,3,4,458,10.2307/2707318,https://doi.org/10.2307/2707318,,Arthur O. Lovejoy
Crossref,1922,"Time, Meaning and Transcendence--II.: Professor Dewey's Tertium Quid",Arthur O. Lovejoy,journal-article,The Journal of Philosophy,19,20,533,10.2307/2939326,https://doi.org/10.2307/2939326,,Arthur O. Lovejoy
Crossref,1952,In Defense of Individualistic Empiricism: Rejoinder to Mr. Lowe,Arthur O. Lovejoy,journal-article,The Journal of Philosophy,49,4,111,10.2307/2021580,https://doi.org/10.2307/2021580,,Arthur O. Lovejoy
Crossref,1968,Owen Lovejoy: Abolitionist in Congress.,Bertram Wyatt-Brown; Edward Magdol,journal-article,The Journal of Southern History,34,1,123,10.2307/2205497,https://doi.org/10.2307/2205497,,Arthur O. Lovejoy
Crossref,1968,A Technique for Mist-Netting in the Forest Canopy,Philip S. Humphrey; David Bridge; Thomas E. Lovejoy,journal-article,Bird-Banding,39,1,43,10.2307/4511439,https://doi.org/10.2307/4511439,,Arthur O. Lovejoy
Crossref,1950,Essays in the History of Ideas,H. T. C.; Arthur O. Lovejoy,journal-article,The Journal of Philosophy,47,1,22,10.2307/2019435,https://doi.org/10.2307/2019435,,Arthur O. Lovejoy
Crossref,1949,The arthur adaptation of the leiter international performance scale,Grace Arthur,journal-article,Journal of Clinical Psychology,5,4,345-349,10.1002/1097-4679(194910)5:4<345::aid-jclp2270050402>3.0.co;2-0,https://doi.org/10.1002/1097-4679(194910)5:4<345::aid-jclp2270050402>3.0.co;2-0,,Arthur O. Lovejoy
Crossref,1970,"268A. To Arthur Symons, [June 1894?]",Walter Pater,book-chapter,Letters of Walter Pater,,,,10.1093/oseo/instance.00210108,https://doi.org/10.1093/oseo/instance.00210108,,Arthur O. Lovejoy
Crossref,1970,"194. To Arthur Symons, 27 January [1891]",Walter Pater,book-chapter,Letters of Walter Pater,,,,10.1093/oseo/instance.00209986,https://doi.org/10.1093/oseo/instance.00209986,,Arthur O. Lovejoy
Crossref,1959,Arthur Koestler and His Sleepwalkers<i>The Sleepwalkers</i>. Arthur Koestler,Giorgio de Santillana; Stillman Drake,journal-article,Isis,50,3,255-260,10.1086/348777,https://doi.org/10.1086/348777,,Arthur O. Lovejoy
Crossref,1906,Leibniz's Hauptschriften zur Grundlegung der Philosophie.,Arthur O. Lovejoy; A. Buchenau; Ernst Cassirer,journal-article,The Philosophical Review,15,4,437,10.2307/2177901,https://doi.org/10.2307/2177901,,Arthur O. Lovejoy
Crossref,1970,"121. To Arthur Symons, 8 January [1888]",Walter Pater,book-chapter,Letters of Walter Pater,,,,10.1093/oseo/instance.00209913,https://doi.org/10.1093/oseo/instance.00209913,,Arthur O. Lovejoy
OpenAlex,1963,Arthur O. Lovejoy and the History of Ideas,John Herman Randall,article,Philosophy and Phenomenological Research,,,,https://doi.org/10.2307/2104513,https://openalex.org/W2318203053,https://doi.org/10.2307/2104513,A. O. Lovejoy
OpenAlex,1948,Arthur O. Lovejoy and the Theory of Historiography,Maurice Mandelbaum,article,Journal of the History of Ideas,,,,https://doi.org/10.2307/2707214,https://openalex.org/W2325075983,https://doi.org/10.2307/2707214,A. O. Lovejoy
OpenAlex,1963,In Memory of A. O. Lovejoy,Ludwig Edelstein,article,Journal of the History of Ideas,,,,https://doi.org/10.2307/2707977,https://openalex.org/W2327760171,https://doi.org/10.2307/2707977,A. O. Lovejoy
OpenAlex,1948,A. O. Lovejoy as Teacher,Marjorie Hope Nicolson,article,Journal of the History of Ideas,,,,https://doi.org/10.2307/2707216,https://openalex.org/W2002950479,https://doi.org/10.2307/2707216,A. O. Lovejoy
OpenAlex,1948,A. O. Lovejoy as Historian of Philosophy,George Boas,article,Journal of the History of Ideas,,,,https://doi.org/10.2307/2707213,https://openalex.org/W2326849533,https://doi.org/10.2307/2707213,A. O. Lovejoy
OpenAlex,1963,The Philosophical Method of Arthur O. Lovejoy: Critical Realism and Psychoanalytical Realism,Lewis S. Feuer,article,Philosophy and Phenomenological Research,,,,https://doi.org/10.2307/2104515,https://openalex.org/W2316587247,https://doi.org/10.2307/2104515,A. O. Lovejoy
OpenAlex,1963,Reflections on Human Nature.,Ian G. Wallace; Arthur O. Lovejoy,article,HighWire Press Open Archive; The Philosophical Quarterly,,,,https://doi.org/10.2307/2955534,https://openalex.org/W1967213345,http://pq.oxfordjournals.org/cgi/content/short/13/53/369; https://doi.org/10.2307/2955534,A. O. Lovejoy
OpenAlex,1949,<i>Essays in the History of Ideas</i>. Arthur O. Lovejoy,Hàrry Levin,article,Isis,,,,https://doi.org/10.1086/349023,https://openalex.org/W2511941615,https://doi.org/10.1086/349023,A. O. Lovejoy
OpenAlex,1911,Schopenhauer as an Evolutionist,Arthur O. Lovejoy,article,The Monist,,,,https://doi.org/10.5840/monist191121240,https://openalex.org/W2331385066,https://doi.org/10.5840/monist191121240,A. O. Lovejoy
OpenAlex,1923,IV.—‘REPRESENTATIVE IDEAS’ IN MALEBRANCHE AND ARNAULD,Arthur O. Lovejoy,article,Mind,,,,https://doi.org/10.1093/mind/xxxii.128.449,https://openalex.org/W2054489859,https://doi.org/10.1093/mind/xxxii.128.449,A. O. Lovejoy
OpenAlex,1936,"<i>A Documentary History of Primitivism and Related Ideas. Volume I: Primitivism and Related Ideas in Antiquity</i>. Arthur O. Lovejoy , George Boas",George Sarton,article,Isis,,,,https://doi.org/10.1086/347079,https://openalex.org/W2078051090,https://doi.org/10.1086/347079,A. O. Lovejoy
OpenAlex,1951,"Essays in the History of Ideas. By Arthur O. Lovejoy. (The Johns Hopkins Press, Baltimore; London, Cumberlege. 1948. Pp. 354. Price 27s. 6d.",D. J. Allan,article,Philosophy,,,,https://doi.org/10.1017/s0031819100026929,https://openalex.org/W2019028339,https://doi.org/10.1017/s0031819100026929,A. O. Lovejoy
OpenAlex,1906,The Fundamental Concept of Primitive Philosophy,Arthur O. Lovejoy,article,The Monist; Zenodo (CERN European Organization for Nuclear Research),,,,https://doi.org/10.5840/monist190616324,https://openalex.org/W2315371639,http://doi.org/10.5840/monist190616324; https://doi.org/10.5840/monist190616324,A. O. Lovejoy
OpenAlex,1918,Report of Committee on Academic Freedom in Wartime,Arthur O. Lovejoy; Edward Capps; Alistair A. Young,article,Bulletin of the American Association of University Professors,,,,https://doi.org/10.2307/40216871,https://openalex.org/W2801731677,https://doi.org/10.2307/40216871,A. O. Lovejoy
OpenAlex,1906,IV.—KANT'S ANTITHESIS OF DOGMATISM AND CRITICISM,Arthur O. Lovejoy,article,HighWire Press Open Archive; Mind; Zenodo (CERN European Organization for Nuclear Research),,,,https://doi.org/10.1093/mind/xv.58.191,https://openalex.org/W2047744407,http://mind.oxfordjournals.org/cgi/content/short/XV/58/191; https://doi.org/10.1093/mind/xv.58.191; https://zenodo.org/record/1590303,A. O. Lovejoy
OpenAlex,1915,"General Report of the Committee on Academic Freedom and Academic Tenure: Presented at the Annual Meeting of the Association: December 31, 1915",Edwin R. A. Seligman; Charles E. Bennett; James Quayle Dealey; Richard T. Ely; Henry W. Farnam; Frank A. Fetter; Franklin H. Giddings; Charles A. Kofoid; Arthur O. Lovejoy; Frederick W. Padelford; Roscoe Pound; Howard C. Warren; Ulysses G. Weatherly,article,Bulletin of the American Association of University Professors,,,,https://doi.org/10.2307/40216731,https://openalex.org/W2801462768,https://doi.org/10.2307/40216731,A. O. Lovejoy
OpenAlex,1954,The 1915 Declaration of Principles: Academic Freedom and Tenure,Edwin R. A. Seligman; Charles E. Bennett; James Quayle Dealey; Richard T. Ely; Henry W. Farnam; Frank A. Fetter; Franklin H. Giddings; Charles A. Kofoid; Arthur O. Lovejoy; Frederick W. Padelford; Roscoe Pound; Howard C. Warren; Ulysses G. Weatherly,article,Bulletin of the American Association of University Professors,,,,https://doi.org/10.2307/40220998,https://openalex.org/W2800724473,https://doi.org/10.2307/40220998,A. O. Lovejoy
OpenAlex,1963,<i>Reflections on Human Nature</i> by Arthur O. Lovejoy,James A. Doolittle,article,South Atlantic Quarterly,,,,https://doi.org/10.1215/00382876-62-1-148,https://openalex.org/W4361854019,http://dx.doi.org/10.1215/00382876-62-1-148,A. O. Lovejoy
OpenAlex,1951,Essays in the History of Ideas by Arthur O. Lovejoy,Ambrose McNicholl,article,The Thomist: A Speculative Quarterly Review,,,,https://doi.org/10.1353/tho.1951.0016,https://openalex.org/W2625369879,https://doi.org/10.1353/tho.1951.0016,A. O. Lovejoy
OpenAlex,1943,"Review: Arthur O. Lovejoy, On the Criteria and Limits of Meaning",Ernest Nagel,article,Journal of Symbolic Logic; Project Euclid (Cornell University),,,,,https://openalex.org/W1595932245,http://projecteuclid.org/euclid.jsl/1183391311; https://projecteuclid.org/euclid.jsl/1183391311,A. O. Lovejoy
OpenAlex,1965,"Anomalous and Reversed Paleomagnetic Field Directions from the Miocene Lovejoy Basalt, Northern California",C. Sherman Grommé,article,Journal of geomagnetism and geoelectricity,,,,https://doi.org/10.5636/jgg.17.445,https://openalex.org/W2044836774,https://doi.org/10.5636/jgg.17.445,A. O. Lovejoy
OpenAlex,1964,"Arthur O. Lovejoy, The Thirteen Pragmatisms and Other Essays",Christian Wenin,article,Revue Philosophique de Louvain,,,,,https://openalex.org/W2330399652,https://www.persee.fr/doc/phlou_0035-3841_1964_num_62_73_5249_t1_0206_0000_2,A. O. Lovejoy
OpenAlex,1949,<i>Essays in the History of Ideas</i>. Arthur O. Lovejoy,Crane Brinton,article,The Journal of Modern History,,,,https://doi.org/10.1086/237298,https://openalex.org/W2515864680,https://doi.org/10.1086/237298,A. O. Lovejoy
OpenAlex,1931,<i>The Revolt against Dualism</i>. Arthur O. Lovejoy,H. T. Davis,article,Isis,,,,https://doi.org/10.1086/346554,https://openalex.org/W2512020798,https://doi.org/10.1086/346554,A. O. Lovejoy
OpenAlex,1951,<i>Essays in the History of Ideas</i>. Arthur O. Lovejoy,James Luther Adams,article,The Journal of Religion,,,,https://doi.org/10.1086/484075,https://openalex.org/W2514227645,https://doi.org/10.1086/484075,A. O. Lovejoy
OpenAlex,1930,The Revolt against Dualism <i>By Arthur O. Lovejoy</i>,,article,Parnassus,,,,https://doi.org/10.1080/15436314.1930.11666362,https://openalex.org/W4312577553,https://doi.org/10.1080/15436314.1930.11666362,A. O. Lovejoy
OpenAlex,1931,<i>The Revolt Against Dualism</i>. Arthur O. Lovejoy,Arthur Ε. Murphy,article,The International Journal of Ethics,,,,https://doi.org/10.1086/intejethi.41.2.2377919,https://openalex.org/W2507299876,https://doi.org/10.1086/intejethi.41.2.2377919,A. O. Lovejoy
OpenAlex,1937,<i>The Great Chain of Being</i>. Arthur O. Lovejoy,H. T. Davis,article,Isis,,,,https://doi.org/10.1086/347235,https://openalex.org/W2513296475,https://doi.org/10.1086/347235,A. O. Lovejoy
OpenAlex,1931,Book Review:The Revolt Against Dualism. Arthur O. Lovejoy,Arthur Ε. Murphy,article,Ethics,,,,https://doi.org/10.1086/207879,https://openalex.org/W1995893971,https://doi.org/10.1086/207879,A. O. Lovejoy
OpenAlex,1938,<i>The Great Chain of Being</i>. Arthur O. Lovejoy,Henry V. S. Ogden,article,Isis,,,,https://doi.org/10.1086/347375,https://openalex.org/W4237557654,https://doi.org/10.1086/347375,A. O. Lovejoy
OpenAlex,1949,"Arthur O. Lovejoy, <i>Essays in the History of Ideas</i>",René Wellek,article,The Germanic Review Literature Culture Theory,,,,https://doi.org/10.1080/19306962.1949.11786443,https://openalex.org/W2558313679,https://doi.org/10.1080/19306962.1949.11786443,A. O. Lovejoy
OpenAlex,1908,The Theory of a Pre-Christian Cult of Jesus,Arthur O. Lovejoy,article,The Monist; Zenodo (CERN European Organization for Nuclear Research),,,,https://doi.org/10.5840/monist190818440,https://openalex.org/W2313375078,http://doi.org/10.5840/monist190818440; https://doi.org/10.5840/monist190818440,A. O. Lovejoy
OpenAlex,1931,What Is Knowledge?<i>The Revolt against Dualism</i>. Arthur O. Lovejoy,Henry Nelson Wieman,article,The Journal of Religion,,,,https://doi.org/10.1086/481061,https://openalex.org/W2257075611,https://doi.org/10.1086/481061,A. O. Lovejoy
OpenAlex,1937,<i>The Great Chain of Being: A Study of the History of an Idea</i>. Arthur O. Lovejoy,Bruce W. Brotherston,article,The Journal of Religion,,,,https://doi.org/10.1086/481966,https://openalex.org/W2516270553,https://doi.org/10.1086/481966,A. O. Lovejoy
OpenAlex,1937,Book Review:The Great Chain of Being: A Study of the History of an Idea. Arthur O. Lovejoy,Scott Buchanan,article,Ethics,,,,https://doi.org/10.1086/208409,https://openalex.org/W2030352736,https://doi.org/10.1086/208409,A. O. Lovejoy
OpenAlex,1937,<i>The Great Chain of Being: A Study of the History of an Idea</i>. Arthur O. Lovejoy,Scott Buchanan,article,The International Journal of Ethics,,,,https://doi.org/10.1086/intejethi.47.4.2989373,https://openalex.org/W2514777464,https://doi.org/10.1086/intejethi.47.4.2989373,A. O. Lovejoy
OpenAlex,1949,"Essays in the History of Ideas. By <i>Arthur O. Lovejoy</i>. (Baltimore: Johns Hopkins Press. 1948. Pp. xvii, 359. $5.00.)",Sidney Ratner,article,The American Historical Review,,,,https://doi.org/10.1086/ahr/54.4.850,https://openalex.org/W4233714045,https://doi.org/10.1086/ahr/54.4.850,A. O. Lovejoy
OpenAlex,1938,Harvard University and Drs. Walsh and Sweezy: A Review of the Faculty Committee's Report,Arthur O. Lovejoy,review,Bulletin of the American Association of University Professors,,,,https://doi.org/10.2307/40219387,https://openalex.org/W2801268978,https://doi.org/10.2307/40219387,A. O. Lovejoy
OpenAlex,1936,"<i>A Documentary History of Primitwism and Related Ideas</i>. General Editors, <scp>Arthur O. Lovejoy, Gilbert Chinard, George Boas, Ronald S. Crane</scp>. Volume I, <i>Primitwism and Related Ideas in Antiquity</i>. By <scp>Arthur O. Lovejoy, George Boas</scp>, <scp>Ronald S. Crane</scp>. Volume I, <i>Primitwism and Related Ideas in Antiquity</i>. By <scp>Arthur O. Lovejoy, George Boas</scp>. With Supplementary Essays by <scp>W. F. Albright</scp> and <scp>P. E. Dumont</scp>. (Baltimore: Johns Hopkins Press. 1935. Pp. xv, 482. $5.00.)",R. K. Hack,article,The American Historical Review,,,,https://doi.org/10.1086/ahr/41.4.728,https://openalex.org/W4242587055,https://doi.org/10.1086/ahr/41.4.728,A. O. Lovejoy
OpenAlex,1935,"A documentary history of primitivism and related ideas General editors Arthur O. Lovejoy, Gilbert Chinard, George Boas, Ronald S. Crane","Lovejoy, Arthur O. 1873-1962",article,,,,,,https://openalex.org/W7113132094,,A. O. Lovejoy
OpenAlex,1943,"Arthur O. Lovejoy. On the criteria and limits of meaning. Philosophical essays in honor of Edgar Arthur Singer, Jr., edited by F. P. Clarke and M. C. Nahm, University of Pennsylvania Press, Philadelphia1942, pp. 3–23.",Ernest Nagel,article,Journal of Symbolic Logic,,,,https://doi.org/10.2307/2266386,https://openalex.org/W2332344777,https://doi.org/10.2307/2266386,A. O. Lovejoy
OpenAlex,1919,Committee on Academic Freedom and Academic Tenure,F. S. Deibler; John Lowes; G. J. Shaw Lefevre; Honor Miller; Edmund H. Hollands; Arthur O. Lovejoy; Geo. W. Bailey; Judson M. Bemis; John Campbell; George A. Fowler; Benjamin G. Griffith; Irving Howbert; Charles M. MacNeill; Henry McAllister; George Foster Peabody; Oliver H. Shoup; Elizabeth Shove; Philip B. Stewart; Mahlon D. Thatcher; Frank Trumbull; William M. Vance,article,Bulletin of the American Association of University Professors,,,,https://doi.org/10.2307/40216940,https://openalex.org/W2799354588,https://doi.org/10.2307/40216940,A. O. Lovejoy
OpenAlex,1937,"The Great Chain of Being. A Study of the History of an Idea. (William James Lectures, 1933.) By ProfessorA. O. Lovejoy. (Cambridge, Mass.: Harvard University Press; London: Oxford University Press, Humphrey Milford. 1936. Pp. xi + 382. Price $4; 17s.)",B. M. Laing,article,Philosophy,,,,https://doi.org/10.1017/s0031819100010081,https://openalex.org/W2139866981,https://doi.org/10.1017/s0031819100010081,A. O. Lovejoy
OpenAlex,1936,"The Noble Savage - A. O. Lovejoy and G. Boas: Primitivism and Related Ideas in Antiquity. With supplementary papers by W. F. Allright and P.-E. Dumont. Pp. xiii + 482. Baltimore: Johns Hopkins Press (London: Milford), 1935. Cloth, $5 or 22s. 6d.",A. W. Gomme,article,The Classical Review,,,,https://doi.org/10.1017/s0009840x0007623x,https://openalex.org/W1974519719,https://doi.org/10.1017/s0009840x0007623x,A. O. Lovejoy
OpenAlex,1931,The Revolt against Dualism: an Inquiry concerning the Existence of Ideas. By Arthur O. Lovejoy. (London: George Allen &amp; Unwin Ltd.1930. Pp. xii + 325. Price 15s.),L. Susan Stebbing,article,Philosophy,,,,https://doi.org/10.1017/s0031819100045277,https://openalex.org/W2122599892,https://doi.org/10.1017/s0031819100045277,A. O. Lovejoy
OpenAlex,1936,"Primitivism and Related Ideas in Antiquity. By Arthur O. Lovejoy and George Boas. With supplementary essays by W. F. Albright and P. E. Dumont. (Baltimore: Johns Hopkins Press; London: Oxford University Press, Humphrey Milford. 1935. Pp. xv + 482. Price $5; 22s.)",J. R. de la H. Marett,article,Philosophy,,,,https://doi.org/10.1017/s0031819100033878,https://openalex.org/W2108917390,https://doi.org/10.1017/s0031819100033878,A. O. Lovejoy
OpenAlex,1953,Lovejoy (Arthur O.) - Essays in the History of Ideas,Robert Derathé,article,Persée (Ministère de lEnseignement supérieur et de la Recherche); Revue française de science politique,,,,,https://openalex.org/W2336643767,https://dialnet.unirioja.es/servlet/articulo?codigo=5688194; https://www.persee.fr/doc/rfsp_0035-2950_1953_num_3_3_452727_t1_0629_0000_002,A. O. Lovejoy
OpenAlex,1911,"Lovejoy, A. O. Schopenhauer as an Evolutionist",Arthur O. Lovejoy,article,Kant-Studien; Zenodo (CERN European Organization for Nuclear Research),,,,https://doi.org/10.1515/kant-1911-0177,https://openalex.org/W2563697635,https://doi.org/10.1515/kant-1911-0177; https://zenodo.org/record/2430949,A. O. Lovejoy
OpenAlex,1911,"Lovejoy, Α. O. Kant and Evolution",Arthur O. Lovejoy,article,Kant-Studien,,,,https://doi.org/10.1515/kant-1911-0176,https://openalex.org/W2565375907,https://doi.org/10.1515/kant-1911-0176,A. O. Lovejoy
OpenAlex,1949,NORMAL RESPIRATORY AND CIRCULATORY PATHWAYS OF ADAPTATION IN EXERCISE 1,Robert A. Bruce; Frank W. Lovejoy; R. S. B. Pearson; Paul N. Yu; George B. Brothers; T. Velasquez,article,Journal of Clinical Investigation; PubMed; PubMed Central,,,,https://doi.org/10.1172/jci102207,https://openalex.org/W2038473776,https://doi.org/10.1172/jci102207; https://pubmed.ncbi.nlm.nih.gov/15407661; https://www.ncbi.nlm.nih.gov/pmc/articles/439698,A. O. Lovejoy
OpenAlex,1953,STUDIES OF PULMONARY HYPERTENSION I. PULMONARY CIRCULATORY DYNAMICS IN PATIENTS WITH PULMONARY EMPHYSEMA AT REST 1,Paul N. Yu; Frank W. Lovejoy; Howard A. Joos; Robert E. Nye; WILLIAM S. McCANN; S. John Vernarelli; Carol Gouverneur,article,Journal of Clinical Investigation; PubMed; PubMed Central,,,,https://doi.org/10.1172/jci102721,https://openalex.org/W1991414618,http://citeseerx.ist.psu.edu/viewdoc/summary?doi=10.1.1.875.5609; https://doi.org/10.1172/jci102721; https://pubmed.ncbi.nlm.nih.gov/13022771; https://www.ncbi.nlm.nih.gov/pmc/articles/436538,A. O. Lovejoy
OpenAlex,1919,Report of the Committee on Pensions and Insurance,Arthur O. Lovejoy; Harlan F. Stone,article,Bulletin of the American Association of University Professors,,,,https://doi.org/10.2307/40216900,https://openalex.org/W2799574429,https://doi.org/10.2307/40216900,A. O. Lovejoy
OpenAlex,1920,Report of the Committee of Inquiry on the Colorado School of Mines,M. F. Libby; Herbert S. Hadley; J. M. Coulter; H. O. Hofman; A. A. Potter; Arthur O. Lovejoy,article,Bulletin of the American Association of University Professors,,,,https://doi.org/10.2307/40216984,https://openalex.org/W2800364198,https://doi.org/10.2307/40216984,A. O. Lovejoy
OpenAlex,1921,Report of the Committee of Inquiry on Conditions in Washburn College,Arthur O. Lovejoy; Grace Van S. Baur; Raymond G. Gettell; Edgar James Swift; Ulysses G. Weatherly,article,Bulletin of the American Association of University Professors,,,,https://doi.org/10.2307/40217022,https://openalex.org/W2800192552,https://doi.org/10.2307/40217022,A. O. Lovejoy
OpenAlex,1916,Summary of Findings,Percy Bordwell; Edmund H. Hollands; J. E. LeRossignol; A. O. Lovejoy; D. O. McGovney,article,Bulletin of the American Association of University Professors,,,,https://doi.org/10.2307/40216756,https://openalex.org/W4205950622,https://doi.org/10.2307/40216756,A. O. Lovejoy
OpenAlex,1962,Pulmonary Function in Diaphragmatic Paralysis,Margaret McCredie; Frank W. Lovejoy; Nolan L. Kaltreider,article,PubMed Central; Thorax,,,,https://doi.org/10.1136/thx.17.3.213,https://openalex.org/W2143178553,https://doi.org/10.1136/thx.17.3.213; https://www.ncbi.nlm.nih.gov/pmc/articles/1018698,A. O. Lovejoy
OpenAlex,1962,Anomalous Quadrupole Coupling in Europium Ethylsulfate,B. R. Judd; C. A. Lovejoy; D. A. Shirley,article,Physical Review; eScholarship (California Digital Library),,,,https://doi.org/10.1103/physrev.128.1733,https://openalex.org/W2075901760,http://www.escholarship.org/uc/item/6fq856ps; http://www.escholarship.org/uc/item/80m4n8xp; https://doi.org/10.1103/physrev.128.1733; https://escholarship.org/uc/item/6fq856ps; https://escholarship.org/uc/item/80m4n8xp,A. O. Lovejoy
OpenAlex,1917,"Academic Freedom and Academic Tenure: Report of the Committee of Inquiry concerning Charges of Violation of Academic Freedom, Involving the Dismissal of the President and Three Members of the Faculty, at the University of Montana",Charles A. Kofoid; Arthur O. Lovejoy; Guido H. Marx; Frederick Morgan Padelford,article,Bulletin of the American Association of University Professors,,,,https://doi.org/10.2307/40216834,https://openalex.org/W2800150754,https://doi.org/10.2307/40216834,A. O. Lovejoy
OpenAlex,1968,A Technique for Mist-Netting in the Forest Canopy,Philip S. Humphrey; David Bridge; Thomas Ε. Lovejoy,article,Bird-Banding; Digital Commons - University of South Florida (University of South Florida); Open MIND; Zenodo (CERN European Organization for Nuclear Research),,,,https://doi.org/10.2307/4511439,https://openalex.org/W2802362091,https://digitalcommons.usf.edu/bird_banding/vol39/iss1/9; https://doi.org/10.2307/4511439; https://doi.org/10.5281/zenodo.19670217; https://doi.org/10.5281/zenodo.19670218; https://zotero.org/groups/5435545/items/BQAS2BMD,A. O. Lovejoy
OpenAlex,1949,VARIABILITY OF RESPIRATORY AND CIRCULATORY PERFORMANCE DURING STANDARDIZED EXERCISE 1,Robert A. Bruce; R. S. B. Pearson; Frank W. Lovejoy; Paul N. Yu; George B. Brothers,article,Journal of Clinical Investigation; PubMed; PubMed Central,,,,https://doi.org/10.1172/jci102208,https://openalex.org/W2091116434,https://doi.org/10.1172/jci102208; https://pubmed.ncbi.nlm.nih.gov/15395945; https://www.ncbi.nlm.nih.gov/pmc/articles/439699,A. O. Lovejoy
OpenAlex,1958,STUDIES OF PULMONARY HYPERTENSION. IX. THE EFFECTS OF INTRAVENOUS HEXAMETHONIUM ON PULMONARY CIRCULATION IN PATIENTS WITH MITRAL STENOSIS1,Paul N. Yu; Robert E. Nye; Frank W. Lovejoy; Bernard F. Schreiner; Bernard J. B. Yim,article,Journal of Clinical Investigation; PubMed; PubMed Central,,,,https://doi.org/10.1172/jci103598,https://openalex.org/W2101048007,https://doi.org/10.1172/jci103598; https://pubmed.ncbi.nlm.nih.gov/13513750; https://www.ncbi.nlm.nih.gov/pmc/articles/293076,A. O. Lovejoy
OpenAlex,1950,OBSERVATIONS ON THE CHANGE OF VENTRICULAR SYSTOLE (QT INTERVAL) DURING EXERCISE 1,Paul N. Yu; Robert A. Bruce; Frank W. Lovejoy; R. S. B. Pearson,article,Journal of Clinical Investigation; PubMed; PubMed Central,,,,https://doi.org/10.1172/jci102255,https://openalex.org/W2022370133,https://doi.org/10.1172/jci102255; https://pubmed.ncbi.nlm.nih.gov/16695798; https://www.ncbi.nlm.nih.gov/pmc/articles/439750,A. O. Lovejoy
OpenAlex,1936,"Деревянные дома, дом № 12, 428-440 Lovejoy Street, Atlanta, Fulton County, GA",Burge Stevens; Charles F. Palmer; Harry L. Baldwin; Jennifer Almand,book-chapter,Library of Congress eBooks,,,,,https://openalex.org/W3210223439,https://picryl.com/ru/media/techwood-homes-building-no-12-428-440-lovejoy-street-atlanta-fulton-county-1,A. O. Lovejoy
OpenAlex,1969,The Migration of the White Stork in Egypt and Adjacent Areas,Charles A. Reed; Thomas E. Lovejoy,article,Digital Commons - University of South Florida (University of South Florida); Ornithological Applications,,,,https://doi.org/10.2307/1366076,https://openalex.org/W2325073807,https://digitalcommons.usf.edu/condor/vol71/iss2/8; https://doi.org/10.2307/1366076,A. O. Lovejoy
OpenAlex,1920,Michigan's millions of idle acres,P. S. Lovejoy; Fred E. Janette,book,Biodiversity Heritage Library (Smithsonian Institution); The Journal of the Abraham Lincoln Association,,,,https://doi.org/10.5962/bhl.title.26795,https://openalex.org/W2501489655,http://hdl.handle.net/2027/uc2.ark:/13960/t2x34p486; https://doi.org/10.5962/bhl.title.26795; https://www.biodiversitylibrary.org/bibliography/26795; https://www.biodiversitylibrary.org/item/69094,A. O. Lovejoy
OpenAlex,1938,Editorials and Educational News,P; John Hotel; A Auditorium; John Hotel; Presiding-W; Eikenberry; R Carnap; P Frank; J Joergensen; C Morris; H Neurath; L Reichenbach; L Rougier; ; Stebbing; P Bell; R Eridgman; A Carnap; M Church; J Cohen; H Dewey; L Feigl; C Henderson; E Herrick; H Huntington; W Jennings; S Kghler; C Langer; K Langford; V Lashley; C Lenzen; R Lewis; A Lillie; R Lovejoy; W Maciver; W Malisoff; C Montague; E Morris; F Nagel; W Northrop; H Quine; I< Reichenbach; G Sapir; H Sarton; E Schultz; W Tolnian; L Weaver; Wirth; P Professor; Dr Bridginan Is The Chairman; Quine; Secretary,article,Science Education,,,,https://doi.org/10.1002/sce.3730220611,https://openalex.org/W4236994872,https://doi.org/10.1002/sce.3730220611,A. O. Lovejoy
Crossref,1911,"Lovejoy, A. O. Schopenhauer as an Evolutionist",A.O. Lovejoy,journal-article,Kant-Studien,16,1-3,,10.1515/kant-1911-0177,https://doi.org/10.1515/kant-1911-0177,,A. O. Lovejoy
Crossref,1911,"Lovejoy, Α. O. Kant and Evolution",A.O. Lovejoy,journal-article,Kant-Studien,16,1-3,,10.1515/kant-1911-0176,https://doi.org/10.1515/kant-1911-0176,,A. O. Lovejoy
Crossref,1919,"Hogs, by A.J. Lovejoy, with supplementary chapters on feeding by John M. Evvard ...",A. J. Lovejoy; John M. Evvard,monograph,,,,,10.5962/bhl.title.20972,https://doi.org/10.5962/bhl.title.20972,,A. O. Lovejoy
Crossref,1920,Michigan's millions of idle acres,P. S. Lovejoy; Fred E. Janette,monograph,,,,,10.5962/bhl.title.26795,https://doi.org/10.5962/bhl.title.26795,,A. O. Lovejoy
Crossref,1909,The child in industry,Owen R. Lovejoy,dataset,PsycEXTRA Dataset,,,,10.1037/e533612009-121,https://doi.org/10.1037/e533612009-121,,A. O. Lovejoy
Crossref,1912,Sal vet swine book,F. D. Coburn; Robert. Evans; A. J. Lovejoy; E.C. Stone,monograph,,,,,10.5962/bhl.title.43687,https://doi.org/10.5962/bhl.title.43687,,A. O. Lovejoy
Crossref,1965,Lovejoy: Martyr to Freedom (review),,journal-article,Civil War History,11,3,290-291,10.1353/cwh.1965.0093,https://doi.org/10.1353/cwh.1965.0093,,A. O. Lovejoy
Crossref,1951,404. To Messrs. Lovejoy. 27 February.,Anthony Trollope,book-chapter,The Letters of Anthony Trollope,,,,10.1093/oseo/instance.00193543,https://doi.org/10.1093/oseo/instance.00193543,,A. O. Lovejoy
Crossref,1914,Reply to Professor Lovejoy,James H. Leuba,journal-article,Ethics,24,4,452,10.1086/206853,https://doi.org/10.1086/206853,,A. O. Lovejoy
Crossref,1940,Coleridge and Kant's Two Worlds,Arthur O. Lovejoy,journal-article,ELH,7,4,341,10.2307/2871524,https://doi.org/10.2307/2871524,,A. O. Lovejoy
Crossref,1968,Owen Lovejoy: Abolitionist in Congress (review),,journal-article,Civil War History,14,2,188-189,10.1353/cwh.1968.0014,https://doi.org/10.1353/cwh.1968.0014,,A. O. Lovejoy
Crossref,1911,The Import of Vitalism,A. O. Lovejoy,journal-article,Science,34,864,75-80,10.1126/science.34.864.75.b,https://doi.org/10.1126/science.34.864.75.b,,A. O. Lovejoy
Crossref,1907,Professor Ormond's philosophy.,Arthur O. Lovejoy,journal-article,Psychological Bulletin,4,11,339-349,10.1037/h0075121,https://doi.org/10.1037/h0075121,,A. O. Lovejoy
Crossref,1933,America’s Wandering Boys,Owen R. Lovejoy,journal-article,Current History,37,5,565-570,10.1525/curh.1933.37.5.565,https://doi.org/10.1525/curh.1933.37.5.565,,A. O. Lovejoy
Crossref,1909,Das Kausalitatsproblem der Biologie,A. O. Lovejoy,journal-article,Science,30,778,761-766,10.1126/science.30.778.761-a,https://doi.org/10.1126/science.30.778.761-a,,A. O. Lovejoy
Crossref,1965,"Methods of Estimating Reserves of Crude Oil, Natural Gas, and Natural Gas Liquids",Wallce Lovejoy,edited-book,,,,,10.56021/9780801803987,https://doi.org/10.56021/9780801803987,,A. O. Lovejoy
Crossref,1962,"Aerosols, Bronchodilators and Mucolytic Agents",Frank W. Lovejoy; Paul E. Morrow,journal-article,Anesthesiology,23,4,460-472,10.1097/00000542-196207000-00006,https://doi.org/10.1097/00000542-196207000-00006,,A. O. Lovejoy
Crossref,1951,523. To Mr. Lovejoy. 23 July. Athenaeum Club.,Anthony Trollope,book-chapter,The Letters of Anthony Trollope,,,,10.1093/oseo/instance.00193666,https://doi.org/10.1093/oseo/instance.00193666,,A. O. Lovejoy
Crossref,1924,Committees,Arthur O. Lovejoy,journal-article,Bulletin of the American Association of University Professors,10,6,11,10.2307/40217333,https://doi.org/10.2307/40217333,,A. O. Lovejoy
Crossref,1911,William James as Philosopher,Arthur O. Lovejoy,journal-article,Ethics,21,2,125,10.1086/206575,https://doi.org/10.1086/206575,,A. O. Lovejoy
Crossref,1923,Rousseau's Pessimist,Arthur O. Lovejoy,journal-article,Modern Language Notes,38,8,449,10.2307/2915231,https://doi.org/10.2307/2915231,,A. O. Lovejoy
Crossref,1963,The Great Chain of Being,Arthur O. Lovejoy,edited-book,,,,,10.4159/9780674040335,https://doi.org/10.4159/9780674040335,,A. O. Lovejoy
Crossref,1906,On Kant’s Reply to Hume.,Arthur Lovejoy,journal-article,Archiv für Geschichte der Philosophie,19,3,,10.1515/agph.1906.19.3.380,https://doi.org/10.1515/agph.1906.19.3.380,,A. O. Lovejoy
Crossref,1961,Gas Rate Fundamentals,Wallace F. Lovejoy,journal-article,Southern Economic Journal,27,3,254,10.2307/1055102,https://doi.org/10.2307/1055102,,A. O. Lovejoy
Crossref,1905,Hobbes.,A. O. Lovejoy; Leslie Stephen,journal-article,The Philosophical Review,14,1,97,10.2307/2176433,https://doi.org/10.2307/2176433,,A. O. Lovejoy
Crossref,1911,The Import of Vitalism,A. O. Lovejoy,journal-article,Science,34,864,75-80,10.1126/science.34.864.75-b,https://doi.org/10.1126/science.34.864.75-b,,A. O. Lovejoy
Crossref,1962,Nuclear orientation of Tb156,C.A. Lovejoy; D.A. Shirley,journal-article,Nuclear Physics,30,,452-461,10.1016/0029-5582(62)90069-x,https://doi.org/10.1016/0029-5582(62)90069-x,,A. O. Lovejoy
Crossref,1913,The Practical Tendencies of Bergsonism. II,Arthur O. Lovejoy,journal-article,Ethics,23,4,419,10.1086/206767,https://doi.org/10.1086/206767,,A. O. Lovejoy
Crossref,1930,Ethics.,Arthur O. Lovejoy; Frank Chapman Sharp,journal-article,The Philosophical Review,39,6,613,10.2307/2179689,https://doi.org/10.2307/2179689,,A. O. Lovejoy
Crossref,1964,The Modern Family.,Albert Lovejoy; Robert F. Winch,journal-article,Social Forces,43,1,114,10.2307/2575980,https://doi.org/10.2307/2575980,,A. O. Lovejoy
Crossref,1920,Lafayette College,Arthur O. Lovejoy,journal-article,Bulletin of the American Association of University Professors,6,6,10,10.2307/40216992,https://doi.org/10.2307/40216992,,A. O. Lovejoy
Crossref,1933,Monboddo and Rousseau,Arthur O. Lovejoy,journal-article,Modern Philology,30,3,275-296,10.1086/388043,https://doi.org/10.1086/388043,,A. O. Lovejoy
Crossref,1911,The Meaning of Vitalism,Arthur O. Lovejoy,journal-article,Science,33,851,610-614,10.1126/science.33.851.610,https://doi.org/10.1126/science.33.851.610,,A. O. Lovejoy
Crossref,1945,Alva Bush Lovejoy,,journal-article,The Annals of Iowa,26,3,241-242,10.17077/0003-4827.6382,https://doi.org/10.17077/0003-4827.6382,,A. O. Lovejoy
Crossref,1921,Profit-Sharing and Industrial Peace,Arthur O. Lovejoy,journal-article,Ethics,31,3,241,10.1086/207291,https://doi.org/10.1086/207291,,A. O. Lovejoy
Crossref,1914,The Association of University Professors,Arthur O. Lovejoy,journal-article,Science,40,1038,744-745,10.1126/science.40.1038.744,https://doi.org/10.1126/science.40.1038.744,,A. O. Lovejoy
Crossref,1922,Reply to Professor Babbitt,Arthur O. Lovejoy,journal-article,Modern Language Notes,37,5,268,10.2307/2915200,https://doi.org/10.2307/2915200,,A. O. Lovejoy
Crossref,1913,The Practical Tendencies of Bergsonism. I,Arthur O. Lovejoy,journal-article,Ethics,23,3,253,10.1086/206744,https://doi.org/10.1086/206744,,A. O. Lovejoy
Crossref,1912,The duty of superintendents in the enforcement of child-labor laws,Owen R. Lovejoy,dataset,PsycEXTRA Dataset,,,,10.1037/e533642009-053,https://doi.org/10.1037/e533642009-053,,A. O. Lovejoy
Crossref,1924,Pastness and Transcendence,Arthur O. Lovejoy,journal-article,The Journal of Philosophy,21,22,601,10.2307/2014483,https://doi.org/10.2307/2014483,,A. O. Lovejoy
Crossref,1920,Rousseau and Romanticism.,Arthur O. Lovejoy; Irving Babbitt,journal-article,Modern Language Notes,35,5,302,10.2307/2914839,https://doi.org/10.2307/2914839,,A. O. Lovejoy
Crossref,1927,"The Meanings of ""Emergence"" and its Modes",Arthur O. Lovejoy,book-chapter,Proceedings of the Sixth International Congress of Philosophy,,,20-33,10.5840/wcp6192720,https://doi.org/10.5840/wcp6192720,,A. O. Lovejoy
Crossref,1917,Progress in Philosophical Inquiry,Arthur O. Lovejoy,journal-article,The Philosophical Review,26,5,537,10.2307/2178048,https://doi.org/10.2307/2178048,,A. O. Lovejoy
Crossref,1927,""" Nature "" as Aesthetic Norm",Arthur O. Lovejoy,journal-article,Modern Language Notes,42,7,444,10.2307/2913933,https://doi.org/10.2307/2913933,,A. O. Lovejoy
Crossref,1917,Forest Biology,P. S. Lovejoy,journal-article,Journal of Forestry,15,2,203-214,10.1093/jof/15.2.203,https://doi.org/10.1093/jof/15.2.203,,A. O. Lovejoy
Crossref,1921,'Pride' in Eighteenth-Century Thought,Arthur O. Lovejoy,journal-article,Modern Language Notes,36,1,31,10.2307/2914820,https://doi.org/10.2307/2914820,,A. O. Lovejoy
Crossref,1909,The Obsolescence of the Eternal,Arthur O. Lovejoy,journal-article,The Philosophical Review,18,5,479,10.2307/2177450,https://doi.org/10.2307/2177450,,A. O. Lovejoy
Crossref,1928,Accounting Procedure for School Systems (Book).,Philip Lovejoy,journal-article,The Accounting Review,3,2,219-220,10.2308/tar-8591785,https://doi.org/10.2308/tar-8591785,,A. O. Lovejoy
Crossref,1923,IV.—‘REPRESENTATIVE IDEAS’ IN MALEBRANCHE AND ARNAULD,A. O. LOVEJOY,journal-article,Mind,XXXII,128,449-461,10.1093/mind/xxxii.128.449,https://doi.org/10.1093/mind/xxxii.128.449,,A. O. Lovejoy
Crossref,1937,Milton and the Paradox of the Fortunate Fall,Arthur O. Lovejoy,journal-article,ELH,4,3,161,10.2307/2871531,https://doi.org/10.2307/2871531,,A. O. Lovejoy
Crossref,1913,The Metamorphosis of the Carnegie Foundation,Arthur O. Lovejoy,journal-article,Science,37,954,546-552,10.1126/science.37.954.546,https://doi.org/10.1126/science.37.954.546,,A. O. Lovejoy
Crossref,1946,Ellsworth Lovejoy Redfern,,journal-article,The Annals of Iowa,27,3,254-255,10.17077/0003-4827.6461,https://doi.org/10.17077/0003-4827.6461,,A. O. Lovejoy
Crossref,1961,"Owen R. Lovejoy, 1866-1961",,journal-article,Social Service Review,35,4,439-439,10.1086/641149,https://doi.org/10.1086/641149,,A. O. Lovejoy
Crossref,1942,John Lovejoy Elliott: 1868-1942,,journal-article,Social Service Review,16,2,341-341,10.1086/634006,https://doi.org/10.1086/634006,,A. O. Lovejoy
Crossref,1965,SURPRISED BY LOVEJOY,MARK ROBERTS,journal-article,Essays in Criticism,XV,1,118-130,10.1093/eic/xv.1.118,https://doi.org/10.1093/eic/xv.1.118,,A. O. Lovejoy
Crossref,1933,Morris's Six Theories of Mind,Arthur O. Lovejoy,journal-article,The Philosophical Review,42,6,617,10.2307/2180010,https://doi.org/10.2307/2180010,,A. O. Lovejoy
Crossref,1933,CERTAIN SAMARITANS,ESTHER POHL LOVEJOY,journal-article,"AJN, American Journal of Nursing",33,10,1016,10.1097/00000446-193310000-00050,https://doi.org/10.1097/00000446-193310000-00050,,A. O. Lovejoy
Crossref,1966,Analysis of the overlearning reversal effect.,Elijah Lovejoy,journal-article,Psychological Review,73,1,87-103,10.1037/h0022687,https://doi.org/10.1037/h0022687,,A. O. Lovejoy
Crossref,1889,Is Man Left-Legged?,Fred'k A. Lovejoy; Francis H. Allen,journal-article,Science,ns-14,358,412-412,10.1126/science.ns-14.358.412-b,https://doi.org/10.1126/science.ns-14.358.412-b,,A. O. Lovejoy
Crossref,1932,The Parallel of Deism and Classicism,Arthur O. Lovejoy,journal-article,Modern Philology,29,3,281-299,10.1086/387970,https://doi.org/10.1086/387970,,A. O. Lovejoy
Crossref,1906,IV.—KANT'S ANTITHESIS OF DOGMATISM AND CRITICISM,ARTHUR O. LOVEJOY,journal-article,Mind,XV,58,191-214,10.1093/mind/xv.58.191,https://doi.org/10.1093/mind/xv.58.191,,A. O. Lovejoy
Crossref,1931,Book Review:The Revolt Against Dualism. Arthur O. Lovejoy,Arthur E. Murphy,journal-article,Ethics,41,2,265,10.1086/207879,https://doi.org/10.1086/207879,,A. O. Lovejoy
Crossref,1962,"Temperature scales above 1,000°C",D. R. Lovejoy,journal-article,Pure and Applied Chemistry,5,3-4,565-578,10.1351/pac196205030565,https://doi.org/10.1351/pac196205030565,,A. O. Lovejoy
Crossref,1950,Terminal and Adjectival Values,Arthur O. Lovejoy,journal-article,The Journal of Philosophy,47,21,593,10.2307/2021804,https://doi.org/10.2307/2021804,,A. O. Lovejoy
Crossref,1951,326. To Mr. Lovejoy. 27 February. Waltham Cross.,Anthony Trollope,book-chapter,The Letters of Anthony Trollope,,,196-196,10.1093/oseo/instance.00193463,https://doi.org/10.1093/oseo/instance.00193463,,A. O. Lovejoy
Crossref,1925,Reconstruction of Filters at Louisville,W. H. Lovejoy,journal-article,Journal AWWA,14,4,352-356,10.1002/j.1551-8833.1925.tb13336.x,https://doi.org/10.1002/j.1551-8833.1925.tb13336.x,,A. O. Lovejoy
Crossref,1911,Schopenhauer as an Evolutionist,Arthur O. Lovejoy,journal-article,Monist,21,2,195-222,10.5840/monist191121240,https://doi.org/10.5840/monist191121240,,A. O. Lovejoy
Crossref,1955,American Painting in Early Nineteenth-Century Gift Books,David S. Lovejoy,journal-article,American Quarterly,7,4,345,10.2307/2710429,https://doi.org/10.2307/2710429,,A. O. Lovejoy
Crossref,1938,<i>The Great Chain of Being</i>. Arthur O. Lovejoy,,journal-article,Isis,28,2,537-540,10.1086/347375,https://doi.org/10.1086/347375,,A. O. Lovejoy
Crossref,1922,Child Labor in the United States,Owen R. Lovejoy,journal-article,Current History,16,4,617-620,10.1525/curh.1922.16.4.617,https://doi.org/10.1525/curh.1922.16.4.617,,A. O. Lovejoy
Crossref,1922,The Paradox of the Thinking Behaviorist,Arthur O. Lovejoy,journal-article,The Philosophical Review,31,2,135,10.2307/2178913,https://doi.org/10.2307/2178913,,A. O. Lovejoy
Crossref,1922,Pragmatism and the New Materialism,Arthur O. Lovejoy,journal-article,The Journal of Philosophy,19,1,5,10.2307/2939682,https://doi.org/10.2307/2939682,,A. O. Lovejoy
Crossref,1925,James Harrington's Oceana.,Arthur O. Lovejoy; S. B. Liljegren,journal-article,Modern Language Notes,40,4,245,10.2307/2914292,https://doi.org/10.2307/2914292,,A. O. Lovejoy
Crossref,1927,The Meanings of ‘emergence’ and Its Modes,Arthur O. Lovejoy,journal-article,Philosophy,2,6,167-181,10.1017/s0031819100015199,https://doi.org/10.1017/s0031819100015199,,A. O. Lovejoy
Crossref,1947,A Rejoinder to Professor Lovejoy,Henry Veatch,journal-article,Philosophy and Phenomenological Research,7,4,622,10.2307/2102987,https://doi.org/10.2307/2102987,,A. O. Lovejoy
Crossref,1948,Comment on Mr. Pegis's Rejoinder,Arthur O. Lovejoy,journal-article,Philosophy and Phenomenological Research,9,2,284,10.2307/2103394,https://doi.org/10.2307/2103394,,A. O. Lovejoy
Crossref,1937,Correction: [Milton and the Paradox of the Fortunate Fall],Arthur O. Lovejoy,journal-article,ELH,4,4,330,10.2307/2871637,https://doi.org/10.2307/2871637,,A. O. Lovejoy
Crossref,1945,ROY ARNOLD LOVEJOY,,journal-article,Medical Journal of Australia,1,6,164-164,10.5694/j.1326-5377.1945.tb54540.x,https://doi.org/10.5694/j.1326-5377.1945.tb54540.x,,A. O. Lovejoy
Crossref,1913,Error and the New Realism,A. O. Lovejoy,journal-article,The Philosophical Review,22,4,410,10.2307/2178389,https://doi.org/10.2307/2178389,,A. O. Lovejoy
Crossref,1911,Easter Carol,George Newell Lovejoy,journal-article,Journal of Education,73,15,399-399,10.1177/002205741107301503,https://doi.org/10.1177/002205741107301503,,A. O. Lovejoy
Crossref,1938,Professional Association or Trade Union?,Arthur O. Lovejoy,journal-article,Bulletin of the American Association of University Professors,24,5,409,10.2307/40219424,https://doi.org/10.2307/40219424,,A. O. Lovejoy
Crossref,1907,Breaker Boys in Pennsylvania,Owen R. Lovejoy,journal-article,Journal of Education,66,15,410-411,10.1177/002205740706601521,https://doi.org/10.1177/002205740706601521,,A. O. Lovejoy
Crossref,1932,"The Travels of Peter, Paul, and Zebedee",Arthur O. Lovejoy,journal-article,The Philosophical Review,41,5,498,10.2307/2180063,https://doi.org/10.2307/2180063,,A. O. Lovejoy
Crossref,1923,Child Labor and Education,Owen R. Lovejoy,journal-article,Journal of Education,97,24,656-659,10.1177/002205742309702404,https://doi.org/10.1177/002205742309702404,,A. O. Lovejoy
Crossref,1968,Anhydrous iron(III) nitrate,D. J. Lovejoy; A. J. Vosper,journal-article,Chemical Communications (London),,20,1208a,10.1039/c1968001208a,https://doi.org/10.1039/c1968001208a,,A. O. Lovejoy
Crossref,1920,Schiller and the Genesis of Romanticism,Arthur O. Lovejoy,journal-article,Modern Language Notes,35,1,1,10.2307/2915339,https://doi.org/10.2307/2915339,,A. O. Lovejoy
Crossref,1919,An Uncommon Ice Formation,Frederick A. Lovejoy; Francis H. Allen,journal-article,Science,49,1257,119-120,10.1126/science.49.1257.119-b,https://doi.org/10.1126/science.49.1257.119-b,,A. O. Lovejoy
Crossref,1919,An Uncommon Ice Formation,Frederick A. Lovejoy; Francis H. Allen,journal-article,Science,49,1257,119-120,10.1126/science.49.1257.119.b,https://doi.org/10.1126/science.49.1257.119.b,,A. O. Lovejoy
Crossref,1889,Is Man Left-Legged?,Fred'k A. Lovejoy; Francis H. Allen,journal-article,Science,ns-14,358,412-412,10.1126/science.ns-14.358.412.b,https://doi.org/10.1126/science.ns-14.358.412.b,,A. O. Lovejoy
Crossref,1961,Sensitive Diaphragm Type Pressure Transducer,D. R. Lovejoy,journal-article,Review of Scientific Instruments,32,1,41-43,10.1063/1.1717141,https://doi.org/10.1063/1.1717141,,A. O. Lovejoy
Crossref,1910,The Retrospective Anticipations of the Carnegie Foundation,Arthur O. Lovejoy,journal-article,Science,31,794,414-415,10.1126/science.31.794.414,https://doi.org/10.1126/science.31.794.414,,A. O. Lovejoy
Crossref,1967,Premarital Sex in a Changing Society.,Albert E. Lovejoy; Robert R. Bell,journal-article,Social Forces,46,1,143,10.2307/2575372,https://doi.org/10.2307/2575372,,A. O. Lovejoy
Crossref,1931,The Paradox of the Time-Retarding Journey,Arthur O. Lovejoy,journal-article,The Philosophical Review,40,2,152,10.2307/2180201,https://doi.org/10.2307/2180201,,A. O. Lovejoy
Crossref,1932,Dualisms Good and Bad (II),Arthur O. Lovejoy,journal-article,The Journal of Philosophy,29,14,375,10.2307/2016371,https://doi.org/10.2307/2016371,,A. O. Lovejoy
Crossref,1914,Forty years' experience of a practical hog man; a practical book for the pure bred swine breeder and farmer,Andrew James Lovejoy,monograph,,,,,10.5962/bhl.title.42519,https://doi.org/10.5962/bhl.title.42519,,A. O. Lovejoy
Crossref,1907,Kant's Classification of the Forms of Judgment,Arthur O. Lovejoy,journal-article,The Philosophical Review,16,6,588,10.2307/2177294,https://doi.org/10.2307/2177294,,A. O. Lovejoy
Crossref,1915,Organization of the American Association of University Professors,A. O. Lovejoy,journal-article,Science,41,1048,151-154,10.1126/science.41.1048.151,https://doi.org/10.1126/science.41.1048.151,,A. O. Lovejoy
Crossref,1963,Some Boiling and Triple Points Below 0° C,D. R. LOVEJOY,journal-article,Nature,197,4865,353-354,10.1038/197353a0,https://doi.org/10.1038/197353a0,,A. O. Lovejoy
Crossref,1925,MYCETOMA,EDWARD D. LOVEJOY,journal-article,Archives of Dermatology and Syphilology,11,1,71,10.1001/archderm.1925.02370010084004,https://doi.org/10.1001/archderm.1925.02370010084004,,A. O. Lovejoy
Crossref,1963,Reflections on Human Nature.,I. G. Wallace; Arthur O. Lovejoy,journal-article,The Philosophical Quarterly,13,53,369,10.2307/2955534,https://doi.org/10.2307/2955534,,A. O. Lovejoy
Crossref,1914,Forty years' experience of a practical hog man; a practical book for the pure bred swine breeder and farmer,Andrew James Lovejoy,monograph,,,,,10.5962/bhl.title.42519,https://doi.org/10.5962/bhl.title.42519,,A. O. Lovejoy
Crossref,1952,Report on Quality Factors in Processed Vege-Table Products,Rodney D Lovejoy,journal-article,Journal of AOAC INTERNATIONAL,35,2,179-181,10.1093/jaoac/35.2.179a,https://doi.org/10.1093/jaoac/35.2.179a,,A. O. Lovejoy
Crossref,1931,<i>The Revolt against Dualism</i>. Arthur O. Lovejoy,H. T. Davis,journal-article,Isis,15,1,190-193,10.1086/346554,https://doi.org/10.1086/346554,,A. O. Lovejoy
Crossref,1931,The Time-Retarding Journey: A Reply,Arthur O. Lovejoy,journal-article,The Philosophical Review,40,6,549,10.2307/2180043,https://doi.org/10.2307/2180043,,A. O. Lovejoy
Crossref,1923,Amend the Constitution,Owes R. Lovejoy,journal-article,Journal of Education,97,9,237-237,10.1177/002205742309700906,https://doi.org/10.1177/002205742309700906,,A. O. Lovejoy
Crossref,1928,<i>Certain Samaritans</i>. Esther Pohl Lovejoy,,journal-article,Social Service Review,2,3,528-528,10.1086/630431,https://doi.org/10.1086/630431,,A. O. Lovejoy
Crossref,1942,On The Criteria and Limits of Meaning,Arthur O. Lovejoy,book-chapter,Philosophical Essays,,,3-23,10.9783/9781512815245-002,https://doi.org/10.9783/9781512815245-002,,A. O. Lovejoy
Crossref,1932,Dualisms Good and Bad (I),Arthur O. Lovejoy,journal-article,The Journal of Philosophy,29,13,337,10.2307/2016777,https://doi.org/10.2307/2016777,,A. O. Lovejoy
Crossref,1942,Evidence: Admissibility of Hospital Records as Business Entries,Robert C. Lovejoy,journal-article,Michigan Law Review,40,7,1105,10.2307/1282871,https://doi.org/10.2307/1282871,,A. O. Lovejoy
Crossref,1909,Professor Lovejoy on “Der vorchristliche Jesus”,W. B. Smith,journal-article,Monist,19,3,409-420,10.5840/monist190919311,https://doi.org/10.5840/monist190919311,,A. O. Lovejoy
Crossref,1914,Bergson and Romantic Evolutionism.,Nann Clark Barr; A. O. Lovejoy,journal-article,The Philosophical Review,23,5,576,10.2307/2178597,https://doi.org/10.2307/2178597,,A. O. Lovejoy
Crossref,1942,Youth Work Programs: Problems and Policies.,Gordon W. Lovejoy; Lewis L. Lorwin,journal-article,Social Forces,20,3,416,10.2307/3005654,https://doi.org/10.2307/3005654,,A. O. Lovejoy
Crossref,1932,Communications: Genesis of the Association,Arthur O. Lovejoy,journal-article,Bulletin of the American Association of University Professors,18,4,305,10.2307/40218899,https://doi.org/10.2307/40218899,,A. O. Lovejoy
Crossref,1962,Pulmonary Function in Diaphragmatic Paralysis,M. McCredie; F. W. Lovejoy; N. L. Kaltreider,journal-article,Thorax,17,3,213-217,10.1136/thx.17.3.213,https://doi.org/10.1136/thx.17.3.213,,A. O. Lovejoy
Crossref,1914,The Concept of Consciousness.,Arthur O. Lovejoy; Edwin B. Holt,journal-article,The Philosophical Review,23,6,664,10.2307/2178138,https://doi.org/10.2307/2178138,,A. O. Lovejoy
Crossref,1949,Essays in the History of Ideas.,Arnold Isenberg; Arthur O. Lovejoy,journal-article,The Philosophical Review,58,4,372,10.2307/2182084,https://doi.org/10.2307/2182084,,A. O. Lovejoy
Crossref,1919,Annual Message of the President,Arthur O. Lovejoy,journal-article,Bulletin of the American Association of University Professors,5,7/8,10,10.2307/40216934,https://doi.org/10.2307/40216934,,A. O. Lovejoy
Crossref,1924,Effect of Back Pressure on Wells in Brock Field,J.M. Lovejoy,journal-article,Transactions of the AIME,70,01,1153-1158,10.2118/924153-g,https://doi.org/10.2118/924153-g,,A. O. Lovejoy
Crossref,1920,"Schiller and the Genesis of Romanticism, Part II",Arthur O. Lovejoy,journal-article,Modern Language Notes,35,3,136,10.2307/2915501,https://doi.org/10.2307/2915501,,A. O. Lovejoy
Crossref,1912,The Meaning of Driesch and the Meaning of Vitalism,Arthur O. Lovejoy,journal-article,Science,36,933,672-675,10.1126/science.36.933.672,https://doi.org/10.1126/science.36.933.672,,A. O. Lovejoy
Crossref,1931,The Paradox of the Time-Retarding Journey (I.),Arthur O. Lovejoy,journal-article,The Philosophical Review,40,1,48,10.2307/2180278,https://doi.org/10.2307/2180278,,A. O. Lovejoy
Crossref,1910,Review of The Idea of the Soul.,Arthur O. Lovejoy,journal-article,Psychological Bulletin,7,10,354-358,10.1037/h0066407,https://doi.org/10.1037/h0066407,,A. O. Lovejoy
Crossref,1939,Present Standpoints and Past History,Arthur O. Lovejoy,journal-article,The Journal of Philosophy,36,18,477,10.2307/2017901,https://doi.org/10.2307/2017901,,A. O. Lovejoy
Crossref,1926,The Worst-First Theory,P. S. Lovejoy,journal-article,Journal of Forestry,24,4,351-357,10.1093/jof/24.4.351,https://doi.org/10.1093/jof/24.4.351,,A. O. Lovejoy
Crossref,1933,Dualism and the Paradox of Reference,Arthur O. Lovejoy,journal-article,The Journal of Philosophy,30,22,589,10.2307/2016901,https://doi.org/10.2307/2016901,,A. O. Lovejoy
Crossref,1963,Reflections on Human Nature,R. L. Brett; Arthur O. Lovejoy,journal-article,The Modern Language Review,58,2,243,10.2307/3721266,https://doi.org/10.2307/3721266,,A. O. Lovejoy
Crossref,1947,Analogy and Contradiction: A Surrejoinder,Arthur O. Lovejoy,journal-article,Philosophy and Phenomenological Research,7,4,626,10.2307/2102988,https://doi.org/10.2307/2102988,,A. O. Lovejoy
Crossref,1917,On Some Conditions of Progress in Philosophical Inquiry,Arthur O. Lovejoy,journal-article,The Philosophical Review,26,2,123,10.2307/2178425,https://doi.org/10.2307/2178425,,A. O. Lovejoy
Crossref,1954,"Lovewell's Fight and Hawthorne's ""Roger Malvin's Burial""",David S. Lovejoy,journal-article,The New England Quarterly,27,4,527,10.2307/362120,https://doi.org/10.2307/362120,,A. O. Lovejoy
Crossref,1936,Primitivism and Related Ideas in Antiquity,George Depue Hadzsits; Arthur O. Lovejoy; George Boas,journal-article,The Classical Weekly,30,7,73,10.2307/4339823,https://doi.org/10.2307/4339823,,A. O. Lovejoy
Crossref,1941,Equity: Specific Performance of Contract to Lend Money,Robert C. Lovejoy,journal-article,Michigan Law Review,40,2,303,10.2307/1282729,https://doi.org/10.2307/1282729,,A. O. Lovejoy
Crossref,1968,Owen Lovejoy: Abolitionist in Congress,Larry Gara; Edward Magdol,journal-article,The American Historical Review,73,3,921,10.2307/1870843,https://doi.org/10.2307/1870843,,A. O. Lovejoy
Crossref,1937,Freedom of Speech,A. J. Carlson; A. O. Lovejoy,journal-article,Bulletin of the American Association of University Professors,23,1,26,10.2307/40219811,https://doi.org/10.2307/40219811,,A. O. Lovejoy
Crossref,1930,The Dialectical Argument against Absolute Simultaneity. II,Arthur O. Lovejoy,journal-article,The Journal of Philosophy,27,24,645,10.2307/2016326,https://doi.org/10.2307/2016326,,A. O. Lovejoy
Crossref,1950,Essays in the History of Ideas.,A. O. Aldridge; Arthur O. Lovejoy,journal-article,Modern Language Notes,65,8,545,10.2307/2909304,https://doi.org/10.2307/2909304,,A. O. Lovejoy
Crossref,1914,Reply to Professor Lovejoy,James H. Leuba,journal-article,The International Journal of Ethics,24,4,452-452,10.1086/intejethi.24.4.2376779,https://doi.org/10.1086/intejethi.24.4.2376779,,A. O. Lovejoy
Crossref,1968,"Labor Productivity in Italian Agriculture, 1951–1973",Robert M. Lovejoy,journal-article,ILR Review,21,4,570-580,10.1177/001979396802100406,https://doi.org/10.1177/001979396802100406,,A. O. Lovejoy
Crossref,1949,<i>Essays in the History of Ideas</i>. Arthur O. Lovejoy,Harry Levin,journal-article,Isis,40,1,85-87,10.1086/349023,https://doi.org/10.1086/349023,,A. O. Lovejoy
Crossref,1906,The Fundamental Concept of Primitive Philosophy,Arthur O. Lovejoy,journal-article,Monist,16,3,357-382,10.5840/monist190616324,https://doi.org/10.5840/monist190616324,,A. O. Lovejoy
Crossref,1938,The Relativity Paradoxes: A Footnote to the Lovejoy-McGilvary Controversy,Nathaniel H. Stevens,journal-article,The Philosophical Review,47,6,624,10.2307/2180705,https://doi.org/10.2307/2180705,,A. O. Lovejoy
Crossref,1962,Anomalous Quadrupole Coupling in Europium Ethylsulfate,B. R. Judd; C. A. Lovejoy; D. A. Shirley,journal-article,Physical Review,128,4,1733-1740,10.1103/physrev.128.1733,https://doi.org/10.1103/physrev.128.1733,,A. O. Lovejoy
Crossref,1911,William James as Philosopher,Arthur O. Lovejoy,journal-article,The International Journal of Ethics,21,2,125-153,10.1086/intejethi.21.2.2377028,https://doi.org/10.1086/intejethi.21.2.2377028,,A. O. Lovejoy
Crossref,1963,<i>Reflections on Human Nature</i> by Arthur O. Lovejoy,James Doolittle,journal-article,South Atlantic Quarterly,62,1,148-149,10.1215/00382876-62-1-148,https://doi.org/10.1215/00382876-62-1-148,,A. O. Lovejoy
Crossref,1912,The Problem of Time in Recent French Philosophy. I.,Arthur O. Lovejoy,journal-article,The Philosophical Review,21,1,11,10.2307/2177595,https://doi.org/10.2307/2177595,,A. O. Lovejoy
Crossref,1923,A Three Year Cycle for Social Work Conferences,O. R. Lovejoy,journal-article,Social Forces,1,2,129-130,10.2307/3004909,https://doi.org/10.2307/3004909,,A. O. Lovejoy
Crossref,1969,Letter to the Editor,Frederick H. Lovejoy; J. Roger Hollister; Thomas K. McInerny,journal-article,Pediatrics,43,6,1050-1050,10.1542/peds.43.6.1050,https://doi.org/10.1542/peds.43.6.1050,,A. O. Lovejoy
Crossref,1923,"The Supposed Primitivism of Rousseau's ""Discourse on Inequality""",Arthur O. Lovejoy,journal-article,Modern Philology,21,2,165-186,10.1086/387491,https://doi.org/10.1086/387491,,A. O. Lovejoy
Crossref,1967,"Samuel Hopkins: Religion, Slavery, and the Revolution",David S. Lovejoy,journal-article,The New England Quarterly,40,2,227,10.2307/363769,https://doi.org/10.2307/363769,,A. O. Lovejoy
Crossref,1916,On the Meaning of 'Romantic' in Early German Romanticism,A. O. Lovejoy,journal-article,Modern Language Notes,31,7,385,10.2307/2915437,https://doi.org/10.2307/2915437,,A. O. Lovejoy
Crossref,1904,The Philosophy of Hobbes.,Arthur O. Lovejoy; Frederick J. E. Woodbridge,journal-article,The Philosophical Review,13,3,385,10.2307/2176296,https://doi.org/10.2307/2176296,,A. O. Lovejoy
Crossref,1962,Cyclical Sensitivity of Public Utilities: 1947-59,Wallace F. Lovejoy; David A. Bowers,journal-article,Land Economics,38,4,327,10.2307/3144491,https://doi.org/10.2307/3144491,,A. O. Lovejoy
Crossref,1909,The Meaning of Φυσις in the Greek Physiologers,Arthur O. Lovejoy,journal-article,The Philosophical Review,18,4,369,10.2307/2177774,https://doi.org/10.2307/2177774,,A. O. Lovejoy
Crossref,1908,Pragmatism and Theology,Arthur O. Lovejoy,journal-article,The American Journal of Theology,12,1,116-143,10.1086/478735,https://doi.org/10.1086/478735,,A. O. Lovejoy
Crossref,1912,The Problem of Time in Recent French Philosophy,Arthur O. Lovejoy,journal-article,The Philosophical Review,21,5,527,10.2307/2177176,https://doi.org/10.2307/2177176,,A. O. Lovejoy
Crossref,1963,"The Reason, the Understanding and Time",Paul Roubiczek; Arthur O. Lovejoy,journal-article,The Modern Language Review,58,2,292,10.2307/3721310,https://doi.org/10.2307/3721310,,A. O. Lovejoy
Crossref,1912,The Problem of Time in Recent French Philosophy. II.,Arthur O. Lovejoy,journal-article,The Philosophical Review,21,3,322,10.2307/2177714,https://doi.org/10.2307/2177714,,A. O. Lovejoy
Crossref,1948,My Friend Lovejoy,William Pepperell Montague,journal-article,Journal of the History of Ideas,9,4,424,10.2307/2707215,https://doi.org/10.2307/2707215,,A. O. Lovejoy
Crossref,1930,The Dialectical Argument Against Absolute Simultaneity. I,Arthur O. Lovejoy,journal-article,The Journal of Philosophy,27,23,617,10.2307/2016868,https://doi.org/10.2307/2016868,,A. O. Lovejoy
Crossref,1932,The First Gothic Revival and the Return to Nature,Arthur O. Lovejoy,journal-article,Modern Language Notes,47,7,419,10.2307/2913411,https://doi.org/10.2307/2913411,,A. O. Lovejoy
Crossref,1967,Infrared Spectrum of Germylacetylene,R. W. Lovejoy; D. R. Baker,journal-article,The Journal of Chemical Physics,46,2,658-665,10.1063/1.1840722,https://doi.org/10.1063/1.1840722,,A. O. Lovejoy
Crossref,1930,The Revolt against Dualism <i>By Arthur O. Lovejoy</i>,,journal-article,Parnassus,2,7,40-40,10.1080/15436314.1930.11666362,https://doi.org/10.1080/15436314.1930.11666362,,A. O. Lovejoy
Crossref,1923,State Land Policy in Michigan,P. S. Lovejoy,journal-article,Journal of Forestry,21,1,1-9,10.1093/jof/21.1.1,https://doi.org/10.1093/jof/21.1.1,,A. O. Lovejoy
Crossref,1965,An attention theory of discrimination learning,Elijah Lovejoy,journal-article,Journal of Mathematical Psychology,2,2,342-362,10.1016/0022-2496(65)90009-x,https://doi.org/10.1016/0022-2496(65)90009-x,,A. O. Lovejoy
Crossref,1938,The Great Chain of Being.,John Herman Randall; Arthur O. Lovejoy,journal-article,The Philosophical Review,47,2,214,10.2307/2180858,https://doi.org/10.2307/2180858,,A. O. Lovejoy
Crossref,1955,"Rhode Island, a Brief History",David S. Lovejoy; Earl C. Tanner,journal-article,The New England Quarterly,28,2,275,10.2307/362790,https://doi.org/10.2307/362790,,A. O. Lovejoy
Crossref,1910,Some New Saprophytic Fungi of the Middle Rocky Mountain Region,Ruth Harrison Lovejoy,journal-article,Botanical Gazette,50,5,383-385,10.1086/330381,https://doi.org/10.1086/330381,,A. O. Lovejoy
Crossref,1929,Anti-Evolution Laws and the Principle of Religious Neutrality,Arthur O. Lovejoy,journal-article,Bulletin of the American Association of University Professors,15,4,307,10.2307/40218129,https://doi.org/10.2307/40218129,,A. O. Lovejoy
Crossref,1921,Profit-Sharing and Industrial Peace,Arthur O. Lovejoy,journal-article,The International Journal of Ethics,31,3,241-263,10.1086/intejethi.31.3.2377579,https://doi.org/10.1086/intejethi.31.3.2377579,,A. O. Lovejoy
Crossref,1927,Man and the State,Arthur O. Lovejoy; William Ernest Hocking,journal-article,The Yale Law Journal,36,5,723,10.2307/789801,https://doi.org/10.2307/789801,,A. O. Lovejoy
Crossref,1902,Religion and the Time-Process,Arthur O. Lovejoy,journal-article,The American Journal of Theology,6,3,439-472,10.1086/478108,https://doi.org/10.1086/478108,,A. O. Lovejoy
Crossref,1912,The Philosophy of John Norris of Bemerton.,A. O. Lovejoy; Flora Isabel MacKinnon,journal-article,The Philosophical Review,21,2,256,10.2307/2177365,https://doi.org/10.2307/2177365,,A. O. Lovejoy
Crossref,1937,The Freedom of the Teacher,Arthur O. Lovejoy; Howard K. Beale,journal-article,Bulletin of the American Association of University Professors,23,5,401,10.2307/40219896,https://doi.org/10.2307/40219896,,A. O. Lovejoy
Crossref,1924,Miscellany,C. A. Lovejoy,journal-article,The Boston Medical and Surgical Journal,190,26,1148-1148,10.1056/nejm192406261902621,https://doi.org/10.1056/nejm192406261902621,,A. O. Lovejoy
Crossref,1967,Acute Phenothiazine Toxicity in Childhood: A Five-Year Survey,J. M. GUPTA; F. H. LOVEJOY,journal-article,Pediatrics,39,5,771-774,10.1542/peds.39.5.771,https://doi.org/10.1542/peds.39.5.771,,A. O. Lovejoy
Crossref,1905,Abhandlungen der Fries'schen Schule.,Arthur O. Lovejoy; G. Hessenberg; K. Kaiser; Leonard Nelson,journal-article,The Philosophical Review,14,5,617,10.2307/2177498,https://doi.org/10.2307/2177498,,A. O. Lovejoy
Crossref,1963,Arthur O. Lovejoy and the History of Ideas,John Herman Randall,journal-article,Philosophy and Phenomenological Research,23,4,475,10.2307/2104513,https://doi.org/10.2307/2104513,,A. O. Lovejoy
Crossref,1919,Review of Lumber Industry Affairs,P. S. Lovejoy,journal-article,Journal of Forestry,17,3,245-259,10.1093/jof/17.3.245,https://doi.org/10.1093/jof/17.3.245,,A. O. Lovejoy
Crossref,1906,Abhandlungen der Fries'schen Schule.,Arthur O. Lovejoy; Gerhard Hessenberg; Karl Kaiser; Leonard Nelson,journal-article,The Philosophical Review,15,2,216,10.2307/2177744,https://doi.org/10.2307/2177744,,A. O. Lovejoy
Crossref,1967,Owen Lovejoy: Abolitionist in Congress,Louis Filler; Edward Magdol,journal-article,The Journal of American History,54,3,665,10.2307/2937459,https://doi.org/10.2307/2937459,,A. O. Lovejoy
Crossref,1968,"Legend Unending, Beginnings Unknown: P. S. Lovejoy on “Paul Bunyon”",,journal-article,Forest History Newsletter,11,4,37-38,10.2307/3982904,https://doi.org/10.2307/3982904,,A. O. Lovejoy
Crossref,1918,A STUDY OF SOUTHERN CALIFORNIA PLACE NAMES,ORA A. LOVEJOY,journal-article,Annual Publication of the Historical Society of Southern California,11,1,44-50,10.2307/41168758,https://doi.org/10.2307/41168758,,A. O. Lovejoy
Crossref,1946,A Note on Peirce's Evolutionism,Arthur O. Lovejoy,journal-article,Journal of the History of Ideas,7,3,351,10.2307/2707405,https://doi.org/10.2307/2707405,,A. O. Lovejoy
Crossref,1911,"Three Philosophical Poets--Lucretius, Dante, and Goethe.",A. O. Lovejoy; George Santayana,journal-article,Modern Language Notes,26,8,244,10.2307/2916804,https://doi.org/10.2307/2916804,,A. O. Lovejoy
Crossref,1933,Certain Samaritans,Nina D. Gage; Esther Pohl Lovejoy,journal-article,The American Journal of Nursing,33,10,1016,10.2307/3412870,https://doi.org/10.2307/3412870,,A. O. Lovejoy
Crossref,1925,Prolegomena to an Idealist Theory of Knowledge.,Arthur O. Lovejoy; Norman Kemp Smith,journal-article,The Philosophical Review,34,2,185,10.2307/2179466,https://doi.org/10.2307/2179466,,A. O. Lovejoy
Crossref,1959,Rhode Island Politics and the American Revolution: 1760-1776,Milton Cantor; David S. Lovejoy,journal-article,American Quarterly,11,3,431,10.2307/2710397,https://doi.org/10.2307/2710397,,A. O. Lovejoy
Crossref,1964,"""Cyclical Sensitivity of Public Utilities: 1947-59"": Rejoinder",Wallace F. Lovejoy; David A. Bowers,journal-article,Land Economics,40,3,338,10.2307/3144744,https://doi.org/10.2307/3144744,,A. O. Lovejoy
Crossref,1931,La Pensee de Jean-Jacques Rousseau; Essai d'interpretation nouvelle.,Arthur O. Lovejoy; Albert Schinz,journal-article,Modern Language Notes,46,1,41,10.2307/2913517,https://doi.org/10.2307/2913517,,A. O. Lovejoy
Crossref,1949,Counseling Youth for College,CLARENCE E. LOVEJOY,journal-article,Occupations: The Vocational Guidance Journal,27,6,381-386,10.1002/j.2164-5892.1949.tb01531.x,https://doi.org/10.1002/j.2164-5892.1949.tb01531.x,,A. O. Lovejoy
Crossref,1915,Conditions at the University of Utah,John Dewey; A. O. Lovejoy; Edwin R. A. Seligman,journal-article,Science,41,1062,685-685,10.1126/science.41.1062.685-a,https://doi.org/10.1126/science.41.1062.685-a,,A. O. Lovejoy
Crossref,1948,Autonomy and Necessity: A Rejoinder to Professor Lovejoy,A. C. Pegis,journal-article,Philosophy and Phenomenological Research,9,1,89,10.2307/2103853,https://doi.org/10.2307/2103853,,A. O. Lovejoy
Crossref,1955,SURFACE TENSION OF He<sup>3</sup>,D. R. LoveJoy,journal-article,Canadian Journal of Physics,33,2,49-53,10.1139/p55-008,https://doi.org/10.1139/p55-008,,A. O. Lovejoy
Crossref,1970,The Taxonomic Status of the 'Meganthropus' Mandibular Fragments from the Djetis Beds of Java,C. Owen Lovejoy,journal-article,Man,5,2,228,10.2307/2799649,https://doi.org/10.2307/2799649,,A. O. Lovejoy
Crossref,1952,On a Supposed Resurgence of Vicious Intellectualism,Arthur O. Lovejoy,journal-article,The Journal of Philosophy,49,4,85,10.2307/2021577,https://doi.org/10.2307/2021577,,A. O. Lovejoy
Crossref,1937,<i>The Great Chain of Being</i>. Arthur O. Lovejoy,H. T. Davis,journal-article,Isis,27,1,111-114,10.1086/347235,https://doi.org/10.1086/347235,,A. O. Lovejoy
Crossref,1939,Communications: Professional Association or Trade Union?,George A. Coe; Auther O. Lovejoy,journal-article,Bulletin of the American Association of University Professors,25,3,344,10.2307/40219344,https://doi.org/10.2307/40219344,,A. O. Lovejoy
Crossref,1917,On the Meaning of 'Romantic' in Early German Romanticism Part II,A. O. Lovejoy,journal-article,Modern Language Notes,32,2,65,10.2307/2915747,https://doi.org/10.2307/2915747,,A. O. Lovejoy
Crossref,1944,Reply to Professor Spitzer,Arthur O. Lovejoy,journal-article,Journal of the History of Ideas,5,2,204,10.2307/2707385,https://doi.org/10.2307/2707385,,A. O. Lovejoy
Crossref,1911,Book Review:A Beginner's History of Philosophy: Vol. II. Modern Philosophy. Herbert Ernest Cushman,Arthur O. Lovejoy,journal-article,Ethics,22,1,111,10.1086/206636,https://doi.org/10.1086/206636,,A. O. Lovejoy
Crossref,1942,The Communism of Saint Ambrose,Arthur O. Lovejoy,journal-article,Journal of the History of Ideas,3,4,458,10.2307/2707318,https://doi.org/10.2307/2707318,,A. O. Lovejoy
Crossref,1968,Owen Lovejoy: Abolitionist in Congress.,Bertram Wyatt-Brown; Edward Magdol,journal-article,The Journal of Southern History,34,1,123,10.2307/2205497,https://doi.org/10.2307/2205497,,A. O. Lovejoy
Crossref,1939,Communications: Professional Association or Trade Union?,George A. Coe; Auther O. Lovejoy,journal-article,Bulletin of the American Association of University Professors,25,3,344,10.2307/40219344,https://doi.org/10.2307/40219344,,A. O. Lovejoy
Crossref,1917,On the Meaning of 'Romantic' in Early German Romanticism Part II,A. O. Lovejoy,journal-article,Modern Language Notes,32,2,65,10.2307/2915747,https://doi.org/10.2307/2915747,,A. O. Lovejoy
Crossref,1968,A Technique for Mist-Netting in the Forest Canopy,Philip S. Humphrey; David Bridge; Thomas E. Lovejoy,journal-article,Bird-Banding,39,1,43,10.2307/4511439,https://doi.org/10.2307/4511439,,A. O. Lovejoy
Crossref,1950,Essays in the History of Ideas,H. T. C.; Arthur O. Lovejoy,journal-article,The Journal of Philosophy,47,1,22,10.2307/2019435,https://doi.org/10.2307/2019435,,A. O. Lovejoy
Crossref,1915,CONDITIONS AT THE UNIVERSITY OF UTAH,J. Dewey; A. O. Lovejoy; E. R. A. Seligman,journal-article,Science,41,1062,685-685,10.1126/science.41.1062.685,https://doi.org/10.1126/science.41.1062.685,,A. O. Lovejoy
Crossref,1906,Leibniz's Hauptschriften zur Grundlegung der Philosophie.,Arthur O. Lovejoy; A. Buchenau; Ernst Cassirer,journal-article,The Philosophical Review,15,4,437,10.2307/2177901,https://doi.org/10.2307/2177901,,A. O. Lovejoy
Crossref,1936,Primitivism and Related Ideas in Antiquity.,Robert K. Merton; Arthur O. Lovejoy; George Boas,journal-article,American Sociological Review,1,1,156,10.2307/2083882,https://doi.org/10.2307/2083882,,A. O. Lovejoy
Crossref,1961,Which College for You?,Clarence E. Lovejoy,journal-article,The Journal of Higher Education,32,4,236-237,10.1080/00221546.1961.11777697,https://doi.org/10.1080/00221546.1961.11777697,,A. O. Lovejoy
Crossref,1908,The Theory of a Pre-Christian Cult of Jesus,Arthur O. Lovejoy,journal-article,Monist,18,4,597-609,10.5840/monist190818440,https://doi.org/10.5840/monist190818440,,A. O. Lovejoy
Crossref,1968,Cenozoic Crustal Movements in the Sierra Nevada: Discussion,EARL M. P. LOVEJOY,journal-article,Geological Society of America Bulletin,79,1,153,10.1130/0016-7606(1968)79[153:ccmits]2.0.co;2,https://doi.org/10.1130/0016-7606(1968)79[153:ccmits]2.0.co;2,,A. O. Lovejoy
Crossref,1949,Essays in the History of Ideas,Sidney Ratner; Arthur O. Lovejoy,journal-article,The American Historical Review,54,4,850,10.2307/1844306,https://doi.org/10.2307/1844306,,A. O. Lovejoy
Crossref,1911,L'espace et le Temps Chez Leibniz et Chez Kant.,A. O. Lovejoy; Emile Van Biema,journal-article,The Philosophical Review,20,3,313,10.2307/2177854,https://doi.org/10.2307/2177854,,A. O. Lovejoy
Crossref,1915,Conditions at the University of Utah,John Dewey; A. O. Lovejoy; Edwin R. A. Seligman,journal-article,Science,41,1062,685-685,10.1126/science.41.1062.685.a,https://doi.org/10.1126/science.41.1062.685.a,,A. O. Lovejoy
Crossref,1958,Hearing Conservation in New York State,H. T. Lovejoy,journal-article,American Industrial Hygiene Association Journal,19,5,392-394,10.1080/00028895809343615,https://doi.org/10.1080/00028895809343615,,A. O. Lovejoy
Crossref,1924,Facts First then Common Sense,P. S. Lovejoy,journal-article,Journal of Forestry,22,7,780-789,10.1093/jof/22.7.780,https://doi.org/10.1093/jof/22.7.780,,A. O. Lovejoy
Crossref,1948,A. O. Lovejoy as Teacher,Marjorie Nicolson,journal-article,Journal of the History of Ideas,9,4,428,10.2307/2707216,https://doi.org/10.2307/2707216,,A. O. Lovejoy
Crossref,1969,Attention in Discrimination Learning,Douglas H. Lawrence; Elijah Lovejoy,journal-article,The American Journal of Psychology,82,4,549,10.2307/1420450,https://doi.org/10.2307/1420450,,A. O. Lovejoy
Crossref,1937,Primitivism and Related Ideas in Antiquity.,George R. Havens; Arthur O. Lovejoy; George Boas,journal-article,Modern Language Notes,52,6,421,10.2307/2911724,https://doi.org/10.2307/2911724,,A. O. Lovejoy
Crossref,1936,"<i>A Documentary History of Primitwism and Related Ideas</i>. General Editors, <scp>Arthur O. Lovejoy, Gilbert Chinard, George Boas, Ronald S. Crane</scp>. Volume I, <i>Primitwism and Related Ideas in Antiquity</i>. By <scp>Arthur O. Lovejoy, George Boas</scp>, <scp>Ronald S. Crane</scp>. Volume I, <i>Primitwism and Related Ideas in Antiquity</i>. By <scp>Arthur O. Lovejoy, George Boas</scp>. With Supplementary Essays by <scp>W. F. Albright</scp> and <scp>P. E. Dumont</scp>. (Baltimore: Johns Hopkins Press. 1935. Pp. xv, 482. $5.00.)",R. K. Hack,journal-article,The American Historical Review,41,4,728-730,10.1086/ahr/41.4.728,https://doi.org/10.1086/ahr/41.4.728,,A. O. Lovejoy
Crossref,1951,Report on Quality Factors in Processed Vegetables,B M Gutterman; R D Lovejoy; L M Beacham,journal-article,Journal of AOAC INTERNATIONAL,34,2,231-232,10.1093/jaoac/34.2.231,https://doi.org/10.1093/jaoac/34.2.231,,A. O. Lovejoy
Crossref,1957,Clinical and Hemodynamic Studies of Myocardial Fibrosis,ROBERT E. NYE; FRANK W. LOVEJOY; PAUL N. YU,journal-article,Circulation,16,3,332-338,10.1161/01.cir.16.3.332,https://doi.org/10.1161/01.cir.16.3.332,,A. O. Lovejoy
Crossref,1909,<i>On the Interpretation of Empedocles</i>. Clara Elizabeth Millerd,Arthur O. Lovejoy,journal-article,Classical Philology,4,3,332-334,10.1086/359313,https://doi.org/10.1086/359313,,A. O. Lovejoy
Crossref,1933,Concepts and Contours in Land Utilization,P. S. Lovejoy,journal-article,Journal of Forestry,31,4,381-391,10.1093/jof/31.4.381,https://doi.org/10.1093/jof/31.4.381,,A. O. Lovejoy
Crossref,1916,The Cost of Forest Improvement Systems,P. S. Lovejoy,journal-article,Journal of Forestry,14,2,238-254,10.1093/jof/14.2.238,https://doi.org/10.1093/jof/14.2.238,,A. O. Lovejoy
Crossref,1940,Reflections on the History of Ideas,Arthur O. Lovejoy,journal-article,Journal of the History of Ideas,1,1,3,10.2307/2707007,https://doi.org/10.2307/2707007,,A. O. Lovejoy
Crossref,1916,"Meeting for Organization of the Association: New York, January, 1915",A. O. Lovejoy,journal-article,Bulletin of the American Association of University Professors,2,1,14,10.2307/40216737,https://doi.org/10.2307/40216737,,A. O. Lovejoy
Crossref,1906,Les Notions d'Essence et d'Existence dans la Philosophie de Spinoza.,Arthur O. Lovejoy; Albert Rivaud,journal-article,The Philosophical Review,15,4,436,10.2307/2177900,https://doi.org/10.2307/2177900,,A. O. Lovejoy
Crossref,1922,The Length of Human Infancy in Eighteenth-Century Thought,Arthur O. Lovejoy,journal-article,The Journal of Philosophy,19,14,381,10.2307/2939649,https://doi.org/10.2307/2939649,,A. O. Lovejoy
Crossref,1968,"Labor Productivity in Italian Agriculture, 1951-1973",Robert M. Lovejoy,journal-article,Industrial and Labor Relations Review,21,4,570,10.2307/2520758,https://doi.org/10.2307/2520758,,A. O. Lovejoy
Crossref,1913,The Practical Tendencies of Bergsonism. I,Arthur O. Lovejoy,journal-article,The International Journal of Ethics,23,3,253-275,10.1086/intejethi.23.3.2376671,https://doi.org/10.1086/intejethi.23.3.2376671,,A. O. Lovejoy
Crossref,1911,Dogmatism and Evolution: Studies in Modern Philosophy.,Arthur O. Lovejoy; Theodore DeLaguna; Grace Andrus DeLaguna,journal-article,The Philosophical Review,20,5,535,10.2307/2177619,https://doi.org/10.2307/2177619,,A. O. Lovejoy
Crossref,1913,I.—SOME ANTECEDENTS OF THE PHILOSOPHY OF BERGSON,ARTHUR O. LOVEJOY,journal-article,Mind,XXII,10,465-483,10.1093/mind/xxii.10.465,https://doi.org/10.1093/mind/xxii.10.465,,A. O. Lovejoy
Crossref,1970,Religious Enthusiasm and the Great Awakening,Edwin S. Gaustad; David S. Lovejoy,journal-article,The New England Quarterly,43,2,328,10.2307/363261,https://doi.org/10.2307/363261,,A. O. Lovejoy
Crossref,1955,Henry Marchant and the Mistress of the World,David S. Lovejoy,journal-article,The William and Mary Quarterly,12,3,375,10.2307/1917100,https://doi.org/10.2307/1917100,,A. O. Lovejoy
Crossref,1916,Essai sur l'evolution des doctrines de M. Georges Sorel.,A. O. Lovejoy; Frederic D. Cheydleur,journal-article,Modern Language Notes,31,6,360,10.2307/2915726,https://doi.org/10.2307/2915726,,A. O. Lovejoy
Crossref,1922,"Time, Meaning and Transcendence--I. The Alleged Futurity of Yesterday",Arthur O. Lovejoy,journal-article,The Journal of Philosophy,19,19,505,10.2307/2939536,https://doi.org/10.2307/2939536,,A. O. Lovejoy
Crossref,1914,"Book Review:A Psychological Study of Religion: Its Origin, Function and Future. James H. Leuba",Arthur O. Lovejoy,journal-article,Ethics,24,2,216,10.1086/206807,https://doi.org/10.1086/206807,,A. O. Lovejoy
Crossref,1960,Integration and Competition in the Petroleum Industry,Wallace F. Lovejoy; Melvin G. de Chazeau; Alfred E. Kahn,journal-article,Land Economics,36,3,304,10.2307/3144506,https://doi.org/10.2307/3144506,,A. O. Lovejoy
Crossref,1907,<i>Qualitative Change in Pre-Socratic Philosophy</i>. W. A. Heidel,Arthur D. Lovejoy,journal-article,Classical Philology,2,4,490-490,10.1086/359103,https://doi.org/10.1086/359103,,A. O. Lovejoy
Crossref,1933,Academic Freedom and Tenure: Rollins College Report,Arthur O. Lovejoy; Austin S. Edwards,journal-article,Bulletin of the American Association of University Professors,19,7,416,10.2307/40218822,https://doi.org/10.2307/40218822,,A. O. Lovejoy
Crossref,1962,Elijah P. Lovejoy: Abolitionist Editor,Robert L. Bloom; Merton L. Dillon,journal-article,The Mississippi Valley Historical Review,49,1,136,10.2307/1889494,https://doi.org/10.2307/1889494,,A. O. Lovejoy
Crossref,1898,The Buddhistic technical terms upādāna and upādisesa,Arthur Oncken Lovejoy,journal-article,Journal of the American Oriental Society,19,,126,10.2307/592475,https://doi.org/10.2307/592475,,A. O. Lovejoy
Crossref,1949,Historiography and Evaluation: A Disclaimer,Arthur O. Lovejoy,journal-article,Journal of the History of Ideas,10,1,141,10.2307/2707206,https://doi.org/10.2307/2707206,,A. O. Lovejoy
Crossref,1946,Goldsmith and the Chain of Being,Arthur O. Lovejoy,journal-article,Journal of the History of Ideas,7,1,91,10.2307/2707270,https://doi.org/10.2307/2707270,,A. O. Lovejoy
Crossref,1961,"The Reason, the Understanding, and Time.",Daniel S. Robinson; Arthur O. Lovejoy,journal-article,Philosophy and Phenomenological Research,22,2,273,10.2307/2104855,https://doi.org/10.2307/2104855,,A. O. Lovejoy
Crossref,1965,Disequilibrium and Increasing Costs: A Study of Local Telephone Service,David A. Bowers; Wallace F. Lovejoy,journal-article,Land Economics,41,1,31,10.2307/3144887,https://doi.org/10.2307/3144887,,A. O. Lovejoy
Crossref,1963,In Memory of A. O. Lovejoy,Ludwig Edelstein,journal-article,Journal of the History of Ideas,24,4,451,10.2307/2707977,https://doi.org/10.2307/2707977,,A. O. Lovejoy
Crossref,1913,The Practical Tendencies of Bergsonism. II,Arthur O. Lovejoy,journal-article,The International Journal of Ethics,23,4,419-443,10.1086/intejethi.23.4.2376914,https://doi.org/10.1086/intejethi.23.4.2376914,,A. O. Lovejoy
Crossref,1962,"Book Review:Essays on Petroleum Conservation Regulation. Wallace F. Lovejoy, James I. Pikl",Jesse Markham,journal-article,The Journal of Business,35,3,318,10.1086/294516,https://doi.org/10.1086/294516,,A. O. Lovejoy
Crossref,1962,Detection Limits in Radiation and Optical Pyrometry,D. R. Lovejoy,journal-article,Journal of the Optical Society of America,52,12,1387,10.1364/josa.52.001387,https://doi.org/10.1364/josa.52.001387,,A. O. Lovejoy
Crossref,1962,On Klemens and Lowenthal's Paper on Deviations from Matthiessen's Rule,RJ Berry; DR Lovejoy,journal-article,Australian Journal of Physics,15,3,441-443,10.1071/ph620441,https://doi.org/10.1071/ph620441,,A. O. Lovejoy
Crossref,1920,Pragmatism as Interactionism,Arthur O. Lovejoy,journal-article,"The Journal of Philosophy, Psychology and Scientific Methods",17,23,622,10.2307/2939891,https://doi.org/10.2307/2939891,,A. O. Lovejoy
Crossref,1955,Stories on Stone: A Book of American Epitaphs,David S. Lovejoy; Charles L. Wallis,journal-article,The New England Quarterly,28,2,280,10.2307/362794,https://doi.org/10.2307/362794,,A. O. Lovejoy
Crossref,1936,Primitivism and Related Ideas in Antiquity.,H. T. C.; Arthur O. Lovejoy; George Boas,journal-article,The Journal of Philosophy,33,7,192,10.2307/2016444,https://doi.org/10.2307/2016444,,A. O. Lovejoy
Crossref,1909,Pragmatism and Realism,Arthur O. Lovejoy,journal-article,"The Journal of Philosophy, Psychology and Scientific Methods",6,21,575,10.2307/2010796,https://doi.org/10.2307/2010796,,A. O. Lovejoy
Crossref,1911,Book Review:A Beginner's History of Philosophy: Vol I. Ancient and Mediaeval Philosophy. Herbert Ernest Cushman,A. O. Lovejoy,journal-article,Ethics,21,3,352,10.1086/206604,https://doi.org/10.1086/206604,,A. O. Lovejoy
Crossref,1948,Arthur O. Lovejoy and the Theory of Historiography,Maurice Mandelbaum,journal-article,Journal of the History of Ideas,9,4,412,10.2307/2707214,https://doi.org/10.2307/2707214,,A. O. Lovejoy
Crossref,1951,Essays in the History of Ideas by Arthur O. Lovejoy,A. J. McNicholl,journal-article,The Thomist: A Speculative Quarterly Review,14,3,407-412,10.1353/tho.1951.0016,https://doi.org/10.1353/tho.1951.0016,,A. O. Lovejoy
Crossref,1947,The Duality of the Thomistic Theology: A Reply to Mr. Veatch,Arthur O. Lovejoy,journal-article,Philosophy and Phenomenological Research,7,3,413,10.2307/2102796,https://doi.org/10.2307/2102796,,A. O. Lovejoy
Crossref,1949,Local inhibition of histamine flare in man,Harold B. Lovejoy; Samuel M. Feinberg; Ellis A. Canterbury,journal-article,Journal of Allergy,20,5,350-357,10.1016/0021-8707(49)90023-4,https://doi.org/10.1016/0021-8707(49)90023-4,,A. O. Lovejoy
Crossref,1963,The Philosophical Method of Arthur O. Lovejoy: Critical Realism and Psychoanalytical Realism,Lewis S. Feuer,journal-article,Philosophy and Phenomenological Research,23,4,493,10.2307/2104515,https://doi.org/10.2307/2104515,,A. O. Lovejoy
Crossref,1908,The Thirteen Pragmatisms. II,Arthur O. Lovejoy,journal-article,"The Journal of Philosophy, Psychology and Scientific Methods",5,2,29,10.2307/2011563,https://doi.org/10.2307/2011563,,A. O. Lovejoy
Crossref,1954,Minute Drafted for the American Philosophical Association,Ralph Barton Perry; James Gutmann; Arthur O. Lovejoy,journal-article,Journal of Philosophy,51,21,628-630,10.5840/jphil195451216,https://doi.org/10.5840/jphil195451216,,A. O. Lovejoy
Crossref,1948,A. O. Lovejoy as Historian of Philosophy,George Boas,journal-article,Journal of the History of Ideas,9,4,404,10.2307/2707213,https://doi.org/10.2307/2707213,,A. O. Lovejoy
Crossref,1920,Pragmatism as Interactionism,Arthur O. Lovejoy,journal-article,"The Journal of Philosophy, Psychology and Scientific Methods",17,22,589,10.2307/2940385,https://doi.org/10.2307/2940385,,A. O. Lovejoy
Crossref,1960,Absorbing Filters and High-Temperature Optical Pyrometry,D. R. Lovejoy,journal-article,Journal of the Optical Society of America,50,7,698,10.1364/josa.50.000698,https://doi.org/10.1364/josa.50.000698,,A. O. Lovejoy
Crossref,1952,In Defense of Individualistic Empiricism: A Reply to Messrs. Lovejoy and Hook,Victor Lowe,journal-article,The Journal of Philosophy,49,4,100,10.2307/2021579,https://doi.org/10.2307/2021579,,A. O. Lovejoy
Crossref,1918,A DISCUSSION OF TERRA COTTA DRYERS.,Ellis Lovejoy,journal-article,Journal of the American Ceramic Society,1,10,667-674,10.1111/j.1151-2916.1918.tb17800.x,https://doi.org/10.1111/j.1151-2916.1918.tb17800.x,,A. O. Lovejoy
Crossref,1909,Immanuel Kant.,A. O. Lovejoy; Oswald Kulpe,journal-article,"The Journal of Philosophy, Psychology and Scientific Methods",6,26,719,10.2307/2011025,https://doi.org/10.2307/2011025,,A. O. Lovejoy
Crossref,1959,Rhode Island Politics and the American Revolution 1760-1776,Clyde E. Jacobs; David A. Lovejoy,journal-article,The Western Political Quarterly,12,4,1124,10.2307/443825,https://doi.org/10.2307/443825,,A. O. Lovejoy
Crossref,1913,Realism versus Epistemological Monism,Arthur O. Lovejoy,journal-article,"The Journal of Philosophy, Psychology and Scientific Methods",10,21,561,10.2307/2012435,https://doi.org/10.2307/2012435,,A. O. Lovejoy
Crossref,1913,Secondary Qualities and Subjectivity,Arthur O. Lovejoy,journal-article,"The Journal of Philosophy, Psychology and Scientific Methods",10,8,214,10.2307/2013268,https://doi.org/10.2307/2013268,,A. O. Lovejoy
Crossref,1968,Vibrational spectrum of sulfuryl bromide fluoride,P.R. Reed; R.W. Lovejoy,journal-article,Spectrochimica Acta Part A: Molecular Spectroscopy,24,11,1795-1801,10.1016/0584-8539(68)80235-1,https://doi.org/10.1016/0584-8539(68)80235-1,,A. O. Lovejoy
Crossref,1948,Necessity and Self-Sufficiency in the Thomistic Theology: A Reply to President Pegis,Arthur O. Lovejoy,journal-article,Philosophy and Phenomenological Research,9,1,71,10.2307/2103852,https://doi.org/10.2307/2103852,,A. O. Lovejoy
Crossref,1911,Existence and Formal Logic,A. O. Lovejoy,journal-article,"The Journal of Philosophy, Psychology and Scientific Methods",8,24,660,10.2307/2012690,https://doi.org/10.2307/2012690,,A. O. Lovejoy
Crossref,1931,<i>The Revolt Against Dualism</i>. Arthur O. Lovejoy,Arthur E. Murphy,journal-article,The International Journal of Ethics,41,2,265-267,10.1086/intejethi.41.2.2377919,https://doi.org/10.1086/intejethi.41.2.2377919,,A. O. Lovejoy
Crossref,1915,Three Studies in Current Philosophical Questions.,B. H. Bode; E. H. Griffin; K. Dunlap; A. O. Lovejoy,journal-article,The Philosophical Review,24,1,102,10.2307/2178533,https://doi.org/10.2307/2178533,,A. O. Lovejoy
Crossref,1914,A Suggestion for Securing Better Professional Terminology,P. S. Lovejoy,journal-article,Journal of Forestry,12,1,1-4,10.1093/jof/12.1.1a,https://doi.org/10.1093/jof/12.1.1a,,A. O. Lovejoy
Crossref,1907,The Origins of Ethical Inwardness in Jewish Thought,Arthur O. Lovejoy,journal-article,The American Journal of Theology,11,2,228-249,10.1086/478680,https://doi.org/10.1086/478680,,A. O. Lovejoy
Crossref,1909,The Roots of Reality: Being Suggestions for a Philosophical Reconstruction.,Arthur O. Lovejoy; Ernest Belfort Bax,journal-article,The Philosophical Review,18,1,75,10.2307/2177164,https://doi.org/10.2307/2177164,,A. O. Lovejoy
Crossref,1959,"Rhode Island Politics and the American Revolution, 1760-1776",Aubrey C. Land; David S. Lovejoy,journal-article,The New England Quarterly,32,4,536,10.2307/362508,https://doi.org/10.2307/362508,,A. O. Lovejoy
Crossref,1912,"""Present Philosophical Tendencies""",Arthur O. Lovejoy,journal-article,"The Journal of Philosophy, Psychology and Scientific Methods",9,23,627,10.2307/2013406,https://doi.org/10.2307/2013406,,A. O. Lovejoy
Crossref,1908,The Thirteen Pragmatisms. I.,Arthur O. Lovejoy,journal-article,"The Journal of Philosophy, Psychology and Scientific Methods",5,1,5,10.2307/2012277,https://doi.org/10.2307/2012277,,A. O. Lovejoy
Crossref,1886,Four Cases of Placenta Prævia,OLIVER S. LOVEJOY,journal-article,The Boston Medical and Surgical Journal,114,4,84-85,10.1056/nejm188601281140405,https://doi.org/10.1056/nejm188601281140405,,A. O. Lovejoy
Crossref,1919,Report of the Committee on Pensions and Insurance,Arthur O. Lovejoy; Harlan F. Stone,journal-article,Bulletin of the American Association of University Professors,5,1/2,19,10.2307/40216900,https://doi.org/10.2307/40216900,,A. O. Lovejoy
Crossref,1937,Book Review:The Great Chain of Being: A Study of the History of an Idea. Arthur O. Lovejoy,Scott Buchanan,journal-article,Ethics,47,4,486,10.1086/208409,https://doi.org/10.1086/208409,,A. O. Lovejoy
Crossref,1956,NEW METHOD FOR TRANSFERRING DETAIL FROM AIR PHOTOGRAPHS TO A BASE MAP,DONALD W. LOVEJOY,journal-article,Geological Society of America Bulletin,67,8,1117,10.1130/0016-7606(1956)67[1117:nmftdf]2.0.co;2,https://doi.org/10.1130/0016-7606(1956)67[1117:nmftdf]2.0.co;2,,A. O. Lovejoy
Crossref,1964,"Equality and Empire The New York Charter of Libertyes, 1683",David S. Lovejoy,journal-article,The William and Mary Quarterly,21,4,493,10.2307/1923303,https://doi.org/10.2307/1923303,,A. O. Lovejoy
Crossref,1937,The Great Chain of Being. A Study of the History of an Idea.,Raphael Demos; Arthur O. Lovejoy,journal-article,Modern Language Notes,52,7,518,10.2307/2911669,https://doi.org/10.2307/2911669,,A. O. Lovejoy
Crossref,1959,"Rhode Island Politics and the American Revolution, 1760-1776",Theodore Thayer; David S. Lovejoy,journal-article,The William and Mary Quarterly,16,3,421,10.2307/1916955,https://doi.org/10.2307/1916955,,A. O. Lovejoy
Crossref,1904,What I Have Seen of Black Bass,Samuel Lovejoy,journal-article,Transactions of the American Fisheries Society,33,1,170-172,10.1577/1548-8659(1904)34[170:wihsob]2.0.co;2,https://doi.org/10.1577/1548-8659(1904)34[170:wihsob]2.0.co;2,,A. O. Lovejoy
Crossref,1927,Optimism and Romanticism,Arthur O. Lovejoy,journal-article,PMLA/Publications of the Modern Language Association of America,42,4,921-945,10.2307/457545,https://doi.org/10.2307/457545,,A. O. Lovejoy
Crossref,1951,<i>Essays in the History of Ideas</i>. Arthur O. Lovejoy,James Luther Adams,journal-article,The Journal of Religion,31,1,56-58,10.1086/484075,https://doi.org/10.1086/484075,,A. O. Lovejoy
Crossref,1918,Report of Committee on Academic Freedom in Wartime,A. O. Lovejoy; Edward Capps; A. A. Young,journal-article,Bulletin of the American Association of University Professors,4,2/3,29,10.2307/40216871,https://doi.org/10.2307/40216871,,A. O. Lovejoy
Crossref,1965,"Lovejoy: Martyr to Freedom. By Paul Simon. St. Louis: Concordia, 1964. 150 pp. $3.00.",Edwin S. Gaustad,journal-article,Church History,34,3,359-359,10.2307/3162821,https://doi.org/10.2307/3162821,,A. O. Lovejoy
Crossref,1959,"OVERTHRUST ORDOVICIAN AND THE NANNIE'S PEAK INTRUSIVE, LONE MOUNTAIN, ELKO COUNTY, NEVADA",DONALD W. LOVEJOY,journal-article,Geological Society of America Bulletin,70,5,539,10.1130/0016-7606(1959)70[539:ooatnp]2.0.co;2,https://doi.org/10.1130/0016-7606(1959)70[539:ooatnp]2.0.co;2,,A. O. Lovejoy
Crossref,1961,"THE SMALL GROUP. By Michael S. Olmsted. New York: Random House, 1959. 159p. $1.35",A. E. Lovejoy,journal-article,Social Forces,39,4,361-362,10.2307/2573443,https://doi.org/10.2307/2573443,,A. O. Lovejoy
Crossref,1936,"Discussion: “Drying Problems of the Ceramic Industry” (Carruthers, John L., 1935, Trans. ASME, 57, pp. 439–442)",Ellis Lovejoy,journal-article,Journal of Fluids Engineering,58,3,241-242,10.1115/1.4020196,https://doi.org/10.1115/1.4020196,,A. O. Lovejoy
Crossref,1959,"Rhode Island Politics and the American Revolution, 1760-1776",Oscar Zeichner; David S. Lovejoy,journal-article,The Mississippi Valley Historical Review,46,1,120,10.2307/1892397,https://doi.org/10.2307/1892397,,A. O. Lovejoy
Crossref,1938,<i>The Great Chain of Being</i>. Arthur O. Lovejoy,,journal-article,Isis,28,2,537-540,10.1086/347375,https://doi.org/10.1086/347375,,Arthur Oncken Lovejoy
Crossref,1931,Book Review:The Revolt Against Dualism. Arthur O. Lovejoy,Arthur E. Murphy,journal-article,Ethics,41,2,265,10.1086/207879,https://doi.org/10.1086/207879,,Arthur Oncken Lovejoy
Crossref,1942,On The Criteria and Limits of Meaning,Arthur O. Lovejoy,book-chapter,Philosophical Essays,,,3-23,10.9783/9781512815245-002,https://doi.org/10.9783/9781512815245-002,,Arthur Oncken Lovejoy
Crossref,1931,<i>The Revolt against Dualism</i>. Arthur O. Lovejoy,H. T. Davis,journal-article,Isis,15,1,190-193,10.1086/346554,https://doi.org/10.1086/346554,,Arthur Oncken Lovejoy
Crossref,1963,<i>Reflections on Human Nature</i> by Arthur O. Lovejoy,James Doolittle,journal-article,South Atlantic Quarterly,62,1,148-149,10.1215/00382876-62-1-148,https://doi.org/10.1215/00382876-62-1-148,,Arthur Oncken Lovejoy
Crossref,1949,<i>Essays in the History of Ideas</i>. Arthur O. Lovejoy,Harry Levin,journal-article,Isis,40,1,85-87,10.1086/349023,https://doi.org/10.1086/349023,,Arthur Oncken Lovejoy
Crossref,1930,The Revolt against Dualism <i>By Arthur O. Lovejoy</i>,,journal-article,Parnassus,2,7,40-40,10.1080/15436314.1930.11666362,https://doi.org/10.1080/15436314.1930.11666362,,Arthur Oncken Lovejoy
Crossref,1963,Arthur O. Lovejoy and the History of Ideas,John Herman Randall,journal-article,Philosophy and Phenomenological Research,23,4,475,10.2307/2104513,https://doi.org/10.2307/2104513,,Arthur Oncken Lovejoy
Crossref,1937,<i>The Great Chain of Being</i>. Arthur O. Lovejoy,H. T. Davis,journal-article,Isis,27,1,111-114,10.1086/347235,https://doi.org/10.1086/347235,,Arthur Oncken Lovejoy
Crossref,1936,"<i>A Documentary History of Primitwism and Related Ideas</i>. General Editors, <scp>Arthur O. Lovejoy, Gilbert Chinard, George Boas, Ronald S. Crane</scp>. Volume I, <i>Primitwism and Related Ideas in Antiquity</i>. By <scp>Arthur O. Lovejoy, George Boas</scp>, <scp>Ronald S. Crane</scp>. Volume I, <i>Primitwism and Related Ideas in Antiquity</i>. By <scp>Arthur O. Lovejoy, George Boas</scp>. With Supplementary Essays by <scp>W. F. Albright</scp> and <scp>P. E. Dumont</scp>. (Baltimore: Johns Hopkins Press. 1935. Pp. xv, 482. $5.00.)",R. K. Hack,journal-article,The American Historical Review,41,4,728-730,10.1086/ahr/41.4.728,https://doi.org/10.1086/ahr/41.4.728,,Arthur Oncken Lovejoy
Crossref,1959,Hermann Oncken,Hermann Oncken,book-chapter,Amerika im Spiegel des deutschen politischen Denkens,,,211-215,10.1007/978-3-663-07081-8_51,https://doi.org/10.1007/978-3-663-07081-8_51,,Arthur Oncken Lovejoy
Crossref,1948,Arthur O. Lovejoy and the Theory of Historiography,Maurice Mandelbaum,journal-article,Journal of the History of Ideas,9,4,412,10.2307/2707214,https://doi.org/10.2307/2707214,,Arthur Oncken Lovejoy
Crossref,1951,Essays in the History of Ideas by Arthur O. Lovejoy,A. J. McNicholl,journal-article,The Thomist: A Speculative Quarterly Review,14,3,407-412,10.1353/tho.1951.0016,https://doi.org/10.1353/tho.1951.0016,,Arthur Oncken Lovejoy
Crossref,1963,The Philosophical Method of Arthur O. Lovejoy: Critical Realism and Psychoanalytical Realism,Lewis S. Feuer,journal-article,Philosophy and Phenomenological Research,23,4,493,10.2307/2104515,https://doi.org/10.2307/2104515,,Arthur Oncken Lovejoy
Crossref,1937,Book Review:The Great Chain of Being: A Study of the History of an Idea. Arthur O. Lovejoy,Scott Buchanan,journal-article,Ethics,47,4,486,10.1086/208409,https://doi.org/10.1086/208409,,Arthur Oncken Lovejoy
Crossref,1931,<i>The Revolt Against Dualism</i>. Arthur O. Lovejoy,Arthur E. Murphy,journal-article,The International Journal of Ethics,41,2,265-267,10.1086/intejethi.41.2.2377919,https://doi.org/10.1086/intejethi.41.2.2377919,,Arthur Oncken Lovejoy
Crossref,1951,<i>Essays in the History of Ideas</i>. Arthur O. Lovejoy,James Luther Adams,journal-article,The Journal of Religion,31,1,56-58,10.1086/484075,https://doi.org/10.1086/484075,,Arthur Oncken Lovejoy
Crossref,1946,A Letter From J. G. Oncken to J. L. Angas,J. G. Oncken,journal-article,Baptist Quarterly,12,1-2,41-42,10.1080/0005576x.1946.11750681,https://doi.org/10.1080/0005576x.1946.11750681,,Arthur Oncken Lovejoy
Crossref,1905,Wilhelm Oncken (geboren 1838),,book-chapter,Prosa,,,220-223,10.1515/9783112374467-036,https://doi.org/10.1515/9783112374467-036,,Arthur Oncken Lovejoy
Crossref,1931,What Is Knowledge?<i>The Revolt against Dualism</i>. Arthur O. Lovejoy,Henry Nelson Wieman,journal-article,The Journal of Religion,11,2,303-304,10.1086/481061,https://doi.org/10.1086/481061,,Arthur Oncken Lovejoy
Crossref,1949,<i>Essays in the History of Ideas</i>. Arthur O. Lovejoy,Crane Brinton,journal-article,The Journal of Modern History,21,4,344-345,10.1086/237298,https://doi.org/10.1086/237298,,Arthur Oncken Lovejoy
Crossref,1943,"Arthur O. Lovejoy. On the criteria and limits of meaning. Philosophical essays in honor of Edgar Arthur Singer, Jr., edited by F. P. Clarke and M. C. Nahm, University of Pennsylvania Press, Philadelphia1942, pp. 3–23.",Ernest Nagel,journal-article,Journal of Symbolic Logic,8,3,87-87,10.2307/2266386,https://doi.org/10.2307/2266386,,Arthur Oncken Lovejoy
Crossref,1936,"<i>A Documentary History of Primitivism and Related Ideas. Volume I: Primitivism and Related Ideas in Antiquity</i>. Arthur O. Lovejoy , George Boas",George Sarton,journal-article,Isis,25,1,169-172,10.1086/347079,https://doi.org/10.1086/347079,,Arthur Oncken Lovejoy
Crossref,1949,"Essays in the History of Ideas. By <i>Arthur O. Lovejoy</i>. (Baltimore: Johns Hopkins Press. 1948. Pp. xvii, 359. $5.00.)",Sidney Ratner,journal-article,The American Historical Review,54,4,850-851,10.1086/ahr/54.4.850,https://doi.org/10.1086/ahr/54.4.850,,Arthur Oncken Lovejoy
Crossref,1937,<i>The Great Chain of Being: A Study of the History of an Idea</i>. Arthur O. Lovejoy,Scott Buchanan,journal-article,The International Journal of Ethics,47,4,486-490,10.1086/intejethi.47.4.2989373,https://doi.org/10.1086/intejethi.47.4.2989373,,Arthur Oncken Lovejoy
Crossref,1951,"Essays in the History of Ideas. By Arthur O. Lovejoy. (The Johns Hopkins Press, Baltimore; London, Cumberlege. 1948. Pp. 354. Price 27s. 6d.",D. J. Allan,journal-article,Philosophy,26,97,173-176,10.1017/s0031819100026929,https://doi.org/10.1017/s0031819100026929,,Arthur Oncken Lovejoy
Crossref,1896,Friedrich der Grosse als Kolonisator,Heinrich Berger,edited-book,,,,,10.1515/9783111405407,https://doi.org/10.1515/9783111405407,,Arthur Oncken Lovejoy
Crossref,1937,<i>The Great Chain of Being: A Study of the History of an Idea</i>. Arthur O. Lovejoy,Bruce W. Brotherston,journal-article,The Journal of Religion,17,2,204-206,10.1086/481966,https://doi.org/10.1086/481966,,Arthur Oncken Lovejoy
Crossref,1914,Historisch-politische Aufsätze und Reden Band 1,Hermann Oncken,edited-book,,,,,10.1515/9783486743128,https://doi.org/10.1515/9783486743128,,Arthur Oncken Lovejoy
Crossref,1914,Historisch-politische Aufsätze und Reden Band 2,Hermann Oncken,edited-book,,,,,10.1515/9783486743067,https://doi.org/10.1515/9783486743067,,Arthur Oncken Lovejoy
Crossref,1931,The Revolt against Dualism: an Inquiry concerning the Existence of Ideas. By Arthur O. Lovejoy. (London: George Allen &amp; Unwin Ltd.1930. Pp. xii + 325. Price 15s.),L. S. Stebbing,journal-article,Philosophy,6,22,240-242,10.1017/s0031819100045277,https://doi.org/10.1017/s0031819100045277,,Arthur Oncken Lovejoy
Crossref,1938,Cromwell,P. R.; Hermann Oncken,journal-article,Books Abroad,12,3,339,10.2307/40079992,https://doi.org/10.2307/40079992,,Arthur Oncken Lovejoy
Crossref,1911,"Lovejoy, A. O. Schopenhauer as an Evolutionist",A.O. Lovejoy,journal-article,Kant-Studien,16,1-3,,10.1515/kant-1911-0177,https://doi.org/10.1515/kant-1911-0177,,Arthur Oncken Lovejoy
Crossref,1911,"Lovejoy, Α. O. Kant and Evolution",A.O. Lovejoy,journal-article,Kant-Studien,16,1-3,,10.1515/kant-1911-0176,https://doi.org/10.1515/kant-1911-0176,,Arthur Oncken Lovejoy
Crossref,1919,Über die Zusammenhänge zwischen äußerer und innerer Politik,Hermann Oncken,book,,,,,10.1007/978-3-663-15787-8,https://doi.org/10.1007/978-3-663-15787-8,,Arthur Oncken Lovejoy
Crossref,1949,"Arthur O. Lovejoy, <i>Essays in the History of Ideas</i>",René Wellek,journal-article,"The Germanic Review: Literature, Culture, Theory",24,4,306-310,10.1080/19306962.1949.11786443,https://doi.org/10.1080/19306962.1949.11786443,,Arthur Oncken Lovejoy
Crossref,1919,"Hogs, by A.J. Lovejoy, with supplementary chapters on feeding by John M. Evvard ...",A. J. Lovejoy; John M. Evvard,monograph,,,,,10.5962/bhl.title.20972,https://doi.org/10.5962/bhl.title.20972,,Arthur Oncken Lovejoy
Crossref,1906,Albert Schäffles Lebenserinnerungen,Hermann Oncken,journal-article,Historische Zeitschrift,96,1,243-258,10.1524/hzhz.1906.96.jg.243,https://doi.org/10.1524/hzhz.1906.96.jg.243,,Arthur Oncken Lovejoy
Crossref,1899,New Tendencies in German Economics,August Oncken,journal-article,The Economic Journal,9,35,462,10.2307/2957077,https://doi.org/10.2307/2957077,,Arthur Oncken Lovejoy
Crossref,1919,242. Wie König Wilhelm deutscher Kaiser wurde,Wilhelm Oncken,book-chapter,Zweite und erste Klasse,,,376-380,10.1515/9783112601082-089,https://doi.org/10.1515/9783112601082-089,,Arthur Oncken Lovejoy
Crossref,1938,Die Sicherheit Indiens,Harry N. Howard; Hermann Oncken,journal-article,Books Abroad,12,3,306,10.2307/40079883,https://doi.org/10.2307/40079883,,Arthur Oncken Lovejoy
Crossref,1895,Political Economy in Switzerland,August Oncken,journal-article,The Economic Journal,5,17,133,10.2307/2956241,https://doi.org/10.2307/2956241,,Arthur Oncken Lovejoy
Crossref,1908,Zu Johannes Ronge,Hermann Oncken,journal-article,Historische Zeitschrift,101,1,100-103,10.1524/hzhz.1908.101.jg.100,https://doi.org/10.1524/hzhz.1908.101.jg.100,,Arthur Oncken Lovejoy
Crossref,1899,Sebastian Franck als Historiker,Hermann Oncken,journal-article,Historische Zeitschrift,82,1,385-435,10.1524/hzhz.1899.82.jg.385,https://doi.org/10.1524/hzhz.1899.82.jg.385,,Arthur Oncken Lovejoy
Crossref,1896,Letter from Switzerland,August Oncken,journal-article,The Economic Journal,6,22,308,10.2307/2956523,https://doi.org/10.2307/2956523,,Arthur Oncken Lovejoy
Crossref,1897,Letter from Switzerland,A. Oncken,journal-article,The Economic Journal,7,26,288,10.2307/2957262,https://doi.org/10.2307/2957262,,Arthur Oncken Lovejoy
Crossref,1915,American Opinion of Germany,Herman Oncken,journal-article,Current History,2,6,1141-1144,10.1525/curh.1915.2.6.1141,https://doi.org/10.1525/curh.1915.2.6.1141,,Arthur Oncken Lovejoy
Crossref,1898,"Letter from Switzerland, 1897-98",A. Oncken,journal-article,The Economic Journal,8,30,269,10.2307/2957374,https://doi.org/10.2307/2957374,,Arthur Oncken Lovejoy
Crossref,1937,Nation und Geschichte: Reden und Aufsätze,Sidney B. Fay; Hermann Oncken,journal-article,Books Abroad,11,1,44,10.2307/40077877,https://doi.org/10.2307/40077877,,Arthur Oncken Lovejoy
Crossref,1963,Communication As A Tool Of Management,William Oncken,proceedings-article,Fall Meeting of the Society of Petroleum Engineers of AIME,,,,10.2118/670-ms,https://doi.org/10.2118/670-ms,,Arthur Oncken Lovejoy
Crossref,1915,Carl Schurz. Über Demokratie und Deutschamerikanertum,Hermann Oncken,journal-article,Historische Zeitschrift,114,1,302-320,10.1524/hzhz.1915.114.jg.302,https://doi.org/10.1524/hzhz.1915.114.jg.302,,Arthur Oncken Lovejoy
Crossref,1921,Friedrich Engels und die Anfänge des deutschen Kommunismus,Hermann Oncken,journal-article,Historische Zeitschrift,123,1,239-266,10.1524/hzhz.1921.123.jg.239,https://doi.org/10.1524/hzhz.1921.123.jg.239,,Arthur Oncken Lovejoy
Crossref,1897,The Consistency of Adam Smith,August Oncken,journal-article,The Economic Journal,7,27,443,10.2307/2957137,https://doi.org/10.2307/2957137,,Arthur Oncken Lovejoy
Crossref,1931,II—The German Stand for Treaty Revision,Hermann Oncken,journal-article,Current History,34,5,652-658,10.1525/curh.1931.34.5.652,https://doi.org/10.1525/curh.1931.34.5.652,,Arthur Oncken Lovejoy
Crossref,1934,17. PRUSSIA AND POLAND IN THE NINETEENTH CENTURY,Hermann Oncken,book-chapter,Germany and Poland in Their Historical Relations,,,214-237,10.1515/9783486768299-018,https://doi.org/10.1515/9783486768299-018,,Arthur Oncken Lovejoy
Crossref,1959,WANDLUNGEN DES GESCHICHTSBILDES IN REVOLUTIONÄREN EPOCHEN,HERMANN ONCKEN,journal-article,Historische Zeitschrift,189,1,124-138,10.1524/hzhz.1959.189.jg.124,https://doi.org/10.1524/hzhz.1959.189.jg.124,,Arthur Oncken Lovejoy
Crossref,1936,Das Deutsche Reich und die Vorgeschichte des Weltkrieges,Sidney B. Fay; Hermann Oncken,journal-article,Books Abroad,10,2,197,10.2307/40077414,https://doi.org/10.2307/40077414,,Arthur Oncken Lovejoy
Crossref,1903,Geschichte der Nationalokonomie.,Henry Higgs; August Oncken,journal-article,The Economic Journal,13,52,612,10.2307/2221339,https://doi.org/10.2307/2221339,,Arthur Oncken Lovejoy
Crossref,1936,Nation und Geschichte: Reden und Aufsätze,Sidney B. Fay; Herman Oncken,journal-article,Books Abroad,10,2,167,10.2307/40077306,https://doi.org/10.2307/40077306,,Arthur Oncken Lovejoy
Crossref,1934,17. LA PRUSSE ET LA POLOGNE AU XIX ÈME SIÈCLE,Hermann Oncken,book-chapter,L’Allemagne et la Pologne,,,223-247,10.1515/9783486767278-018,https://doi.org/10.1515/9783486767278-018,,Arthur Oncken Lovejoy
Crossref,1936,"Primitivism and Related Ideas in Antiquity. By Arthur O. Lovejoy and George Boas. With supplementary essays by W. F. Albright and P. E. Dumont. (Baltimore: Johns Hopkins Press; London: Oxford University Press, Humphrey Milford. 1935. Pp. xv + 482. Price $5; 22s.)",J. R. de la H. Marett,journal-article,Philosophy,11,42,248-249,10.1017/s0031819100033878,https://doi.org/10.1017/s0031819100033878,,Arthur Oncken Lovejoy
Crossref,1894,Die Denkwürdigkeiten der Markgräfin Friederike Sophie Wilhelmine von Bayreuth und die englisch-preußische Heiratsverhandlung von 1730,Karl Bernbeck,edited-book,,,,,10.1515/9783111405391,https://doi.org/10.1515/9783111405391,,Arthur Oncken Lovejoy
Crossref,1920,Michigan's millions of idle acres,P. S. Lovejoy; Fred E. Janette,monograph,,,,,10.5962/bhl.title.26795,https://doi.org/10.5962/bhl.title.26795,,Arthur Oncken Lovejoy
Crossref,1968,The logical consistency of person perception,David A. Summers; Gerald R. Oncken,journal-article,Psychonomic Science,10,2,63-64,10.3758/bf03331408,https://doi.org/10.3758/bf03331408,,Arthur Oncken Lovejoy
Crossref,1915,Historisch-Politische Aufsatze und Reden,Roland G. Usher; Hermann Oncken,journal-article,The American Historical Review,20,2,407,10.2307/1835492,https://doi.org/10.2307/1835492,,Arthur Oncken Lovejoy
Crossref,1900,Ein vermeintliches Revolutionsprogramm aus den Anfängen der deutschen Fürstenverschwörung,Hermann Oncken,journal-article,Historische Zeitschrift,85,1,453-464,10.1524/hzhz.1900.85.jg.453,https://doi.org/10.1524/hzhz.1900.85.jg.453,,Arthur Oncken Lovejoy
Crossref,1932,DIE BADEN-BADENER DENKSCHRIFT BISMARCKS ÜBER DIE DEUTSCHE BUNDESREFORM (JULI 1861),HERMANN ONCKEN,journal-article,Historische Zeitschrift,145,1,106-130,10.1524/hzhz.1932.145.jg.106,https://doi.org/10.1524/hzhz.1932.145.jg.106,,Arthur Oncken Lovejoy
Crossref,1910,Bennigsen und die Epochen des parlamentarischen Liberalismus in Deutschland und Preußen,Hermann Oncken,journal-article,Historische Zeitschrift,104,1,53-79,10.1524/hzhz.1910.104.jg.53,https://doi.org/10.1524/hzhz.1910.104.jg.53,,Arthur Oncken Lovejoy
Crossref,1903,"Geschichte der Nationalokonomie, <i>by August Oncken</i>",Edwin R. A. Seligman,journal-article,Political Science Quarterly,18,2,350-352,10.2307/2140697,https://doi.org/10.2307/2140697,,Arthur Oncken Lovejoy
Crossref,1919,Über die Zusammenhänge zwischen äußerer und innerer Politik,Hermann Oncken,book-chapter,Über die Zusammenhänge zwischen äußerer und innerer Politik,,,7-40,10.1007/978-3-663-15787-8_1,https://doi.org/10.1007/978-3-663-15787-8_1,,Arthur Oncken Lovejoy
Crossref,1909,The child in industry,Owen R. Lovejoy,dataset,PsycEXTRA Dataset,,,,10.1037/e533612009-121,https://doi.org/10.1037/e533612009-121,,Arthur Oncken Lovejoy
Crossref,1947,Hermann Oncken und Erich Brandenburg,Karl Griewank,journal-article,Zeitschrift der Savigny-Stiftung für Rechtsgeschichte. Germanistische Abteilung,65,1,484-487,10.7767/zrgga.1947.65.1.484,https://doi.org/10.7767/zrgga.1947.65.1.484,,Arthur Oncken Lovejoy
Crossref,1959,ARTHUR BAUMGARTEN,Karl Polak,book-chapter,Arthur Baumgarten,,,7-48,10.1515/9783112533062-001,https://doi.org/10.1515/9783112533062-001,,Arthur Oncken Lovejoy
Crossref,1887,"Die Maxime Laissez faire et laissez passer, ihr Ursprung, ihr Werden.",E. R. A. S.; August Oncken,journal-article,Political Science Quarterly,2,4,706,10.2307/2139483,https://doi.org/10.2307/2139483,,Arthur Oncken Lovejoy
Crossref,1912,Sal vet swine book,F. D. Coburn; Robert. Evans; A. J. Lovejoy; E.C. Stone,monograph,,,,,10.5962/bhl.title.43687,https://doi.org/10.5962/bhl.title.43687,,Arthur Oncken Lovejoy
Crossref,1963,The Correspondence of Arthur Hugh Clough,,book-chapter,"The Correspondence of Arthur Hugh Clough, Vol. 1",,,,10.1093/oseo/instance.00197093,https://doi.org/10.1093/oseo/instance.00197093,,Arthur Oncken Lovejoy
Crossref,1936,Cromwell: Vier Essays Uber die Fuhrung einer Nation.,Heinrich P. Jordan; Hermann Oncken; Erwin Holzle,journal-article,American Sociological Review,1,2,305,10.2307/2084494,https://doi.org/10.2307/2084494,,Arthur Oncken Lovejoy
Crossref,1970,Conversation with Arthur C. Clarke,,other,Conversation with Arthur C. Clarke,,,,10.5040/9781350920217,https://doi.org/10.5040/9781350920217,,Arthur Oncken Lovejoy
Crossref,1904,<i>Geschichte der Nationalökonomie</i>. August Oncken,Carl C. Plehn,journal-article,Journal of Political Economy,12,3,420-423,10.1086/251056,https://doi.org/10.1086/251056,,Arthur Oncken Lovejoy
Crossref,1952,The Arthur adaptation of the Leiter International Performance Scale.,Grace Arthur,book,,,,,10.1037/13224-000,https://doi.org/10.1037/13224-000,,Arthur Oncken Lovejoy
Crossref,1965,Lovejoy: Martyr to Freedom (review),,journal-article,Civil War History,11,3,290-291,10.1353/cwh.1965.0093,https://doi.org/10.1353/cwh.1965.0093,,Arthur Oncken Lovejoy
Crossref,1951,404. To Messrs. Lovejoy. 27 February.,Anthony Trollope,book-chapter,The Letters of Anthony Trollope,,,,10.1093/oseo/instance.00193543,https://doi.org/10.1093/oseo/instance.00193543,,Arthur Oncken Lovejoy
Crossref,1968,INTERPERSONAL CONFLICT IN HETEROCULTURAL DYADS1,David A. Summers; Thomas R. Stewart; Gerald R. Oncken,journal-article,International Journal of Psychology,3,3,191-196,10.1080/00207596808247244,https://doi.org/10.1080/00207596808247244,,Arthur Oncken Lovejoy
Crossref,1936,Book Review: Johann Gerhard Oncken Und Die Anfange Des Deutschen Baptismus,W. O. Lewis,journal-article,Review &amp; Expositor,33,2,210-212,10.1177/003463733603300217,https://doi.org/10.1177/003463733603300217,,Arthur Oncken Lovejoy
Crossref,1914,Reply to Professor Lovejoy,James H. Leuba,journal-article,Ethics,24,4,452,10.1086/206853,https://doi.org/10.1086/206853,,Arthur Oncken Lovejoy
Crossref,1946,Hermann Oncken and the End of an Era,Felix E. Hirsch,journal-article,The Journal of Modern History,18,2,148-159,10.1086/237007,https://doi.org/10.1086/237007,,Arthur Oncken Lovejoy
Crossref,1940,Coleridge and Kant's Two Worlds,Arthur O. Lovejoy,journal-article,ELH,7,4,341,10.2307/2871524,https://doi.org/10.2307/2871524,,Arthur Oncken Lovejoy
Crossref,1968,Owen Lovejoy: Abolitionist in Congress (review),,journal-article,Civil War History,14,2,188-189,10.1353/cwh.1968.0014,https://doi.org/10.1353/cwh.1968.0014,,Arthur Oncken Lovejoy
Crossref,1911,The Import of Vitalism,A. O. Lovejoy,journal-article,Science,34,864,75-80,10.1126/science.34.864.75.b,https://doi.org/10.1126/science.34.864.75.b,,Arthur Oncken Lovejoy
Crossref,1907,Professor Ormond's philosophy.,Arthur O. Lovejoy,journal-article,Psychological Bulletin,4,11,339-349,10.1037/h0075121,https://doi.org/10.1037/h0075121,,Arthur Oncken Lovejoy
Crossref,1933,America’s Wandering Boys,Owen R. Lovejoy,journal-article,Current History,37,5,565-570,10.1525/curh.1933.37.5.565,https://doi.org/10.1525/curh.1933.37.5.565,,Arthur Oncken Lovejoy
Crossref,1909,Das Kausalitatsproblem der Biologie,A. O. Lovejoy,journal-article,Science,30,778,761-766,10.1126/science.30.778.761-a,https://doi.org/10.1126/science.30.778.761-a,,Arthur Oncken Lovejoy
Crossref,1965,"Methods of Estimating Reserves of Crude Oil, Natural Gas, and Natural Gas Liquids",Wallce Lovejoy,edited-book,,,,,10.56021/9780801803987,https://doi.org/10.56021/9780801803987,,Arthur Oncken Lovejoy
Crossref,1967,Laus Potentiae or the Praise of Realpolitik ? Hermann Oncken and More’s Utopia,Paul Akio Sawada,journal-article,Moreana,4 (Number 15-16,3-4,145-164,10.3366/more.1967.4.3-4.19,https://doi.org/10.3366/more.1967.4.3-4.19,,Arthur Oncken Lovejoy
Crossref,1962,"Aerosols, Bronchodilators and Mucolytic Agents",Frank W. Lovejoy; Paul E. Morrow,journal-article,Anesthesiology,23,4,460-472,10.1097/00000542-196207000-00006,https://doi.org/10.1097/00000542-196207000-00006,,Arthur Oncken Lovejoy
Crossref,1951,523. To Mr. Lovejoy. 23 July. Athenaeum Club.,Anthony Trollope,book-chapter,The Letters of Anthony Trollope,,,,10.1093/oseo/instance.00193666,https://doi.org/10.1093/oseo/instance.00193666,,Arthur Oncken Lovejoy
Crossref,1959,"Book Review: II. Historical Studies: Wie das Werk Begann, J. G. Oncken, Die Baptisten",William A. Mueller,journal-article,Review &amp; Expositor,56,3,301-302,10.1177/003463735905600317,https://doi.org/10.1177/003463735905600317,,Arthur Oncken Lovejoy
Crossref,1924,Committees,Arthur O. Lovejoy,journal-article,Bulletin of the American Association of University Professors,10,6,11,10.2307/40217333,https://doi.org/10.2307/40217333,,Arthur Oncken Lovejoy
Crossref,1911,William James as Philosopher,Arthur O. Lovejoy,journal-article,Ethics,21,2,125,10.1086/206575,https://doi.org/10.1086/206575,,Arthur Oncken Lovejoy
Crossref,1911,Wilhelm Oncken. 253. Wie König Wilhelm deutscher Kaiser wurde - 280. Sprichwörter,,book-chapter,Für das achte und neunte Schuljahr,,,403-493,10.1515/9783112350645-004,https://doi.org/10.1515/9783112350645-004,,Arthur Oncken Lovejoy
Crossref,1923,Rousseau's Pessimist,Arthur O. Lovejoy,journal-article,Modern Language Notes,38,8,449,10.2307/2915231,https://doi.org/10.2307/2915231,,Arthur Oncken Lovejoy
Crossref,1963,The Great Chain of Being,Arthur O. Lovejoy,edited-book,,,,,10.4159/9780674040335,https://doi.org/10.4159/9780674040335,,Arthur Oncken Lovejoy
Crossref,1969,Review: Über das Schickliche. Studien zur Geschichte der Architekturtheorie 1 by Alste Horn-Oncken,Wolfgang Herrmann,journal-article,Journal of the Society of Architectural Historians,28,2,143-145,10.2307/988514,https://doi.org/10.2307/988514,,Arthur Oncken Lovejoy
Crossref,1906,On Kant’s Reply to Hume.,Arthur Lovejoy,journal-article,Archiv für Geschichte der Philosophie,19,3,,10.1515/agph.1906.19.3.380,https://doi.org/10.1515/agph.1906.19.3.380,,Arthur Oncken Lovejoy
Crossref,1961,Gas Rate Fundamentals,Wallace F. Lovejoy,journal-article,Southern Economic Journal,27,3,254,10.2307/1055102,https://doi.org/10.2307/1055102,,Arthur Oncken Lovejoy
Crossref,1905,Hobbes.,A. O. Lovejoy; Leslie Stephen,journal-article,The Philosophical Review,14,1,97,10.2307/2176433,https://doi.org/10.2307/2176433,,Arthur Oncken Lovejoy
Crossref,1911,The Import of Vitalism,A. O. Lovejoy,journal-article,Science,34,864,75-80,10.1126/science.34.864.75-b,https://doi.org/10.1126/science.34.864.75-b,,Arthur Oncken Lovejoy
Crossref,1962,Nuclear orientation of Tb156,C.A. Lovejoy; D.A. Shirley,journal-article,Nuclear Physics,30,,452-461,10.1016/0029-5582(62)90069-x,https://doi.org/10.1016/0029-5582(62)90069-x,,Arthur Oncken Lovejoy
Crossref,1913,The Practical Tendencies of Bergsonism. II,Arthur O. Lovejoy,journal-article,Ethics,23,4,419,10.1086/206767,https://doi.org/10.1086/206767,,Arthur Oncken Lovejoy
Crossref,1930,Ethics.,Arthur O. Lovejoy; Frank Chapman Sharp,journal-article,The Philosophical Review,39,6,613,10.2307/2179689,https://doi.org/10.2307/2179689,,Arthur Oncken Lovejoy
Crossref,1964,The Modern Family.,Albert Lovejoy; Robert F. Winch,journal-article,Social Forces,43,1,114,10.2307/2575980,https://doi.org/10.2307/2575980,,Arthur Oncken Lovejoy
Crossref,1920,Lafayette College,Arthur O. Lovejoy,journal-article,Bulletin of the American Association of University Professors,6,6,10,10.2307/40216992,https://doi.org/10.2307/40216992,,Arthur Oncken Lovejoy
Crossref,1933,Monboddo and Rousseau,Arthur O. Lovejoy,journal-article,Modern Philology,30,3,275-296,10.1086/388043,https://doi.org/10.1086/388043,,Arthur Oncken Lovejoy
Crossref,1911,The Meaning of Vitalism,Arthur O. Lovejoy,journal-article,Science,33,851,610-614,10.1126/science.33.851.610,https://doi.org/10.1126/science.33.851.610,,Arthur Oncken Lovejoy
Crossref,1970,Conversation With Playwrights: Arthur Miller and Israel Horovitz,,other,Conversation With Playwrights: Arthur Miller and Israel Horovitz,,,,10.5040/9781350920200,https://doi.org/10.5040/9781350920200,,Arthur Oncken Lovejoy
Crossref,1970,The Contingency Model: Criticism and Suggestions.,T. R. Mitchell; A. Biglan; G. R. Oncken; F. E. Fiedler,journal-article,Academy of Management Journal,13,3,253-267,10.2307/254963,https://doi.org/10.2307/254963,,Arthur Oncken Lovejoy
Crossref,1945,Alva Bush Lovejoy,,journal-article,The Annals of Iowa,26,3,241-242,10.17077/0003-4827.6382,https://doi.org/10.17077/0003-4827.6382,,Arthur Oncken Lovejoy
Crossref,1936,Hilfsworterbuch fur Historiker: Mittelalter und Neuzeit,Eugene N. Anderson; Geleitwort von Hermann Oncken; Joseph Friedrich Wallach; Eugen Haberkern,journal-article,The American Historical Review,42,1,85,10.2307/1840269,https://doi.org/10.2307/1840269,,Arthur Oncken Lovejoy
Crossref,1921,Profit-Sharing and Industrial Peace,Arthur O. Lovejoy,journal-article,Ethics,31,3,241,10.1086/207291,https://doi.org/10.1086/207291,,Arthur Oncken Lovejoy
Crossref,1914,The Association of University Professors,Arthur O. Lovejoy,journal-article,Science,40,1038,744-745,10.1126/science.40.1038.744,https://doi.org/10.1126/science.40.1038.744,,Arthur Oncken Lovejoy
Crossref,1936,Friedrich Gilly. Forschungen zur Deutschen Kunstgeschichte Band V. Jahresgabe des Deutschen Vereins fur Kunstwissenschaft 1935,Georg Poensgen; Alste Oncken,journal-article,Zeitschrift für Kunstgeschichte,5,2/3,170,10.2307/1480976,https://doi.org/10.2307/1480976,,Arthur Oncken Lovejoy
Crossref,1922,Reply to Professor Babbitt,Arthur O. Lovejoy,journal-article,Modern Language Notes,37,5,268,10.2307/2915200,https://doi.org/10.2307/2915200,,Arthur Oncken Lovejoy
Crossref,1913,The Practical Tendencies of Bergsonism. I,Arthur O. Lovejoy,journal-article,Ethics,23,3,253,10.1086/206744,https://doi.org/10.1086/206744,,Arthur Oncken Lovejoy
Crossref,1912,The duty of superintendents in the enforcement of child-labor laws,Owen R. Lovejoy,dataset,PsycEXTRA Dataset,,,,10.1037/e533642009-053,https://doi.org/10.1037/e533642009-053,,Arthur Oncken Lovejoy
Crossref,1968,The Kalman Filter in Transfer Alignment of Airborne Inertial Guidance Systems,Jr. Sutherland; Gelb Arthur A.; Arthur,report,,,,,10.21236/ad0851067,https://doi.org/10.21236/ad0851067,,Arthur Oncken Lovejoy
Crossref,1924,Pastness and Transcendence,Arthur O. Lovejoy,journal-article,The Journal of Philosophy,21,22,601,10.2307/2014483,https://doi.org/10.2307/2014483,,Arthur Oncken Lovejoy
Crossref,1920,Rousseau and Romanticism.,Arthur O. Lovejoy; Irving Babbitt,journal-article,Modern Language Notes,35,5,302,10.2307/2914839,https://doi.org/10.2307/2914839,,Arthur Oncken Lovejoy
Crossref,1927,"The Meanings of ""Emergence"" and its Modes",Arthur O. Lovejoy,book-chapter,Proceedings of the Sixth International Congress of Philosophy,,,20-33,10.5840/wcp6192720,https://doi.org/10.5840/wcp6192720,,Arthur Oncken Lovejoy
Crossref,1917,Progress in Philosophical Inquiry,Arthur O. Lovejoy,journal-article,The Philosophical Review,26,5,537,10.2307/2178048,https://doi.org/10.2307/2178048,,Arthur Oncken Lovejoy
Crossref,1927,""" Nature "" as Aesthetic Norm",Arthur O. Lovejoy,journal-article,Modern Language Notes,42,7,444,10.2307/2913933,https://doi.org/10.2307/2913933,,Arthur Oncken Lovejoy
Crossref,1917,Forest Biology,P. S. Lovejoy,journal-article,Journal of Forestry,15,2,203-214,10.1093/jof/15.2.203,https://doi.org/10.1093/jof/15.2.203,,Arthur Oncken Lovejoy
Crossref,1928,Accounting Procedure for School Systems (Book).,Philip Lovejoy,journal-article,The Accounting Review,3,2,219-220,10.2308/tar-8591785,https://doi.org/10.2308/tar-8591785,,Arthur Oncken Lovejoy
Crossref,1921,'Pride' in Eighteenth-Century Thought,Arthur O. Lovejoy,journal-article,Modern Language Notes,36,1,31,10.2307/2914820,https://doi.org/10.2307/2914820,,Arthur Oncken Lovejoy
Crossref,1909,The Obsolescence of the Eternal,Arthur O. Lovejoy,journal-article,The Philosophical Review,18,5,479,10.2307/2177450,https://doi.org/10.2307/2177450,,Arthur Oncken Lovejoy
Crossref,1923,IV.—‘REPRESENTATIVE IDEAS’ IN MALEBRANCHE AND ARNAULD,A. O. LOVEJOY,journal-article,Mind,XXXII,128,449-461,10.1093/mind/xxxii.128.449,https://doi.org/10.1093/mind/xxxii.128.449,,Arthur Oncken Lovejoy
Crossref,1919,Arthur Cann's spring catalog /,Arthur. Cann,monograph,,,,,10.5962/bhl.title.117576,https://doi.org/10.5962/bhl.title.117576,,Arthur Oncken Lovejoy
Crossref,1937,Milton and the Paradox of the Fortunate Fall,Arthur O. Lovejoy,journal-article,ELH,4,3,161,10.2307/2871531,https://doi.org/10.2307/2871531,,Arthur Oncken Lovejoy
Crossref,1913,The Metamorphosis of the Carnegie Foundation,Arthur O. Lovejoy,journal-article,Science,37,954,546-552,10.1126/science.37.954.546,https://doi.org/10.1126/science.37.954.546,,Arthur Oncken Lovejoy
Crossref,1926,III. Kapitel. Arthur Schopenhauers Stellung zum Weibe,,book-chapter,Die Wurzeln des Frauenhasses bei Arthur Schopenhauer,,,43-65,10.1515/9783111411033-004,https://doi.org/10.1515/9783111411033-004,,Arthur Oncken Lovejoy
Crossref,1946,Ellsworth Lovejoy Redfern,,journal-article,The Annals of Iowa,27,3,254-255,10.17077/0003-4827.6461,https://doi.org/10.17077/0003-4827.6461,,Arthur Oncken Lovejoy
Crossref,1942,John Lovejoy Elliott: 1868-1942,,journal-article,Social Service Review,16,2,341-341,10.1086/634006,https://doi.org/10.1086/634006,,Arthur Oncken Lovejoy
Crossref,1965,SURPRISED BY LOVEJOY,MARK ROBERTS,journal-article,Essays in Criticism,XV,1,118-130,10.1093/eic/xv.1.118,https://doi.org/10.1093/eic/xv.1.118,,Arthur Oncken Lovejoy
Crossref,1961,"Owen R. Lovejoy, 1866-1961",,journal-article,Social Service Review,35,4,439-439,10.1086/641149,https://doi.org/10.1086/641149,,Arthur Oncken Lovejoy
Crossref,1933,Morris's Six Theories of Mind,Arthur O. Lovejoy,journal-article,The Philosophical Review,42,6,617,10.2307/2180010,https://doi.org/10.2307/2180010,,Arthur Oncken Lovejoy
Crossref,1959,"Pilgram Marbeck. Em Führer der Täuferbewegung im süddeutschen Raum. By Jan J. Kiwiet. Kassel: J. G. Oncken, 1957. 174 pp. DM 6.",Hans J. Hillerbrand,journal-article,Church History,28,1,100-101,10.2307/3161700,https://doi.org/10.2307/3161700,,Arthur Oncken Lovejoy
Crossref,1917,Arthur Cann's spring catalog /,Arthur. Cann,monograph,,,,,10.5962/bhl.title.113688,https://doi.org/10.5962/bhl.title.113688,,Arthur Oncken Lovejoy
Crossref,1967,[Letter from Snowden Arthur],Snowden Arthur,journal-article,The English Journal,56,1,140,10.2307/812712,https://doi.org/10.2307/812712,,Arthur Oncken Lovejoy
Crossref,1916,Arthur Cann's spring catalog : 1916 /,Arthur. Cann,monograph,,,,,10.5962/bhl.title.112084,https://doi.org/10.5962/bhl.title.112084,,Arthur Oncken Lovejoy
Crossref,1933,CERTAIN SAMARITANS,ESTHER POHL LOVEJOY,journal-article,"AJN, American Journal of Nursing",33,10,1016,10.1097/00000446-193310000-00050,https://doi.org/10.1097/00000446-193310000-00050,,Arthur Oncken Lovejoy
Crossref,1966,Analysis of the overlearning reversal effect.,Elijah Lovejoy,journal-article,Psychological Review,73,1,87-103,10.1037/h0022687,https://doi.org/10.1037/h0022687,,Arthur Oncken Lovejoy
Crossref,1906,IV.—KANT'S ANTITHESIS OF DOGMATISM AND CRITICISM,ARTHUR O. LOVEJOY,journal-article,Mind,XV,58,191-214,10.1093/mind/xv.58.191,https://doi.org/10.1093/mind/xv.58.191,,Arthur Oncken Lovejoy
Crossref,1889,Is Man Left-Legged?,Fred'k A. Lovejoy; Francis H. Allen,journal-article,Science,ns-14,358,412-412,10.1126/science.ns-14.358.412-b,https://doi.org/10.1126/science.ns-14.358.412-b,,Arthur Oncken Lovejoy
Crossref,1932,The Parallel of Deism and Classicism,Arthur O. Lovejoy,journal-article,Modern Philology,29,3,281-299,10.1086/387970,https://doi.org/10.1086/387970,,Arthur Oncken Lovejoy
Crossref,1962,"Temperature scales above 1,000°C",D. R. Lovejoy,journal-article,Pure and Applied Chemistry,5,3-4,565-578,10.1351/pac196205030565,https://doi.org/10.1351/pac196205030565,,Arthur Oncken Lovejoy
Crossref,1950,Terminal and Adjectival Values,Arthur O. Lovejoy,journal-article,The Journal of Philosophy,47,21,593,10.2307/2021804,https://doi.org/10.2307/2021804,,Arthur Oncken Lovejoy
Crossref,1951,326. To Mr. Lovejoy. 27 February. Waltham Cross.,Anthony Trollope,book-chapter,The Letters of Anthony Trollope,,,196-196,10.1093/oseo/instance.00193463,https://doi.org/10.1093/oseo/instance.00193463,,Arthur Oncken Lovejoy
Crossref,1925,Reconstruction of Filters at Louisville,W. H. Lovejoy,journal-article,Journal AWWA,14,4,352-356,10.1002/j.1551-8833.1925.tb13336.x,https://doi.org/10.1002/j.1551-8833.1925.tb13336.x,,Arthur Oncken Lovejoy
Crossref,1911,Schopenhauer as an Evolutionist,Arthur O. Lovejoy,journal-article,Monist,21,2,195-222,10.5840/monist191121240,https://doi.org/10.5840/monist191121240,,Arthur Oncken Lovejoy
Crossref,1955,American Painting in Early Nineteenth-Century Gift Books,David S. Lovejoy,journal-article,American Quarterly,7,4,345,10.2307/2710429,https://doi.org/10.2307/2710429,,Arthur Oncken Lovejoy
Crossref,1922,Child Labor in the United States,Owen R. Lovejoy,journal-article,Current History,16,4,617-620,10.1525/curh.1922.16.4.617,https://doi.org/10.1525/curh.1922.16.4.617,,Arthur Oncken Lovejoy
Crossref,1963,1829,,book-chapter,"The Correspondence of Arthur Hugh Clough, Vol. 1",,,,10.1093/oseo/instance.00197094,https://doi.org/10.1093/oseo/instance.00197094,,Arthur Oncken Lovejoy
Crossref,1922,The Paradox of the Thinking Behaviorist,Arthur O. Lovejoy,journal-article,The Philosophical Review,31,2,135,10.2307/2178913,https://doi.org/10.2307/2178913,,Arthur Oncken Lovejoy
Crossref,1922,Pragmatism and the New Materialism,Arthur O. Lovejoy,journal-article,The Journal of Philosophy,19,1,5,10.2307/2939682,https://doi.org/10.2307/2939682,,Arthur Oncken Lovejoy
Crossref,1926,Die Rheinpolitik Kaiser Napoleons III. von 1863 bis 1870 und der Ursprung des Krieges von 1870-1871,R. H. Lord; Hermann Oncken,journal-article,The American Historical Review,32,1,109,10.2307/1836631,https://doi.org/10.2307/1836631,,Arthur Oncken Lovejoy
Crossref,1963,"Stress analysis of ship-suspended heavily loaded cables for deep underater emplacements / Arthur D. Little, Inc.",,monograph,,,,,10.5962/bhl.title.47281,https://doi.org/10.5962/bhl.title.47281,,Arthur Oncken Lovejoy
Crossref,1925,James Harrington's Oceana.,Arthur O. Lovejoy; S. B. Liljegren,journal-article,Modern Language Notes,40,4,245,10.2307/2914292,https://doi.org/10.2307/2914292,,Arthur Oncken Lovejoy
Crossref,1927,The Meanings of ‘emergence’ and Its Modes,Arthur O. Lovejoy,journal-article,Philosophy,2,6,167-181,10.1017/s0031819100015199,https://doi.org/10.1017/s0031819100015199,,Arthur Oncken Lovejoy
Crossref,1947,A Rejoinder to Professor Lovejoy,Henry Veatch,journal-article,Philosophy and Phenomenological Research,7,4,622,10.2307/2102987,https://doi.org/10.2307/2102987,,Arthur Oncken Lovejoy
Crossref,1937,Correction: [Milton and the Paradox of the Fortunate Fall],Arthur O. Lovejoy,journal-article,ELH,4,4,330,10.2307/2871637,https://doi.org/10.2307/2871637,,Arthur Oncken Lovejoy
Crossref,1945,ROY ARNOLD LOVEJOY,,journal-article,Medical Journal of Australia,1,6,164-164,10.5694/j.1326-5377.1945.tb54540.x,https://doi.org/10.5694/j.1326-5377.1945.tb54540.x,,Arthur Oncken Lovejoy
Crossref,1913,Error and the New Realism,A. O. Lovejoy,journal-article,The Philosophical Review,22,4,410,10.2307/2178389,https://doi.org/10.2307/2178389,,Arthur Oncken Lovejoy
Crossref,1911,Easter Carol,George Newell Lovejoy,journal-article,Journal of Education,73,15,399-399,10.1177/002205741107301503,https://doi.org/10.1177/002205741107301503,,Arthur Oncken Lovejoy
Crossref,1948,Comment on Mr. Pegis's Rejoinder,Arthur O. Lovejoy,journal-article,Philosophy and Phenomenological Research,9,2,284,10.2307/2103394,https://doi.org/10.2307/2103394,,Arthur Oncken Lovejoy
Crossref,1938,Professional Association or Trade Union?,Arthur O. Lovejoy,journal-article,Bulletin of the American Association of University Professors,24,5,409,10.2307/40219424,https://doi.org/10.2307/40219424,,Arthur Oncken Lovejoy
Crossref,1907,Breaker Boys in Pennsylvania,Owen R. Lovejoy,journal-article,Journal of Education,66,15,410-411,10.1177/002205740706601521,https://doi.org/10.1177/002205740706601521,,Arthur Oncken Lovejoy
Crossref,1932,"The Travels of Peter, Paul, and Zebedee",Arthur O. Lovejoy,journal-article,The Philosophical Review,41,5,498,10.2307/2180063,https://doi.org/10.2307/2180063,,Arthur Oncken Lovejoy
Crossref,1923,Child Labor and Education,Owen R. Lovejoy,journal-article,Journal of Education,97,24,656-659,10.1177/002205742309702404,https://doi.org/10.1177/002205742309702404,,Arthur Oncken Lovejoy
Crossref,1968,Anhydrous iron(III) nitrate,D. J. Lovejoy; A. J. Vosper,journal-article,Chemical Communications (London),,20,1208a,10.1039/c1968001208a,https://doi.org/10.1039/c1968001208a,,Arthur Oncken Lovejoy
Crossref,1920,Schiller and the Genesis of Romanticism,Arthur O. Lovejoy,journal-article,Modern Language Notes,35,1,1,10.2307/2915339,https://doi.org/10.2307/2915339,,Arthur Oncken Lovejoy
Crossref,1926,II.Kapitel. Das Verhältnis Arthur Schopenhauers zu feinen Eltern,,book-chapter,Die Wurzeln des Frauenhasses bei Arthur Schopenhauer,,,16-42,10.1515/9783111411033-003,https://doi.org/10.1515/9783111411033-003,,Arthur Oncken Lovejoy
Crossref,1919,An Uncommon Ice Formation,Frederick A. Lovejoy; Francis H. Allen,journal-article,Science,49,1257,119-120,10.1126/science.49.1257.119-b,https://doi.org/10.1126/science.49.1257.119-b,,Arthur Oncken Lovejoy
Crossref,1919,An Uncommon Ice Formation,Frederick A. Lovejoy; Francis H. Allen,journal-article,Science,49,1257,119-120,10.1126/science.49.1257.119.b,https://doi.org/10.1126/science.49.1257.119.b,,Arthur Oncken Lovejoy
Crossref,1967,Premarital Sex in a Changing Society.,Albert E. Lovejoy; Robert R. Bell,journal-article,Social Forces,46,1,143,10.2307/2575372,https://doi.org/10.2307/2575372,,Arthur Oncken Lovejoy
Crossref,1889,Is Man Left-Legged?,Fred'k A. Lovejoy; Francis H. Allen,journal-article,Science,ns-14,358,412-412,10.1126/science.ns-14.358.412.b,https://doi.org/10.1126/science.ns-14.358.412.b,,Arthur Oncken Lovejoy
Crossref,1961,Sensitive Diaphragm Type Pressure Transducer,D. R. Lovejoy,journal-article,Review of Scientific Instruments,32,1,41-43,10.1063/1.1717141,https://doi.org/10.1063/1.1717141,,Arthur Oncken Lovejoy
Crossref,1910,The Retrospective Anticipations of the Carnegie Foundation,Arthur O. Lovejoy,journal-article,Science,31,794,414-415,10.1126/science.31.794.414,https://doi.org/10.1126/science.31.794.414,,Arthur Oncken Lovejoy
Crossref,1964,I. Early Life Of Arthur Hamilton Gordon,,book-chapter,The Career of Arthur Hamilton Gordon,,,1-15,10.3138/9781442652699-003,https://doi.org/10.3138/9781442652699-003,,Arthur Oncken Lovejoy
Crossref,1942,"Bibliography of The Writings of Edgar Arthur Singer, Jr.",,book-chapter,Philosophical Essays,,,373-378,10.9783/9781512815245-023,https://doi.org/10.9783/9781512815245-023,,Arthur Oncken Lovejoy
Crossref,1931,The Paradox of the Time-Retarding Journey,Arthur O. Lovejoy,journal-article,The Philosophical Review,40,2,152,10.2307/2180201,https://doi.org/10.2307/2180201,,Arthur Oncken Lovejoy
Crossref,1932,Dualisms Good and Bad (II),Arthur O. Lovejoy,journal-article,The Journal of Philosophy,29,14,375,10.2307/2016371,https://doi.org/10.2307/2016371,,Arthur Oncken Lovejoy
Crossref,1914,Forty years' experience of a practical hog man; a practical book for the pure bred swine breeder and farmer,Andrew James Lovejoy,monograph,,,,,10.5962/bhl.title.42519,https://doi.org/10.5962/bhl.title.42519,,Arthur Oncken Lovejoy
Crossref,1907,Kant's Classification of the Forms of Judgment,Arthur O. Lovejoy,journal-article,The Philosophical Review,16,6,588,10.2307/2177294,https://doi.org/10.2307/2177294,,Arthur Oncken Lovejoy
Crossref,1915,Organization of the American Association of University Professors,A. O. Lovejoy,journal-article,Science,41,1048,151-154,10.1126/science.41.1048.151,https://doi.org/10.1126/science.41.1048.151,,Arthur Oncken Lovejoy
Crossref,1963,Some Boiling and Triple Points Below 0° C,D. R. LOVEJOY,journal-article,Nature,197,4865,353-354,10.1038/197353a0,https://doi.org/10.1038/197353a0,,Arthur Oncken Lovejoy
Crossref,1963,Reflections on Human Nature.,W. T. Stace; Arthur O. Lovejoy,journal-article,The Philosophical Review,72,1,111,10.2307/2183069,https://doi.org/10.2307/2183069,,Arthur Oncken Lovejoy
Crossref,1925,MYCETOMA,EDWARD D. LOVEJOY,journal-article,Archives of Dermatology and Syphilology,11,1,71,10.1001/archderm.1925.02370010084004,https://doi.org/10.1001/archderm.1925.02370010084004,,Arthur Oncken Lovejoy
Crossref,1963,Reflections on Human Nature.,I. G. Wallace; Arthur O. Lovejoy,journal-article,The Philosophical Quarterly,13,53,369,10.2307/2955534,https://doi.org/10.2307/2955534,,Arthur Oncken Lovejoy
Crossref,1938,?The passing of Arthur? and ?Ymadawiad Arthur?,G. J. Visser,journal-article,Neophilologus,23,1,46-52,10.1007/bf01526399,https://doi.org/10.1007/bf01526399,,Arthur Oncken Lovejoy
Crossref,1920,Spring garden guide 1920 /,,monograph,,,,,10.5962/bhl.title.120310,https://doi.org/10.5962/bhl.title.120310,,Arthur Oncken Lovejoy
Crossref,1952,Report on Quality Factors in Processed Vege-Table Products,Rodney D Lovejoy,journal-article,Journal of AOAC INTERNATIONAL,35,2,179-181,10.1093/jaoac/35.2.179a,https://doi.org/10.1093/jaoac/35.2.179a,,Arthur Oncken Lovejoy
Crossref,1918,Spring 1918 garden guide /,,monograph,,,,,10.5962/bhl.title.116419,https://doi.org/10.5962/bhl.title.116419,,Arthur Oncken Lovejoy
Crossref,1952,"The Tableau Economique of Francois Quesnay: An Essay in the Explanation of Its Mechanism and a Critical Review of the Interpretations of Marx, Bilimovic and Oncken.",Henri Woog,journal-article,Economica,19,75,348,10.2307/2550682,https://doi.org/10.2307/2550682,,Arthur Oncken Lovejoy
Crossref,1928,<i>Certain Samaritans</i>. Esther Pohl Lovejoy,,journal-article,Social Service Review,2,3,528-528,10.1086/630431,https://doi.org/10.1086/630431,,Arthur Oncken Lovejoy
Crossref,1917,1917 spring garden guide /,,monograph,,,,,10.5962/bhl.title.114619,https://doi.org/10.5962/bhl.title.114619,,Arthur Oncken Lovejoy
Crossref,1931,The Time-Retarding Journey: A Reply,Arthur O. Lovejoy,journal-article,The Philosophical Review,40,6,549,10.2307/2180043,https://doi.org/10.2307/2180043,,Arthur Oncken Lovejoy
Crossref,1923,Amend the Constitution,Owes R. Lovejoy,journal-article,Journal of Education,97,9,237-237,10.1177/002205742309700906,https://doi.org/10.1177/002205742309700906,,Arthur Oncken Lovejoy
Crossref,1932,Dualisms Good and Bad (I),Arthur O. Lovejoy,journal-article,The Journal of Philosophy,29,13,337,10.2307/2016777,https://doi.org/10.2307/2016777,,Arthur Oncken Lovejoy
Crossref,1931,"Arthur A. Arenius, gladiolus grower",Arthur A. Arenius,monograph,,,,,10.5962/bhl.title.150276,https://doi.org/10.5962/bhl.title.150276,,Arthur Oncken Lovejoy
Crossref,1914,The Concept of Consciousness.,Arthur O. Lovejoy; Edwin B. Holt,journal-article,The Philosophical Review,23,6,664,10.2307/2178138,https://doi.org/10.2307/2178138,,Arthur Oncken Lovejoy
Crossref,1963,1835–9,,book-chapter,"The Correspondence of Arthur Hugh Clough, Vol. 1",,,,10.1093/oseo/instance.00197105,https://doi.org/10.1093/oseo/instance.00197105,,Arthur Oncken Lovejoy
Crossref,1942,Evidence: Admissibility of Hospital Records as Business Entries,Robert C. Lovejoy,journal-article,Michigan Law Review,40,7,1105,10.2307/1282871,https://doi.org/10.2307/1282871,,Arthur Oncken Lovejoy
Crossref,1914,Bergson and Romantic Evolutionism.,Nann Clark Barr; A. O. Lovejoy,journal-article,The Philosophical Review,23,5,576,10.2307/2178597,https://doi.org/10.2307/2178597,,Arthur Oncken Lovejoy
Crossref,1942,Youth Work Programs: Problems and Policies.,Gordon W. Lovejoy; Lewis L. Lorwin,journal-article,Social Forces,20,3,416,10.2307/3005654,https://doi.org/10.2307/3005654,,Arthur Oncken Lovejoy
Crossref,1932,Communications: Genesis of the Association,Arthur O. Lovejoy,journal-article,Bulletin of the American Association of University Professors,18,4,305,10.2307/40218899,https://doi.org/10.2307/40218899,,Arthur Oncken Lovejoy
Crossref,1962,Pulmonary Function in Diaphragmatic Paralysis,M. McCredie; F. W. Lovejoy; N. L. Kaltreider,journal-article,Thorax,17,3,213-217,10.1136/thx.17.3.213,https://doi.org/10.1136/thx.17.3.213,,Arthur Oncken Lovejoy
Crossref,1963,1860–2,,book-chapter,"The Correspondence of Arthur Hugh Clough, Vol. 2",,,,10.1093/oseo/instance.00197633,https://doi.org/10.1093/oseo/instance.00197633,,Arthur Oncken Lovejoy
Crossref,1963,1830–4,,book-chapter,"The Correspondence of Arthur Hugh Clough, Vol. 1",,,,10.1093/oseo/instance.00197097,https://doi.org/10.1093/oseo/instance.00197097,,Arthur Oncken Lovejoy
Crossref,1927,"Die Rheinpolitik Kaiser Napoleons III von 1863 bis 1870 und der Ursprung des Krieges von 1870-1871, <i>by Hermann Oncken</i>",William L. Langer,journal-article,Political Science Quarterly,42,2,294-296,10.2307/2142796,https://doi.org/10.2307/2142796,,Arthur Oncken Lovejoy
Crossref,1949,Essays in the History of Ideas.,Arnold Isenberg; Arthur O. Lovejoy,journal-article,The Philosophical Review,58,4,372,10.2307/2182084,https://doi.org/10.2307/2182084,,Arthur Oncken Lovejoy
Crossref,1964,Studies in Arthur Schnitzler,,edited-book,,,,,10.1353/book.75807,https://doi.org/10.1353/book.75807,,Arthur Oncken Lovejoy
Crossref,1924,Effect of Back Pressure on Wells in Brock Field,J.M. Lovejoy,journal-article,Transactions of the AIME,70,01,1153-1158,10.2118/924153-g,https://doi.org/10.2118/924153-g,,Arthur Oncken Lovejoy
Crossref,1963,1850–4,,book-chapter,"The Correspondence of Arthur Hugh Clough, Vol. 2",,,,10.1093/oseo/instance.00197398,https://doi.org/10.1093/oseo/instance.00197398,,Arthur Oncken Lovejoy
Crossref,1919,Annual Message of the President,Arthur O. Lovejoy,journal-article,Bulletin of the American Association of University Professors,5,7/8,10,10.2307/40216934,https://doi.org/10.2307/40216934,,Arthur Oncken Lovejoy
Crossref,1963,1840–4,,book-chapter,"The Correspondence of Arthur Hugh Clough, Vol. 1",,,,10.1093/oseo/instance.00197166,https://doi.org/10.1093/oseo/instance.00197166,,Arthur Oncken Lovejoy
Crossref,1913,Arthur Chuquet,,book-chapter,Charakteristiken,,,263-308,10.1515/9783111454610-014,https://doi.org/10.1515/9783111454610-014,,Arthur Oncken Lovejoy
Crossref,1933,Dualism and the Paradox of Reference,Arthur O. Lovejoy,journal-article,The Journal of Philosophy,30,22,589,10.2307/2016901,https://doi.org/10.2307/2016901,,Arthur Oncken Lovejoy
Crossref,1909,Professor Lovejoy on “Der vorchristliche Jesus”,W. B. Smith,journal-article,Monist,19,3,409-420,10.5840/monist190919311,https://doi.org/10.5840/monist190919311,,Arthur Oncken Lovejoy
Crossref,1963,1855–9,,book-chapter,"The Correspondence of Arthur Hugh Clough, Vol. 2",,,,10.1093/oseo/instance.00197532,https://doi.org/10.1093/oseo/instance.00197532,,Arthur Oncken Lovejoy
Crossref,1920,"Schiller and the Genesis of Romanticism, Part II",Arthur O. Lovejoy,journal-article,Modern Language Notes,35,3,136,10.2307/2915501,https://doi.org/10.2307/2915501,,Arthur Oncken Lovejoy
Crossref,1912,The Meaning of Driesch and the Meaning of Vitalism,Arthur O. Lovejoy,journal-article,Science,36,933,672-675,10.1126/science.36.933.672,https://doi.org/10.1126/science.36.933.672,,Arthur Oncken Lovejoy
Crossref,1963,1845–9,,book-chapter,"The Correspondence of Arthur Hugh Clough, Vol. 1",,,,10.1093/oseo/instance.00197206,https://doi.org/10.1093/oseo/instance.00197206,,Arthur Oncken Lovejoy
Crossref,1959,"Leben und Sterben des Zürcher Täuferführers Felix Mantz. By Ekkehard Krajewski. Kassel: J. G. Oncken, 1957. 162 pp. DM 6.",Cornelius J. Dyck,journal-article,Church History,28,1,100-100,10.2307/3161699,https://doi.org/10.2307/3161699,,Arthur Oncken Lovejoy
Crossref,1931,The Paradox of the Time-Retarding Journey (I.),Arthur O. Lovejoy,journal-article,The Philosophical Review,40,1,48,10.2307/2180278,https://doi.org/10.2307/2180278,,Arthur Oncken Lovejoy
Crossref,1910,Review of The Idea of the Soul.,Arthur O. Lovejoy,journal-article,Psychological Bulletin,7,10,354-358,10.1037/h0066407,https://doi.org/10.1037/h0066407,,Arthur Oncken Lovejoy
Crossref,1939,Present Standpoints and Past History,Arthur O. Lovejoy,journal-article,The Journal of Philosophy,36,18,477,10.2307/2017901,https://doi.org/10.2307/2017901,,Arthur Oncken Lovejoy
Crossref,1926,The Worst-First Theory,P. S. Lovejoy,journal-article,Journal of Forestry,24,4,351-357,10.1093/jof/24.4.351,https://doi.org/10.1093/jof/24.4.351,,Arthur Oncken Lovejoy
Crossref,1918,Spring 1918-1919 garden guide /,,monograph,,,,,10.5962/bhl.title.117330,https://doi.org/10.5962/bhl.title.117330,,Arthur Oncken Lovejoy
Crossref,1963,Reflections on Human Nature,R. L. Brett; Arthur O. Lovejoy,journal-article,The Modern Language Review,58,2,243,10.2307/3721266,https://doi.org/10.2307/3721266,,Arthur Oncken Lovejoy
Crossref,1963,1850–4,,book-chapter,"The Correspondence of Arthur Hugh Clough, Vol. 1",,,,10.1093/oseo/instance.00197337,https://doi.org/10.1093/oseo/instance.00197337,,Arthur Oncken Lovejoy
Crossref,1917,On Some Conditions of Progress in Philosophical Inquiry,Arthur O. Lovejoy,journal-article,The Philosophical Review,26,2,123,10.2307/2178425,https://doi.org/10.2307/2178425,,Arthur Oncken Lovejoy
Crossref,1954,"Lovewell's Fight and Hawthorne's ""Roger Malvin's Burial""",David S. Lovejoy,journal-article,The New England Quarterly,27,4,527,10.2307/362120,https://doi.org/10.2307/362120,,Arthur Oncken Lovejoy
Crossref,1947,Analogy and Contradiction: A Surrejoinder,Arthur O. Lovejoy,journal-article,Philosophy and Phenomenological Research,7,4,626,10.2307/2102988,https://doi.org/10.2307/2102988,,Arthur Oncken Lovejoy
Crossref,1963,Studies in Arthur Schnitzler,,monograph,,,,,10.5149/9781469658209_reichert,https://doi.org/10.5149/9781469658209_reichert,,Arthur Oncken Lovejoy
Crossref,1936,Primitivism and Related Ideas in Antiquity,George Depue Hadzsits; Arthur O. Lovejoy; George Boas,journal-article,The Classical Weekly,30,7,73,10.2307/4339823,https://doi.org/10.2307/4339823,,Arthur Oncken Lovejoy
Crossref,1941,Equity: Specific Performance of Contract to Lend Money,Robert C. Lovejoy,journal-article,Michigan Law Review,40,2,303,10.2307/1282729,https://doi.org/10.2307/1282729,,Arthur Oncken Lovejoy
Crossref,1968,Owen Lovejoy: Abolitionist in Congress,Larry Gara; Edward Magdol,journal-article,The American Historical Review,73,3,921,10.2307/1870843,https://doi.org/10.2307/1870843,,Arthur Oncken Lovejoy
Crossref,1937,Freedom of Speech,A. J. Carlson; A. O. Lovejoy,journal-article,Bulletin of the American Association of University Professors,23,1,26,10.2307/40219811,https://doi.org/10.2307/40219811,,Arthur Oncken Lovejoy
Crossref,1930,The Dialectical Argument against Absolute Simultaneity. II,Arthur O. Lovejoy,journal-article,The Journal of Philosophy,27,24,645,10.2307/2016326,https://doi.org/10.2307/2016326,,Arthur Oncken Lovejoy
Crossref,1950,Essays in the History of Ideas.,A. O. Aldridge; Arthur O. Lovejoy,journal-article,Modern Language Notes,65,8,545,10.2307/2909304,https://doi.org/10.2307/2909304,,Arthur Oncken Lovejoy
Crossref,1914,Reply to Professor Lovejoy,James H. Leuba,journal-article,The International Journal of Ethics,24,4,452-452,10.1086/intejethi.24.4.2376779,https://doi.org/10.1086/intejethi.24.4.2376779,,Arthur Oncken Lovejoy
Crossref,1966,"Review: <i>Life Histories of North American Petrels and Their Allies</i>, by Arthur Cleveland Bent; <i>Life Histories of North American Woodpeckers</i>, by Arthur Cleveland Bent; <i>Life Histories of North American Cuckoos, Goatsuckers, Hummingbirds and Their Allies</i>, by Arthur Cleveland Bent; <i>Life Histories of North American Jays, Crows and Titmice</i>, by Arthur Cleveland Bent; <i>Life Histories of North American Nuthatches, Wrens, and Their Allies</i>, by Arthur Cleveland Bent; <i>Life Histories of North American Thrushes, Kinglets, and Their Allies</i>, by Arthur Cleveland Bent; <i>Life Histories of North American Wagtails, Shrikes, Vireos, and Their Allies</i>, by Arthur Cleveland Bent; and <i>Life Histories of North American Blackbirds, Orioles, Tanagers and Allies</i>, by Arthur Cleveland Bent","Val Nolan,",journal-article,The American Biology Teacher,28,2,132-133,10.2307/4441255,https://doi.org/10.2307/4441255,,Arthur Oncken Lovejoy
Crossref,1959,Arthur Baumgarten,Karl Polak,edited-book,,,,,10.1515/9783112533062,https://doi.org/10.1515/9783112533062,,Arthur Oncken Lovejoy
Crossref,1968,"Labor Productivity in Italian Agriculture, 1951–1973",Robert M. Lovejoy,journal-article,ILR Review,21,4,570-580,10.1177/001979396802100406,https://doi.org/10.1177/001979396802100406,,Arthur Oncken Lovejoy
Crossref,1962,Menno Simons von Witmarsum. Vorkämpfer der Täuferbewegung in den Niederlanden. By J. A. Brandsma Kassel: J. G. Oncken Verlag1962. 111 pp. DM 4.,Cornelius Krahn,journal-article,Church History,31,3,365-365,10.2307/3163335,https://doi.org/10.2307/3163335,,Arthur Oncken Lovejoy
Crossref,1968,The immature stages of <i>Ixodes tatei</i> Arthur (Ixodidae),Don. R. Arthur,journal-article,Parasitology,58,1,165-169,10.1017/s0031182000073510,https://doi.org/10.1017/s0031182000073510,,Arthur Oncken Lovejoy
Crossref,1906,The Fundamental Concept of Primitive Philosophy,Arthur O. Lovejoy,journal-article,Monist,16,3,357-382,10.5840/monist190616324,https://doi.org/10.5840/monist190616324,,Arthur Oncken Lovejoy
Crossref,1938,The Relativity Paradoxes: A Footnote to the Lovejoy-McGilvary Controversy,Nathaniel H. Stevens,journal-article,The Philosophical Review,47,6,624,10.2307/2180705,https://doi.org/10.2307/2180705,,Arthur Oncken Lovejoy
Crossref,1962,Anomalous Quadrupole Coupling in Europium Ethylsulfate,B. R. Judd; C. A. Lovejoy; D. A. Shirley,journal-article,Physical Review,128,4,1733-1740,10.1103/physrev.128.1733,https://doi.org/10.1103/physrev.128.1733,,Arthur Oncken Lovejoy
Crossref,1925,The Arthur L. Watson Nurseries at Strawberry Acres : fall 1925 - spring 1926,,monograph,,,,,10.5962/bhl.title.134487,https://doi.org/10.5962/bhl.title.134487,,Arthur Oncken Lovejoy
Crossref,1967,"Arthur Miller by Leonard Moss, and: Arthur Miller, Dramatist by Edward Murray (review)",,journal-article,Modern Drama,10,3,329-330,10.1353/mdr.1967.0037,https://doi.org/10.1353/mdr.1967.0037,,Arthur Oncken Lovejoy
Crossref,1957,"The male of <i>Ixodes thompsoni</i> Arthur, 1955",Don. R. Arthur,journal-article,Parasitology,47,3-4,347-349,10.1017/s0031182000022034,https://doi.org/10.1017/s0031182000022034,,Arthur Oncken Lovejoy
Crossref,1959,Frontmatter,,book-chapter,Arthur Baumgarten,,,1-6,10.1515/9783112533062-fm,https://doi.org/10.1515/9783112533062-fm,,Arthur Oncken Lovejoy
Crossref,1911,William James as Philosopher,Arthur O. Lovejoy,journal-article,The International Journal of Ethics,21,2,125-153,10.1086/intejethi.21.2.2377028,https://doi.org/10.1086/intejethi.21.2.2377028,,Arthur Oncken Lovejoy
Crossref,1967,"Samuel Hopkins: Religion, Slavery, and the Revolution",David S. Lovejoy,journal-article,The New England Quarterly,40,2,227,10.2307/363769,https://doi.org/10.2307/363769,,Arthur Oncken Lovejoy
Crossref,1916,On the Meaning of 'Romantic' in Early German Romanticism,A. O. Lovejoy,journal-article,Modern Language Notes,31,7,385,10.2307/2915437,https://doi.org/10.2307/2915437,,Arthur Oncken Lovejoy
Crossref,1969,Letter to the Editor,Frederick H. Lovejoy; J. Roger Hollister; Thomas K. McInerny,journal-article,Pediatrics,43,6,1050-1050,10.1542/peds.43.6.1050,https://doi.org/10.1542/peds.43.6.1050,,Arthur Oncken Lovejoy
Crossref,1912,The Problem of Time in Recent French Philosophy. I.,Arthur O. Lovejoy,journal-article,The Philosophical Review,21,1,11,10.2307/2177595,https://doi.org/10.2307/2177595,,Arthur Oncken Lovejoy
Crossref,1923,A Three Year Cycle for Social Work Conferences,O. R. Lovejoy,journal-article,Social Forces,1,2,129-130,10.2307/3004909,https://doi.org/10.2307/3004909,,Arthur Oncken Lovejoy
Crossref,1967,An Annotated Arthur Schnitzler Bibliography,,edited-book,,,,,10.1353/book.75770,https://doi.org/10.1353/book.75770,,Arthur Oncken Lovejoy
Crossref,1923,"The Supposed Primitivism of Rousseau's ""Discourse on Inequality""",Arthur O. Lovejoy,journal-article,Modern Philology,21,2,165-186,10.1086/387491,https://doi.org/10.1086/387491,,Arthur Oncken Lovejoy
Crossref,1908,Pragmatism and Theology,Arthur O. Lovejoy,journal-article,The American Journal of Theology,12,1,116-143,10.1086/478735,https://doi.org/10.1086/478735,,Arthur Oncken Lovejoy
Crossref,1912,The Problem of Time in Recent French Philosophy,Arthur O. Lovejoy,journal-article,The Philosophical Review,21,5,527,10.2307/2177176,https://doi.org/10.2307/2177176,,Arthur Oncken Lovejoy
Crossref,1904,The Philosophy of Hobbes.,Arthur O. Lovejoy; Frederick J. E. Woodbridge,journal-article,The Philosophical Review,13,3,385,10.2307/2176296,https://doi.org/10.2307/2176296,,Arthur Oncken Lovejoy
Crossref,1962,Cyclical Sensitivity of Public Utilities: 1947-59,Wallace F. Lovejoy; David A. Bowers,journal-article,Land Economics,38,4,327,10.2307/3144491,https://doi.org/10.2307/3144491,,Arthur Oncken Lovejoy
Crossref,1909,The Meaning of Φυσις in the Greek Physiologers,Arthur O. Lovejoy,journal-article,The Philosophical Review,18,4,369,10.2307/2177774,https://doi.org/10.2307/2177774,,Arthur Oncken Lovejoy
Crossref,1963,"The Reason, the Understanding and Time",Paul Roubiczek; Arthur O. Lovejoy,journal-article,The Modern Language Review,58,2,292,10.2307/3721310,https://doi.org/10.2307/3721310,,Arthur Oncken Lovejoy
Crossref,1912,The Problem of Time in Recent French Philosophy. II.,Arthur O. Lovejoy,journal-article,The Philosophical Review,21,3,322,10.2307/2177714,https://doi.org/10.2307/2177714,,Arthur Oncken Lovejoy
Crossref,1948,My Friend Lovejoy,William Pepperell Montague,journal-article,Journal of the History of Ideas,9,4,424,10.2307/2707215,https://doi.org/10.2307/2707215,,Arthur Oncken Lovejoy
Crossref,1930,The Dialectical Argument Against Absolute Simultaneity. I,Arthur O. Lovejoy,journal-article,The Journal of Philosophy,27,23,617,10.2307/2016868,https://doi.org/10.2307/2016868,,Arthur Oncken Lovejoy
Crossref,1932,The First Gothic Revival and the Return to Nature,Arthur O. Lovejoy,journal-article,Modern Language Notes,47,7,419,10.2307/2913411,https://doi.org/10.2307/2913411,,Arthur Oncken Lovejoy
Crossref,1967,Infrared Spectrum of Germylacetylene,R. W. Lovejoy; D. R. Baker,journal-article,The Journal of Chemical Physics,46,2,658-665,10.1063/1.1840722,https://doi.org/10.1063/1.1840722,,Arthur Oncken Lovejoy
Crossref,1917,Summer and autumn. Boddington's garden guide. 1917,,monograph,,,,,10.5962/bhl.title.113892,https://doi.org/10.5962/bhl.title.113892,,Arthur Oncken Lovejoy
Crossref,1955,Industrial Conflict Arthur Kornhauser Robert Dubin Arthur M. Ross,Alvin W. Gouldner,journal-article,Social Problems,3,1,50-50,10.2307/798743,https://doi.org/10.2307/798743,,Arthur Oncken Lovejoy
Crossref,1968,Cdrs. Strange and Arthur Reply,RANSOM J. ARTHUR; ROBERT E. STRANGE,journal-article,American Journal of Psychiatry,124,8,1138-1138,10.1176/ajp.124.8.1138,https://doi.org/10.1176/ajp.124.8.1138,,Arthur Oncken Lovejoy
Crossref,1963,"The Correspondence of Arthur Hugh Clough, Vol. 2",Arthur Hugh Clough,edited-book,,,,,10.1093/actrade/9780198778059.book.1,https://doi.org/10.1093/actrade/9780198778059.book.1,,Arthur Oncken Lovejoy
Crossref,1965,An attention theory of discrimination learning,Elijah Lovejoy,journal-article,Journal of Mathematical Psychology,2,2,342-362,10.1016/0022-2496(65)90009-x,https://doi.org/10.1016/0022-2496(65)90009-x,,Arthur Oncken Lovejoy
Crossref,1955,": Industrial Conflict . Arthur Kornhauser, Robert Dubin, Arthur M. Ross.",Alvin W. Gouldner,journal-article,Social Problems,3,1,50-50,10.1525/sp.1955.3.1.03a00080,https://doi.org/10.1525/sp.1955.3.1.03a00080,,Arthur Oncken Lovejoy
Crossref,1938,The Great Chain of Being.,John Herman Randall; Arthur O. Lovejoy,journal-article,The Philosophical Review,47,2,214,10.2307/2180858,https://doi.org/10.2307/2180858,,Arthur Oncken Lovejoy
Crossref,1956,SETBACK SENSITIVITY STUDY,Jr O'Brien; Arthur W.,report,,,,,10.21236/ad0095101,https://doi.org/10.21236/ad0095101,,Arthur Oncken Lovejoy
Crossref,1955,"Rhode Island, a Brief History",David S. Lovejoy; Earl C. Tanner,journal-article,The New England Quarterly,28,2,275,10.2307/362790,https://doi.org/10.2307/362790,,Arthur Oncken Lovejoy
Crossref,1963,"The Correspondence of Arthur Hugh Clough, Vol. 1",Arthur Hugh Clough,edited-book,,,,,10.1093/actrade/9780198778042.book.1,https://doi.org/10.1093/actrade/9780198778042.book.1,,Arthur Oncken Lovejoy
Crossref,1929,Anti-Evolution Laws and the Principle of Religious Neutrality,Arthur O. Lovejoy,journal-article,Bulletin of the American Association of University Professors,15,4,307,10.2307/40218129,https://doi.org/10.2307/40218129,,Arthur Oncken Lovejoy
Crossref,1910,Some New Saprophytic Fungi of the Middle Rocky Mountain Region,Ruth Harrison Lovejoy,journal-article,Botanical Gazette,50,5,383-385,10.1086/330381,https://doi.org/10.1086/330381,,Arthur Oncken Lovejoy
Crossref,1927,"The Arthur L. Watson Nurseries at Strawberry Acres, Wyoming Park : 1927 [catalog]",,monograph,,,,,10.5962/bhl.title.139580,https://doi.org/10.5962/bhl.title.139580,,Arthur Oncken Lovejoy
Crossref,1942,"Review: <i>Latin America and the Enlightenment: Essays by Arthur P. Whitaker, Roland D. Hussey, Harry Bernstein, John Tate Lanning, Arthur Scott Aiton, and Alexander D. Marchant; Introduction by Federico de Onis</i>, by Arthur P. Whitaker, Roland D. Hussey, Harry Bernstein, John Tate Lanning, Arthur Scott Aiton, and Alexander D. Marchant",Lesley Byrd Simpson,journal-article,Pacific Historical Review,11,2,225-226,10.2307/3633776,https://doi.org/10.2307/3633776,,Arthur Oncken Lovejoy
Crossref,1927,Man and the State,Arthur O. Lovejoy; William Ernest Hocking,journal-article,The Yale Law Journal,36,5,723,10.2307/789801,https://doi.org/10.2307/789801,,Arthur Oncken Lovejoy
Crossref,1937,"Eugen Haberkern und Joseph Friedrich Wallach, Hilfswörterbuch für Historiker. Mittelalter und Neuzeit. Mit einem Geleitwort von Hermann Oncken, Berlin- Grunewald",Siegfried Reicke,journal-article,Zeitschrift der Savigny-Stiftung für Rechtsgeschichte: Germanistische Abteilung,57,1,530-532,10.7767/zrgga.1937.57.1.530,https://doi.org/10.7767/zrgga.1937.57.1.530,,Arthur Oncken Lovejoy
Crossref,1923,State Land Policy in Michigan,P. S. Lovejoy,journal-article,Journal of Forestry,21,1,1-9,10.1093/jof/21.1.1,https://doi.org/10.1093/jof/21.1.1,,Arthur Oncken Lovejoy
Crossref,1937,The Freedom of the Teacher,Arthur O. Lovejoy; Howard K. Beale,journal-article,Bulletin of the American Association of University Professors,23,5,401,10.2307/40219896,https://doi.org/10.2307/40219896,,Arthur Oncken Lovejoy
Crossref,1924,Miscellany,C. A. Lovejoy,journal-article,The Boston Medical and Surgical Journal,190,26,1148-1148,10.1056/nejm192406261902621,https://doi.org/10.1056/nejm192406261902621,,Arthur Oncken Lovejoy
OpenAlex,1963,Arthur O. Lovejoy and the History of Ideas,John Herman Randall,article,Philosophy and Phenomenological Research,,,,https://doi.org/10.2307/2104513,https://openalex.org/W2318203053,https://doi.org/10.2307/2104513,Arthur Lovejoy
OpenAlex,1948,Arthur O. Lovejoy and the Theory of Historiography,Maurice Mandelbaum,article,Journal of the History of Ideas,,,,https://doi.org/10.2307/2707214,https://openalex.org/W2325075983,https://doi.org/10.2307/2707214,Arthur Lovejoy
OpenAlex,1963,Reflections on Human Nature.,Ian G. Wallace; Arthur O. Lovejoy,article,HighWire Press Open Archive; The Philosophical Quarterly,,,,https://doi.org/10.2307/2955534,https://openalex.org/W1967213345,http://pq.oxfordjournals.org/cgi/content/short/13/53/369; https://doi.org/10.2307/2955534,Arthur Lovejoy
OpenAlex,1963,The Philosophical Method of Arthur O. Lovejoy: Critical Realism and Psychoanalytical Realism,Lewis S. Feuer,article,Philosophy and Phenomenological Research,,,,https://doi.org/10.2307/2104515,https://openalex.org/W2316587247,https://doi.org/10.2307/2104515,Arthur Lovejoy
OpenAlex,1949,<i>Essays in the History of Ideas</i>. Arthur O. Lovejoy,Hàrry Levin,article,Isis,,,,https://doi.org/10.1086/349023,https://openalex.org/W2511941615,https://doi.org/10.1086/349023,Arthur Lovejoy
OpenAlex,1911,Schopenhauer as an Evolutionist,Arthur O. Lovejoy,article,The Monist,,,,https://doi.org/10.5840/monist191121240,https://openalex.org/W2331385066,https://doi.org/10.5840/monist191121240,Arthur Lovejoy
OpenAlex,1936,"<i>A Documentary History of Primitivism and Related Ideas. Volume I: Primitivism and Related Ideas in Antiquity</i>. Arthur O. Lovejoy , George Boas",George Sarton,article,Isis,,,,https://doi.org/10.1086/347079,https://openalex.org/W2078051090,https://doi.org/10.1086/347079,Arthur Lovejoy
OpenAlex,1906,The Fundamental Concept of Primitive Philosophy,Arthur O. Lovejoy,article,The Monist; Zenodo (CERN European Organization for Nuclear Research),,,,https://doi.org/10.5840/monist190616324,https://openalex.org/W2315371639,http://doi.org/10.5840/monist190616324; https://doi.org/10.5840/monist190616324,Arthur Lovejoy
OpenAlex,1951,"Essays in the History of Ideas. By Arthur O. Lovejoy. (The Johns Hopkins Press, Baltimore; London, Cumberlege. 1948. Pp. 354. Price 27s. 6d.",D. J. Allan,article,Philosophy,,,,https://doi.org/10.1017/s0031819100026929,https://openalex.org/W2019028339,https://doi.org/10.1017/s0031819100026929,Arthur Lovejoy
OpenAlex,1906,IV.—KANT'S ANTITHESIS OF DOGMATISM AND CRITICISM,Arthur O. Lovejoy,article,HighWire Press Open Archive; Mind; Zenodo (CERN European Organization for Nuclear Research),,,,https://doi.org/10.1093/mind/xv.58.191,https://openalex.org/W2047744407,http://mind.oxfordjournals.org/cgi/content/short/XV/58/191; https://doi.org/10.1093/mind/xv.58.191; https://zenodo.org/record/1590303,Arthur Lovejoy
OpenAlex,1915,"General Report of the Committee on Academic Freedom and Academic Tenure: Presented at the Annual Meeting of the Association: December 31, 1915",Edwin R. A. Seligman; Charles E. Bennett; James Quayle Dealey; Richard T. Ely; Henry W. Farnam; Frank A. Fetter; Franklin H. Giddings; Charles A. Kofoid; Arthur O. Lovejoy; Frederick W. Padelford; Roscoe Pound; Howard C. Warren; Ulysses G. Weatherly,article,Bulletin of the American Association of University Professors,,,,https://doi.org/10.2307/40216731,https://openalex.org/W2801462768,https://doi.org/10.2307/40216731,Arthur Lovejoy
OpenAlex,1954,The 1915 Declaration of Principles: Academic Freedom and Tenure,Edwin R. A. Seligman; Charles E. Bennett; James Quayle Dealey; Richard T. Ely; Henry W. Farnam; Frank A. Fetter; Franklin H. Giddings; Charles A. Kofoid; Arthur O. Lovejoy; Frederick W. Padelford; Roscoe Pound; Howard C. Warren; Ulysses G. Weatherly,article,Bulletin of the American Association of University Professors,,,,https://doi.org/10.2307/40220998,https://openalex.org/W2800724473,https://doi.org/10.2307/40220998,Arthur Lovejoy
OpenAlex,1953,Lovejoy (Arthur O.) - Essays in the History of Ideas,Robert Derathé,article,Persée (Ministère de lEnseignement supérieur et de la Recherche); Revue française de science politique,,,,,https://openalex.org/W2336643767,https://dialnet.unirioja.es/servlet/articulo?codigo=5688194; https://www.persee.fr/doc/rfsp_0035-2950_1953_num_3_3_452727_t1_0629_0000_002,Arthur Lovejoy
OpenAlex,1951,Essays in the History of Ideas by Arthur O. Lovejoy,Ambrose McNicholl,article,The Thomist: A Speculative Quarterly Review,,,,https://doi.org/10.1353/tho.1951.0016,https://openalex.org/W2625369879,https://doi.org/10.1353/tho.1951.0016,Arthur Lovejoy
OpenAlex,1908,The Theory of a Pre-Christian Cult of Jesus,Arthur O. Lovejoy,article,The Monist; Zenodo (CERN European Organization for Nuclear Research),,,,https://doi.org/10.5840/monist190818440,https://openalex.org/W2313375078,http://doi.org/10.5840/monist190818440; https://doi.org/10.5840/monist190818440,Arthur Lovejoy
OpenAlex,1963,<i>Reflections on Human Nature</i> by Arthur O. Lovejoy,James A. Doolittle,article,South Atlantic Quarterly,,,,https://doi.org/10.1215/00382876-62-1-148,https://openalex.org/W4361854019,http://dx.doi.org/10.1215/00382876-62-1-148,Arthur Lovejoy
OpenAlex,1968,"Lovejoy's ""Parallel"" Reconsidered",Roland N. Stromberg,article,Eighteenth-Century Studies,,,,https://doi.org/10.2307/2737858,https://openalex.org/W2321274788,https://doi.org/10.2307/2737858,Arthur Lovejoy
OpenAlex,1943,"Review: Arthur O. Lovejoy, On the Criteria and Limits of Meaning",Ernest Nagel,article,Journal of Symbolic Logic; Project Euclid (Cornell University),,,,,https://openalex.org/W1595932245,http://projecteuclid.org/euclid.jsl/1183391311; https://projecteuclid.org/euclid.jsl/1183391311,Arthur Lovejoy
OpenAlex,1964,"Arthur O. Lovejoy, The Thirteen Pragmatisms and Other Essays",Christian Wenin,article,Revue Philosophique de Louvain,,,,,https://openalex.org/W2330399652,https://www.persee.fr/doc/phlou_0035-3841_1964_num_62_73_5249_t1_0206_0000_2,Arthur Lovejoy
OpenAlex,1938,Harvard University and Drs. Walsh and Sweezy: A Review of the Faculty Committee's Report,Arthur O. Lovejoy,review,Bulletin of the American Association of University Professors,,,,https://doi.org/10.2307/40219387,https://openalex.org/W2801268978,https://doi.org/10.2307/40219387,Arthur Lovejoy
OpenAlex,1949,<i>Essays in the History of Ideas</i>. Arthur O. Lovejoy,Crane Brinton,article,The Journal of Modern History,,,,https://doi.org/10.1086/237298,https://openalex.org/W2515864680,https://doi.org/10.1086/237298,Arthur Lovejoy
OpenAlex,1931,<i>The Revolt against Dualism</i>. Arthur O. Lovejoy,H. T. Davis,article,Isis,,,,https://doi.org/10.1086/346554,https://openalex.org/W2512020798,https://doi.org/10.1086/346554,Arthur Lovejoy
OpenAlex,1931,<i>The Revolt Against Dualism</i>. Arthur O. Lovejoy,Arthur Ε. Murphy,article,The International Journal of Ethics,,,,https://doi.org/10.1086/intejethi.41.2.2377919,https://openalex.org/W2507299876,https://doi.org/10.1086/intejethi.41.2.2377919,Arthur Lovejoy
OpenAlex,1930,The Revolt against Dualism <i>By Arthur O. Lovejoy</i>,,article,Parnassus,,,,https://doi.org/10.1080/15436314.1930.11666362,https://openalex.org/W4312577553,https://doi.org/10.1080/15436314.1930.11666362,Arthur Lovejoy
OpenAlex,1937,<i>The Great Chain of Being</i>. Arthur O. Lovejoy,H. T. Davis,article,Isis,,,,https://doi.org/10.1086/347235,https://openalex.org/W2513296475,https://doi.org/10.1086/347235,Arthur Lovejoy
OpenAlex,1951,<i>Essays in the History of Ideas</i>. Arthur O. Lovejoy,James Luther Adams,article,The Journal of Religion,,,,https://doi.org/10.1086/484075,https://openalex.org/W2514227645,https://doi.org/10.1086/484075,Arthur Lovejoy
OpenAlex,1938,<i>The Great Chain of Being</i>. Arthur O. Lovejoy,Henry V. S. Ogden,article,Isis,,,,https://doi.org/10.1086/347375,https://openalex.org/W4237557654,https://doi.org/10.1086/347375,Arthur Lovejoy
OpenAlex,1949,"Arthur O. Lovejoy, <i>Essays in the History of Ideas</i>",René Wellek,article,The Germanic Review Literature Culture Theory,,,,https://doi.org/10.1080/19306962.1949.11786443,https://openalex.org/W2558313679,https://doi.org/10.1080/19306962.1949.11786443,Arthur Lovejoy
OpenAlex,1931,Book Review:The Revolt Against Dualism. Arthur O. Lovejoy,Arthur Ε. Murphy,article,Ethics,,,,https://doi.org/10.1086/207879,https://openalex.org/W1995893971,https://doi.org/10.1086/207879,Arthur Lovejoy
OpenAlex,1931,What Is Knowledge?<i>The Revolt against Dualism</i>. Arthur O. Lovejoy,Henry Nelson Wieman,article,The Journal of Religion,,,,https://doi.org/10.1086/481061,https://openalex.org/W2257075611,https://doi.org/10.1086/481061,Arthur Lovejoy
OpenAlex,1937,<i>The Great Chain of Being: A Study of the History of an Idea</i>. Arthur O. Lovejoy,Bruce W. Brotherston,article,The Journal of Religion,,,,https://doi.org/10.1086/481966,https://openalex.org/W2516270553,https://doi.org/10.1086/481966,Arthur Lovejoy
OpenAlex,1937,Book Review:The Great Chain of Being: A Study of the History of an Idea. Arthur O. Lovejoy,Scott Buchanan,article,Ethics,,,,https://doi.org/10.1086/208409,https://openalex.org/W2030352736,https://doi.org/10.1086/208409,Arthur Lovejoy
OpenAlex,1937,<i>The Great Chain of Being: A Study of the History of an Idea</i>. Arthur O. Lovejoy,Scott Buchanan,article,The International Journal of Ethics,,,,https://doi.org/10.1086/intejethi.47.4.2989373,https://openalex.org/W2514777464,https://doi.org/10.1086/intejethi.47.4.2989373,Arthur Lovejoy
OpenAlex,1949,"Essays in the History of Ideas. By <i>Arthur O. Lovejoy</i>. (Baltimore: Johns Hopkins Press. 1948. Pp. xvii, 359. $5.00.)",Sidney Ratner,article,The American Historical Review,,,,https://doi.org/10.1086/ahr/54.4.850,https://openalex.org/W4233714045,https://doi.org/10.1086/ahr/54.4.850,Arthur Lovejoy
OpenAlex,1943,"Arthur O. Lovejoy. On the criteria and limits of meaning. Philosophical essays in honor of Edgar Arthur Singer, Jr., edited by F. P. Clarke and M. C. Nahm, University of Pennsylvania Press, Philadelphia1942, pp. 3–23.",Ernest Nagel,article,Journal of Symbolic Logic,,,,https://doi.org/10.2307/2266386,https://openalex.org/W2332344777,https://doi.org/10.2307/2266386,Arthur Lovejoy
OpenAlex,1919,Committee on Academic Freedom and Academic Tenure,F. S. Deibler; John Lowes; G. J. Shaw Lefevre; Honor Miller; Edmund H. Hollands; Arthur O. Lovejoy; Geo. W. Bailey; Judson M. Bemis; John Campbell; George A. Fowler; Benjamin G. Griffith; Irving Howbert; Charles M. MacNeill; Henry McAllister; George Foster Peabody; Oliver H. Shoup; Elizabeth Shove; Philip B. Stewart; Mahlon D. Thatcher; Frank Trumbull; William M. Vance,article,Bulletin of the American Association of University Professors,,,,https://doi.org/10.2307/40216940,https://openalex.org/W2799354588,https://doi.org/10.2307/40216940,Arthur Lovejoy
OpenAlex,1936,"<i>A Documentary History of Primitwism and Related Ideas</i>. General Editors, <scp>Arthur O. Lovejoy, Gilbert Chinard, George Boas, Ronald S. Crane</scp>. Volume I, <i>Primitwism and Related Ideas in Antiquity</i>. By <scp>Arthur O. Lovejoy, George Boas</scp>, <scp>Ronald S. Crane</scp>. Volume I, <i>Primitwism and Related Ideas in Antiquity</i>. By <scp>Arthur O. Lovejoy, George Boas</scp>. With Supplementary Essays by <scp>W. F. Albright</scp> and <scp>P. E. Dumont</scp>. (Baltimore: Johns Hopkins Press. 1935. Pp. xv, 482. $5.00.)",R. K. Hack,article,The American Historical Review,,,,https://doi.org/10.1086/ahr/41.4.728,https://openalex.org/W4242587055,https://doi.org/10.1086/ahr/41.4.728,Arthur Lovejoy
OpenAlex,1927,"The Meanings of ""Emergence"" and its Modes",Arthur O. Lovejoy,book-chapter,"Longmans, Green and Co eBooks",,,,https://doi.org/10.5840/wcp6192720,https://openalex.org/W255643455,http://doi.org/10.5840/wcp6192720,Arthur Lovejoy
OpenAlex,1935,"A documentary history of primitivism and related ideas General editors Arthur O. Lovejoy, Gilbert Chinard, George Boas, Ronald S. Crane","Lovejoy, Arthur O. 1873-1962",article,,,,,,https://openalex.org/W7113132094,,Arthur Lovejoy
OpenAlex,1931,The Revolt against Dualism: an Inquiry concerning the Existence of Ideas. By Arthur O. Lovejoy. (London: George Allen &amp; Unwin Ltd.1930. Pp. xii + 325. Price 15s.),L. Susan Stebbing,article,Philosophy,,,,https://doi.org/10.1017/s0031819100045277,https://openalex.org/W2122599892,https://doi.org/10.1017/s0031819100045277,Arthur Lovejoy
OpenAlex,1936,"Primitivism and Related Ideas in Antiquity. By Arthur O. Lovejoy and George Boas. With supplementary essays by W. F. Albright and P. E. Dumont. (Baltimore: Johns Hopkins Press; London: Oxford University Press, Humphrey Milford. 1935. Pp. xv + 482. Price $5; 22s.)",J. R. de la H. Marett,article,Philosophy,,,,https://doi.org/10.1017/s0031819100033878,https://openalex.org/W2108917390,https://doi.org/10.1017/s0031819100033878,Arthur Lovejoy
OpenAlex,1919,Report of the Committee on Pensions and Insurance,Arthur O. Lovejoy; Harlan F. Stone,article,Bulletin of the American Association of University Professors,,,,https://doi.org/10.2307/40216900,https://openalex.org/W2799574429,https://doi.org/10.2307/40216900,Arthur Lovejoy
OpenAlex,1921,Report of the Committee of Inquiry on Conditions in Washburn College,Arthur O. Lovejoy; Grace Van S. Baur; Raymond G. Gettell; Edgar James Swift; Ulysses G. Weatherly,article,Bulletin of the American Association of University Professors,,,,https://doi.org/10.2307/40217022,https://openalex.org/W2800192552,https://doi.org/10.2307/40217022,Arthur Lovejoy
OpenAlex,1920,Report of the Committee of Inquiry on the Colorado School of Mines,M. F. Libby; Herbert S. Hadley; J. M. Coulter; H. O. Hofman; A. A. Potter; Arthur O. Lovejoy,article,Bulletin of the American Association of University Professors,,,,https://doi.org/10.2307/40216984,https://openalex.org/W2800364198,https://doi.org/10.2307/40216984,Arthur Lovejoy
OpenAlex,1917,"Academic Freedom and Academic Tenure: Report of the Committee of Inquiry concerning Charges of Violation of Academic Freedom, Involving the Dismissal of the President and Three Members of the Faculty, at the University of Montana",Charles A. Kofoid; Arthur O. Lovejoy; Guido H. Marx; Frederick Morgan Padelford,article,Bulletin of the American Association of University Professors,,,,https://doi.org/10.2307/40216834,https://openalex.org/W2800150754,https://doi.org/10.2307/40216834,Arthur Lovejoy
OpenAlex,1920,Michigan's millions of idle acres,P. S. Lovejoy; Fred E. Janette,book,Biodiversity Heritage Library (Smithsonian Institution); The Journal of the Abraham Lincoln Association,,,,https://doi.org/10.5962/bhl.title.26795,https://openalex.org/W2501489655,http://hdl.handle.net/2027/uc2.ark:/13960/t2x34p486; https://doi.org/10.5962/bhl.title.26795; https://www.biodiversitylibrary.org/bibliography/26795; https://www.biodiversitylibrary.org/item/69094,Arthur Lovejoy
Crossref,1938,<i>The Great Chain of Being</i>. Arthur O. Lovejoy,,journal-article,Isis,28,2,537-540,10.1086/347375,https://doi.org/10.1086/347375,,Arthur Lovejoy
Crossref,1931,Book Review:The Revolt Against Dualism. Arthur O. Lovejoy,Arthur E. Murphy,journal-article,Ethics,41,2,265,10.1086/207879,https://doi.org/10.1086/207879,,Arthur Lovejoy
Crossref,1942,On The Criteria and Limits of Meaning,Arthur O. Lovejoy,book-chapter,Philosophical Essays,,,3-23,10.9783/9781512815245-002,https://doi.org/10.9783/9781512815245-002,,Arthur Lovejoy
Crossref,1931,<i>The Revolt against Dualism</i>. Arthur O. Lovejoy,H. T. Davis,journal-article,Isis,15,1,190-193,10.1086/346554,https://doi.org/10.1086/346554,,Arthur Lovejoy
Crossref,1963,<i>Reflections on Human Nature</i> by Arthur O. Lovejoy,James Doolittle,journal-article,South Atlantic Quarterly,62,1,148-149,10.1215/00382876-62-1-148,https://doi.org/10.1215/00382876-62-1-148,,Arthur Lovejoy
Crossref,1949,<i>Essays in the History of Ideas</i>. Arthur O. Lovejoy,Harry Levin,journal-article,Isis,40,1,85-87,10.1086/349023,https://doi.org/10.1086/349023,,Arthur Lovejoy
Crossref,1930,The Revolt against Dualism <i>By Arthur O. Lovejoy</i>,,journal-article,Parnassus,2,7,40-40,10.1080/15436314.1930.11666362,https://doi.org/10.1080/15436314.1930.11666362,,Arthur Lovejoy
Crossref,1937,<i>The Great Chain of Being</i>. Arthur O. Lovejoy,H. T. Davis,journal-article,Isis,27,1,111-114,10.1086/347235,https://doi.org/10.1086/347235,,Arthur Lovejoy
Crossref,1963,Arthur O. Lovejoy and the History of Ideas,John Herman Randall,journal-article,Philosophy and Phenomenological Research,23,4,475,10.2307/2104513,https://doi.org/10.2307/2104513,,Arthur Lovejoy
Crossref,1936,"<i>A Documentary History of Primitwism and Related Ideas</i>. General Editors, <scp>Arthur O. Lovejoy, Gilbert Chinard, George Boas, Ronald S. Crane</scp>. Volume I, <i>Primitwism and Related Ideas in Antiquity</i>. By <scp>Arthur O. Lovejoy, George Boas</scp>, <scp>Ronald S. Crane</scp>. Volume I, <i>Primitwism and Related Ideas in Antiquity</i>. By <scp>Arthur O. Lovejoy, George Boas</scp>. With Supplementary Essays by <scp>W. F. Albright</scp> and <scp>P. E. Dumont</scp>. (Baltimore: Johns Hopkins Press. 1935. Pp. xv, 482. $5.00.)",R. K. Hack,journal-article,The American Historical Review,41,4,728-730,10.1086/ahr/41.4.728,https://doi.org/10.1086/ahr/41.4.728,,Arthur Lovejoy
Crossref,1948,Arthur O. Lovejoy and the Theory of Historiography,Maurice Mandelbaum,journal-article,Journal of the History of Ideas,9,4,412,10.2307/2707214,https://doi.org/10.2307/2707214,,Arthur Lovejoy
Crossref,1951,Essays in the History of Ideas by Arthur O. Lovejoy,A. J. McNicholl,journal-article,The Thomist: A Speculative Quarterly Review,14,3,407-412,10.1353/tho.1951.0016,https://doi.org/10.1353/tho.1951.0016,,Arthur Lovejoy
Crossref,1963,The Philosophical Method of Arthur O. Lovejoy: Critical Realism and Psychoanalytical Realism,Lewis S. Feuer,journal-article,Philosophy and Phenomenological Research,23,4,493,10.2307/2104515,https://doi.org/10.2307/2104515,,Arthur Lovejoy
Crossref,1931,<i>The Revolt Against Dualism</i>. Arthur O. Lovejoy,Arthur E. Murphy,journal-article,The International Journal of Ethics,41,2,265-267,10.1086/intejethi.41.2.2377919,https://doi.org/10.1086/intejethi.41.2.2377919,,Arthur Lovejoy
Crossref,1937,Book Review:The Great Chain of Being: A Study of the History of an Idea. Arthur O. Lovejoy,Scott Buchanan,journal-article,Ethics,47,4,486,10.1086/208409,https://doi.org/10.1086/208409,,Arthur Lovejoy
Crossref,1951,<i>Essays in the History of Ideas</i>. Arthur O. Lovejoy,James Luther Adams,journal-article,The Journal of Religion,31,1,56-58,10.1086/484075,https://doi.org/10.1086/484075,,Arthur Lovejoy
Crossref,1931,What Is Knowledge?<i>The Revolt against Dualism</i>. Arthur O. Lovejoy,Henry Nelson Wieman,journal-article,The Journal of Religion,11,2,303-304,10.1086/481061,https://doi.org/10.1086/481061,,Arthur Lovejoy
Crossref,1949,<i>Essays in the History of Ideas</i>. Arthur O. Lovejoy,Crane Brinton,journal-article,The Journal of Modern History,21,4,344-345,10.1086/237298,https://doi.org/10.1086/237298,,Arthur Lovejoy
Crossref,1943,"Arthur O. Lovejoy. On the criteria and limits of meaning. Philosophical essays in honor of Edgar Arthur Singer, Jr., edited by F. P. Clarke and M. C. Nahm, University of Pennsylvania Press, Philadelphia1942, pp. 3–23.",Ernest Nagel,journal-article,Journal of Symbolic Logic,8,3,87-87,10.2307/2266386,https://doi.org/10.2307/2266386,,Arthur Lovejoy
Crossref,1936,"<i>A Documentary History of Primitivism and Related Ideas. Volume I: Primitivism and Related Ideas in Antiquity</i>. Arthur O. Lovejoy , George Boas",George Sarton,journal-article,Isis,25,1,169-172,10.1086/347079,https://doi.org/10.1086/347079,,Arthur Lovejoy
Crossref,1949,"Essays in the History of Ideas. By <i>Arthur O. Lovejoy</i>. (Baltimore: Johns Hopkins Press. 1948. Pp. xvii, 359. $5.00.)",Sidney Ratner,journal-article,The American Historical Review,54,4,850-851,10.1086/ahr/54.4.850,https://doi.org/10.1086/ahr/54.4.850,,Arthur Lovejoy
Crossref,1937,<i>The Great Chain of Being: A Study of the History of an Idea</i>. Arthur O. Lovejoy,Scott Buchanan,journal-article,The International Journal of Ethics,47,4,486-490,10.1086/intejethi.47.4.2989373,https://doi.org/10.1086/intejethi.47.4.2989373,,Arthur Lovejoy
Crossref,1951,"Essays in the History of Ideas. By Arthur O. Lovejoy. (The Johns Hopkins Press, Baltimore; London, Cumberlege. 1948. Pp. 354. Price 27s. 6d.",D. J. Allan,journal-article,Philosophy,26,97,173-176,10.1017/s0031819100026929,https://doi.org/10.1017/s0031819100026929,,Arthur Lovejoy
Crossref,1937,<i>The Great Chain of Being: A Study of the History of an Idea</i>. Arthur O. Lovejoy,Bruce W. Brotherston,journal-article,The Journal of Religion,17,2,204-206,10.1086/481966,https://doi.org/10.1086/481966,,Arthur Lovejoy
Crossref,1931,The Revolt against Dualism: an Inquiry concerning the Existence of Ideas. By Arthur O. Lovejoy. (London: George Allen &amp; Unwin Ltd.1930. Pp. xii + 325. Price 15s.),L. S. Stebbing,journal-article,Philosophy,6,22,240-242,10.1017/s0031819100045277,https://doi.org/10.1017/s0031819100045277,,Arthur Lovejoy
Crossref,1911,"Lovejoy, A. O. Schopenhauer as an Evolutionist",A.O. Lovejoy,journal-article,Kant-Studien,16,1-3,,10.1515/kant-1911-0177,https://doi.org/10.1515/kant-1911-0177,,Arthur Lovejoy
Crossref,1911,"Lovejoy, Α. O. Kant and Evolution",A.O. Lovejoy,journal-article,Kant-Studien,16,1-3,,10.1515/kant-1911-0176,https://doi.org/10.1515/kant-1911-0176,,Arthur Lovejoy
Crossref,1949,"Arthur O. Lovejoy, <i>Essays in the History of Ideas</i>",René Wellek,journal-article,"The Germanic Review: Literature, Culture, Theory",24,4,306-310,10.1080/19306962.1949.11786443,https://doi.org/10.1080/19306962.1949.11786443,,Arthur Lovejoy
Crossref,1919,"Hogs, by A.J. Lovejoy, with supplementary chapters on feeding by John M. Evvard ...",A. J. Lovejoy; John M. Evvard,monograph,,,,,10.5962/bhl.title.20972,https://doi.org/10.5962/bhl.title.20972,,Arthur Lovejoy
Crossref,1936,"Primitivism and Related Ideas in Antiquity. By Arthur O. Lovejoy and George Boas. With supplementary essays by W. F. Albright and P. E. Dumont. (Baltimore: Johns Hopkins Press; London: Oxford University Press, Humphrey Milford. 1935. Pp. xv + 482. Price $5; 22s.)",J. R. de la H. Marett,journal-article,Philosophy,11,42,248-249,10.1017/s0031819100033878,https://doi.org/10.1017/s0031819100033878,,Arthur Lovejoy
Crossref,1920,Michigan's millions of idle acres,P. S. Lovejoy; Fred E. Janette,monograph,,,,,10.5962/bhl.title.26795,https://doi.org/10.5962/bhl.title.26795,,Arthur Lovejoy
Crossref,1909,The child in industry,Owen R. Lovejoy,dataset,PsycEXTRA Dataset,,,,10.1037/e533612009-121,https://doi.org/10.1037/e533612009-121,,Arthur Lovejoy
Crossref,1912,Sal vet swine book,F. D. Coburn; Robert. Evans; A. J. Lovejoy; E.C. Stone,monograph,,,,,10.5962/bhl.title.43687,https://doi.org/10.5962/bhl.title.43687,,Arthur Lovejoy
Crossref,1959,ARTHUR BAUMGARTEN,Karl Polak,book-chapter,Arthur Baumgarten,,,7-48,10.1515/9783112533062-001,https://doi.org/10.1515/9783112533062-001,,Arthur Lovejoy
Crossref,1963,The Correspondence of Arthur Hugh Clough,,book-chapter,"The Correspondence of Arthur Hugh Clough, Vol. 1",,,,10.1093/oseo/instance.00197093,https://doi.org/10.1093/oseo/instance.00197093,,Arthur Lovejoy
Crossref,1970,Conversation with Arthur C. Clarke,,other,Conversation with Arthur C. Clarke,,,,10.5040/9781350920217,https://doi.org/10.5040/9781350920217,,Arthur Lovejoy
Crossref,1952,The Arthur adaptation of the Leiter International Performance Scale.,Grace Arthur,book,,,,,10.1037/13224-000,https://doi.org/10.1037/13224-000,,Arthur Lovejoy
Crossref,1965,Lovejoy: Martyr to Freedom (review),,journal-article,Civil War History,11,3,290-291,10.1353/cwh.1965.0093,https://doi.org/10.1353/cwh.1965.0093,,Arthur Lovejoy
Crossref,1951,404. To Messrs. Lovejoy. 27 February.,Anthony Trollope,book-chapter,The Letters of Anthony Trollope,,,,10.1093/oseo/instance.00193543,https://doi.org/10.1093/oseo/instance.00193543,,Arthur Lovejoy
Crossref,1914,Reply to Professor Lovejoy,James H. Leuba,journal-article,Ethics,24,4,452,10.1086/206853,https://doi.org/10.1086/206853,,Arthur Lovejoy
Crossref,1940,Coleridge and Kant's Two Worlds,Arthur O. Lovejoy,journal-article,ELH,7,4,341,10.2307/2871524,https://doi.org/10.2307/2871524,,Arthur Lovejoy
Crossref,1968,Owen Lovejoy: Abolitionist in Congress (review),,journal-article,Civil War History,14,2,188-189,10.1353/cwh.1968.0014,https://doi.org/10.1353/cwh.1968.0014,,Arthur Lovejoy
Crossref,1911,The Import of Vitalism,A. O. Lovejoy,journal-article,Science,34,864,75-80,10.1126/science.34.864.75.b,https://doi.org/10.1126/science.34.864.75.b,,Arthur Lovejoy
Crossref,1907,Professor Ormond's philosophy.,Arthur O. Lovejoy,journal-article,Psychological Bulletin,4,11,339-349,10.1037/h0075121,https://doi.org/10.1037/h0075121,,Arthur Lovejoy
Crossref,1933,America’s Wandering Boys,Owen R. Lovejoy,journal-article,Current History,37,5,565-570,10.1525/curh.1933.37.5.565,https://doi.org/10.1525/curh.1933.37.5.565,,Arthur Lovejoy
Crossref,1965,"Methods of Estimating Reserves of Crude Oil, Natural Gas, and Natural Gas Liquids",Wallce Lovejoy,edited-book,,,,,10.56021/9780801803987,https://doi.org/10.56021/9780801803987,,Arthur Lovejoy
Crossref,1909,Das Kausalitatsproblem der Biologie,A. O. Lovejoy,journal-article,Science,30,778,761-766,10.1126/science.30.778.761-a,https://doi.org/10.1126/science.30.778.761-a,,Arthur Lovejoy
Crossref,1962,"Aerosols, Bronchodilators and Mucolytic Agents",Frank W. Lovejoy; Paul E. Morrow,journal-article,Anesthesiology,23,4,460-472,10.1097/00000542-196207000-00006,https://doi.org/10.1097/00000542-196207000-00006,,Arthur Lovejoy
Crossref,1951,523. To Mr. Lovejoy. 23 July. Athenaeum Club.,Anthony Trollope,book-chapter,The Letters of Anthony Trollope,,,,10.1093/oseo/instance.00193666,https://doi.org/10.1093/oseo/instance.00193666,,Arthur Lovejoy
Crossref,1924,Committees,Arthur O. Lovejoy,journal-article,Bulletin of the American Association of University Professors,10,6,11,10.2307/40217333,https://doi.org/10.2307/40217333,,Arthur Lovejoy
Crossref,1911,William James as Philosopher,Arthur O. Lovejoy,journal-article,Ethics,21,2,125,10.1086/206575,https://doi.org/10.1086/206575,,Arthur Lovejoy
Crossref,1906,On Kant’s Reply to Hume.,Arthur Lovejoy,journal-article,Archiv für Geschichte der Philosophie,19,3,,10.1515/agph.1906.19.3.380,https://doi.org/10.1515/agph.1906.19.3.380,,Arthur Lovejoy
Crossref,1923,Rousseau's Pessimist,Arthur O. Lovejoy,journal-article,Modern Language Notes,38,8,449,10.2307/2915231,https://doi.org/10.2307/2915231,,Arthur Lovejoy
Crossref,1963,The Great Chain of Being,Arthur O. Lovejoy,edited-book,,,,,10.4159/9780674040335,https://doi.org/10.4159/9780674040335,,Arthur Lovejoy
Crossref,1911,The Import of Vitalism,A. O. Lovejoy,journal-article,Science,34,864,75-80,10.1126/science.34.864.75-b,https://doi.org/10.1126/science.34.864.75-b,,Arthur Lovejoy
Crossref,1961,Gas Rate Fundamentals,Wallace F. Lovejoy,journal-article,Southern Economic Journal,27,3,254,10.2307/1055102,https://doi.org/10.2307/1055102,,Arthur Lovejoy
Crossref,1905,Hobbes.,A. O. Lovejoy; Leslie Stephen,journal-article,The Philosophical Review,14,1,97,10.2307/2176433,https://doi.org/10.2307/2176433,,Arthur Lovejoy
Crossref,1962,Nuclear orientation of Tb156,C.A. Lovejoy; D.A. Shirley,journal-article,Nuclear Physics,30,,452-461,10.1016/0029-5582(62)90069-x,https://doi.org/10.1016/0029-5582(62)90069-x,,Arthur Lovejoy
Crossref,1911,The Meaning of Vitalism,Arthur O. Lovejoy,journal-article,Science,33,851,610-614,10.1126/science.33.851.610,https://doi.org/10.1126/science.33.851.610,,Arthur Lovejoy
Crossref,1913,The Practical Tendencies of Bergsonism. II,Arthur O. Lovejoy,journal-article,Ethics,23,4,419,10.1086/206767,https://doi.org/10.1086/206767,,Arthur Lovejoy
Crossref,1930,Ethics.,Arthur O. Lovejoy; Frank Chapman Sharp,journal-article,The Philosophical Review,39,6,613,10.2307/2179689,https://doi.org/10.2307/2179689,,Arthur Lovejoy
Crossref,1964,The Modern Family.,Albert Lovejoy; Robert F. Winch,journal-article,Social Forces,43,1,114,10.2307/2575980,https://doi.org/10.2307/2575980,,Arthur Lovejoy
Crossref,1920,Lafayette College,Arthur O. Lovejoy,journal-article,Bulletin of the American Association of University Professors,6,6,10,10.2307/40216992,https://doi.org/10.2307/40216992,,Arthur Lovejoy
Crossref,1933,Monboddo and Rousseau,Arthur O. Lovejoy,journal-article,Modern Philology,30,3,275-296,10.1086/388043,https://doi.org/10.1086/388043,,Arthur Lovejoy
Crossref,1970,Conversation With Playwrights: Arthur Miller and Israel Horovitz,,other,Conversation With Playwrights: Arthur Miller and Israel Horovitz,,,,10.5040/9781350920200,https://doi.org/10.5040/9781350920200,,Arthur Lovejoy
Crossref,1945,Alva Bush Lovejoy,,journal-article,The Annals of Iowa,26,3,241-242,10.17077/0003-4827.6382,https://doi.org/10.17077/0003-4827.6382,,Arthur Lovejoy
Crossref,1914,The Association of University Professors,Arthur O. Lovejoy,journal-article,Science,40,1038,744-745,10.1126/science.40.1038.744,https://doi.org/10.1126/science.40.1038.744,,Arthur Lovejoy
Crossref,1921,Profit-Sharing and Industrial Peace,Arthur O. Lovejoy,journal-article,Ethics,31,3,241,10.1086/207291,https://doi.org/10.1086/207291,,Arthur Lovejoy
Crossref,1912,The duty of superintendents in the enforcement of child-labor laws,Owen R. Lovejoy,dataset,PsycEXTRA Dataset,,,,10.1037/e533642009-053,https://doi.org/10.1037/e533642009-053,,Arthur Lovejoy
Crossref,1922,Reply to Professor Babbitt,Arthur O. Lovejoy,journal-article,Modern Language Notes,37,5,268,10.2307/2915200,https://doi.org/10.2307/2915200,,Arthur Lovejoy
Crossref,1913,The Practical Tendencies of Bergsonism. I,Arthur O. Lovejoy,journal-article,Ethics,23,3,253,10.1086/206744,https://doi.org/10.1086/206744,,Arthur Lovejoy
Crossref,1968,The Kalman Filter in Transfer Alignment of Airborne Inertial Guidance Systems,Jr. Sutherland; Gelb Arthur A.; Arthur,report,,,,,10.21236/ad0851067,https://doi.org/10.21236/ad0851067,,Arthur Lovejoy
Crossref,1924,Pastness and Transcendence,Arthur O. Lovejoy,journal-article,The Journal of Philosophy,21,22,601,10.2307/2014483,https://doi.org/10.2307/2014483,,Arthur Lovejoy
Crossref,1920,Rousseau and Romanticism.,Arthur O. Lovejoy; Irving Babbitt,journal-article,Modern Language Notes,35,5,302,10.2307/2914839,https://doi.org/10.2307/2914839,,Arthur Lovejoy
Crossref,1927,"The Meanings of ""Emergence"" and its Modes",Arthur O. Lovejoy,book-chapter,Proceedings of the Sixth International Congress of Philosophy,,,20-33,10.5840/wcp6192720,https://doi.org/10.5840/wcp6192720,,Arthur Lovejoy
Crossref,1913,The Metamorphosis of the Carnegie Foundation,Arthur O. Lovejoy,journal-article,Science,37,954,546-552,10.1126/science.37.954.546,https://doi.org/10.1126/science.37.954.546,,Arthur Lovejoy
Crossref,1917,Progress in Philosophical Inquiry,Arthur O. Lovejoy,journal-article,The Philosophical Review,26,5,537,10.2307/2178048,https://doi.org/10.2307/2178048,,Arthur Lovejoy
Crossref,1927,""" Nature "" as Aesthetic Norm",Arthur O. Lovejoy,journal-article,Modern Language Notes,42,7,444,10.2307/2913933,https://doi.org/10.2307/2913933,,Arthur Lovejoy
Crossref,1928,Accounting Procedure for School Systems (Book).,Philip Lovejoy,journal-article,The Accounting Review,3,2,219-220,10.2308/tar-8591785,https://doi.org/10.2308/tar-8591785,,Arthur Lovejoy
Crossref,1917,Forest Biology,P. S. Lovejoy,journal-article,Journal of Forestry,15,2,203-214,10.1093/jof/15.2.203,https://doi.org/10.1093/jof/15.2.203,,Arthur Lovejoy
Crossref,1921,'Pride' in Eighteenth-Century Thought,Arthur O. Lovejoy,journal-article,Modern Language Notes,36,1,31,10.2307/2914820,https://doi.org/10.2307/2914820,,Arthur Lovejoy
Crossref,1909,The Obsolescence of the Eternal,Arthur O. Lovejoy,journal-article,The Philosophical Review,18,5,479,10.2307/2177450,https://doi.org/10.2307/2177450,,Arthur Lovejoy
Crossref,1923,IV.—‘REPRESENTATIVE IDEAS’ IN MALEBRANCHE AND ARNAULD,A. O. LOVEJOY,journal-article,Mind,XXXII,128,449-461,10.1093/mind/xxxii.128.449,https://doi.org/10.1093/mind/xxxii.128.449,,Arthur Lovejoy
Crossref,1919,Arthur Cann's spring catalog /,Arthur. Cann,monograph,,,,,10.5962/bhl.title.117576,https://doi.org/10.5962/bhl.title.117576,,Arthur Lovejoy
Crossref,1937,Milton and the Paradox of the Fortunate Fall,Arthur O. Lovejoy,journal-article,ELH,4,3,161,10.2307/2871531,https://doi.org/10.2307/2871531,,Arthur Lovejoy
Crossref,1926,III. Kapitel. Arthur Schopenhauers Stellung zum Weibe,,book-chapter,Die Wurzeln des Frauenhasses bei Arthur Schopenhauer,,,43-65,10.1515/9783111411033-004,https://doi.org/10.1515/9783111411033-004,,Arthur Lovejoy
Crossref,1961,"Owen R. Lovejoy, 1866-1961",,journal-article,Social Service Review,35,4,439-439,10.1086/641149,https://doi.org/10.1086/641149,,Arthur Lovejoy
Crossref,1946,Ellsworth Lovejoy Redfern,,journal-article,The Annals of Iowa,27,3,254-255,10.17077/0003-4827.6461,https://doi.org/10.17077/0003-4827.6461,,Arthur Lovejoy
Crossref,1942,John Lovejoy Elliott: 1868-1942,,journal-article,Social Service Review,16,2,341-341,10.1086/634006,https://doi.org/10.1086/634006,,Arthur Lovejoy
Crossref,1965,SURPRISED BY LOVEJOY,MARK ROBERTS,journal-article,Essays in Criticism,XV,1,118-130,10.1093/eic/xv.1.118,https://doi.org/10.1093/eic/xv.1.118,,Arthur Lovejoy
Crossref,1933,Morris's Six Theories of Mind,Arthur O. Lovejoy,journal-article,The Philosophical Review,42,6,617,10.2307/2180010,https://doi.org/10.2307/2180010,,Arthur Lovejoy
Crossref,1917,Arthur Cann's spring catalog /,Arthur. Cann,monograph,,,,,10.5962/bhl.title.113688,https://doi.org/10.5962/bhl.title.113688,,Arthur Lovejoy
Crossref,1967,[Letter from Snowden Arthur],Snowden Arthur,journal-article,The English Journal,56,1,140,10.2307/812712,https://doi.org/10.2307/812712,,Arthur Lovejoy
Crossref,1916,Arthur Cann's spring catalog : 1916 /,Arthur. Cann,monograph,,,,,10.5962/bhl.title.112084,https://doi.org/10.5962/bhl.title.112084,,Arthur Lovejoy
Crossref,1933,CERTAIN SAMARITANS,ESTHER POHL LOVEJOY,journal-article,"AJN, American Journal of Nursing",33,10,1016,10.1097/00000446-193310000-00050,https://doi.org/10.1097/00000446-193310000-00050,,Arthur Lovejoy
Crossref,1950,Terminal and Adjectival Values,Arthur O. Lovejoy,journal-article,The Journal of Philosophy,47,21,593,10.2307/2021804,https://doi.org/10.2307/2021804,,Arthur Lovejoy
Crossref,1966,Analysis of the overlearning reversal effect.,Elijah Lovejoy,journal-article,Psychological Review,73,1,87-103,10.1037/h0022687,https://doi.org/10.1037/h0022687,,Arthur Lovejoy
Crossref,1906,IV.—KANT'S ANTITHESIS OF DOGMATISM AND CRITICISM,ARTHUR O. LOVEJOY,journal-article,Mind,XV,58,191-214,10.1093/mind/xv.58.191,https://doi.org/10.1093/mind/xv.58.191,,Arthur Lovejoy
Crossref,1889,Is Man Left-Legged?,Fred'k A. Lovejoy; Francis H. Allen,journal-article,Science,ns-14,358,412-412,10.1126/science.ns-14.358.412-b,https://doi.org/10.1126/science.ns-14.358.412-b,,Arthur Lovejoy
Crossref,1932,The Parallel of Deism and Classicism,Arthur O. Lovejoy,journal-article,Modern Philology,29,3,281-299,10.1086/387970,https://doi.org/10.1086/387970,,Arthur Lovejoy
Crossref,1962,"Temperature scales above 1,000°C",D. R. Lovejoy,journal-article,Pure and Applied Chemistry,5,3-4,565-578,10.1351/pac196205030565,https://doi.org/10.1351/pac196205030565,,Arthur Lovejoy
Crossref,1951,326. To Mr. Lovejoy. 27 February. Waltham Cross.,Anthony Trollope,book-chapter,The Letters of Anthony Trollope,,,196-196,10.1093/oseo/instance.00193463,https://doi.org/10.1093/oseo/instance.00193463,,Arthur Lovejoy
Crossref,1911,Schopenhauer as an Evolutionist,Arthur O. Lovejoy,journal-article,Monist,21,2,195-222,10.5840/monist191121240,https://doi.org/10.5840/monist191121240,,Arthur Lovejoy
Crossref,1925,Reconstruction of Filters at Louisville,W. H. Lovejoy,journal-article,Journal AWWA,14,4,352-356,10.1002/j.1551-8833.1925.tb13336.x,https://doi.org/10.1002/j.1551-8833.1925.tb13336.x,,Arthur Lovejoy
Crossref,1963,1829,,book-chapter,"The Correspondence of Arthur Hugh Clough, Vol. 1",,,,10.1093/oseo/instance.00197094,https://doi.org/10.1093/oseo/instance.00197094,,Arthur Lovejoy
Crossref,1922,The Paradox of the Thinking Behaviorist,Arthur O. Lovejoy,journal-article,The Philosophical Review,31,2,135,10.2307/2178913,https://doi.org/10.2307/2178913,,Arthur Lovejoy
Crossref,1955,American Painting in Early Nineteenth-Century Gift Books,David S. Lovejoy,journal-article,American Quarterly,7,4,345,10.2307/2710429,https://doi.org/10.2307/2710429,,Arthur Lovejoy
Crossref,1922,Pragmatism and the New Materialism,Arthur O. Lovejoy,journal-article,The Journal of Philosophy,19,1,5,10.2307/2939682,https://doi.org/10.2307/2939682,,Arthur Lovejoy
Crossref,1937,Correction: [Milton and the Paradox of the Fortunate Fall],Arthur O. Lovejoy,journal-article,ELH,4,4,330,10.2307/2871637,https://doi.org/10.2307/2871637,,Arthur Lovejoy
Crossref,1945,ROY ARNOLD LOVEJOY,,journal-article,Medical Journal of Australia,1,6,164-164,10.5694/j.1326-5377.1945.tb54540.x,https://doi.org/10.5694/j.1326-5377.1945.tb54540.x,,Arthur Lovejoy
Crossref,1913,Error and the New Realism,A. O. Lovejoy,journal-article,The Philosophical Review,22,4,410,10.2307/2178389,https://doi.org/10.2307/2178389,,Arthur Lovejoy
Crossref,1911,Easter Carol,George Newell Lovejoy,journal-article,Journal of Education,73,15,399-399,10.1177/002205741107301503,https://doi.org/10.1177/002205741107301503,,Arthur Lovejoy
Crossref,1963,"Stress analysis of ship-suspended heavily loaded cables for deep underater emplacements / Arthur D. Little, Inc.",,monograph,,,,,10.5962/bhl.title.47281,https://doi.org/10.5962/bhl.title.47281,,Arthur Lovejoy
Crossref,1947,A Rejoinder to Professor Lovejoy,Henry Veatch,journal-article,Philosophy and Phenomenological Research,7,4,622,10.2307/2102987,https://doi.org/10.2307/2102987,,Arthur Lovejoy
Crossref,1925,James Harrington's Oceana.,Arthur O. Lovejoy; S. B. Liljegren,journal-article,Modern Language Notes,40,4,245,10.2307/2914292,https://doi.org/10.2307/2914292,,Arthur Lovejoy
Crossref,1927,The Meanings of ‘emergence’ and Its Modes,Arthur O. Lovejoy,journal-article,Philosophy,2,6,167-181,10.1017/s0031819100015199,https://doi.org/10.1017/s0031819100015199,,Arthur Lovejoy
Crossref,1948,Comment on Mr. Pegis's Rejoinder,Arthur O. Lovejoy,journal-article,Philosophy and Phenomenological Research,9,2,284,10.2307/2103394,https://doi.org/10.2307/2103394,,Arthur Lovejoy
Crossref,1922,Child Labor in the United States,Owen R. Lovejoy,journal-article,Current History,16,4,617-620,10.1525/curh.1922.16.4.617,https://doi.org/10.1525/curh.1922.16.4.617,,Arthur Lovejoy
Crossref,1938,Professional Association or Trade Union?,Arthur O. Lovejoy,journal-article,Bulletin of the American Association of University Professors,24,5,409,10.2307/40219424,https://doi.org/10.2307/40219424,,Arthur Lovejoy
Crossref,1907,Breaker Boys in Pennsylvania,Owen R. Lovejoy,journal-article,Journal of Education,66,15,410-411,10.1177/002205740706601521,https://doi.org/10.1177/002205740706601521,,Arthur Lovejoy
Crossref,1920,Schiller and the Genesis of Romanticism,Arthur O. Lovejoy,journal-article,Modern Language Notes,35,1,1,10.2307/2915339,https://doi.org/10.2307/2915339,,Arthur Lovejoy
Crossref,1932,"The Travels of Peter, Paul, and Zebedee",Arthur O. Lovejoy,journal-article,The Philosophical Review,41,5,498,10.2307/2180063,https://doi.org/10.2307/2180063,,Arthur Lovejoy
Crossref,1923,Child Labor and Education,Owen R. Lovejoy,journal-article,Journal of Education,97,24,656-659,10.1177/002205742309702404,https://doi.org/10.1177/002205742309702404,,Arthur Lovejoy
Crossref,1907,Kant's Classification of the Forms of Judgment,Arthur O. Lovejoy,journal-article,The Philosophical Review,16,6,588,10.2307/2177294,https://doi.org/10.2307/2177294,,Arthur Lovejoy
Crossref,1968,Anhydrous iron(III) nitrate,D. J. Lovejoy; A. J. Vosper,journal-article,Chemical Communications (London),,20,1208a,10.1039/c1968001208a,https://doi.org/10.1039/c1968001208a,,Arthur Lovejoy
Crossref,1926,II.Kapitel. Das Verhältnis Arthur Schopenhauers zu feinen Eltern,,book-chapter,Die Wurzeln des Frauenhasses bei Arthur Schopenhauer,,,16-42,10.1515/9783111411033-003,https://doi.org/10.1515/9783111411033-003,,Arthur Lovejoy
Crossref,1919,An Uncommon Ice Formation,Frederick A. Lovejoy; Francis H. Allen,journal-article,Science,49,1257,119-120,10.1126/science.49.1257.119-b,https://doi.org/10.1126/science.49.1257.119-b,,Arthur Lovejoy
Crossref,1919,An Uncommon Ice Formation,Frederick A. Lovejoy; Francis H. Allen,journal-article,Science,49,1257,119-120,10.1126/science.49.1257.119.b,https://doi.org/10.1126/science.49.1257.119.b,,Arthur Lovejoy
Crossref,1961,Sensitive Diaphragm Type Pressure Transducer,D. R. Lovejoy,journal-article,Review of Scientific Instruments,32,1,41-43,10.1063/1.1717141,https://doi.org/10.1063/1.1717141,,Arthur Lovejoy
Crossref,1910,The Retrospective Anticipations of the Carnegie Foundation,Arthur O. Lovejoy,journal-article,Science,31,794,414-415,10.1126/science.31.794.414,https://doi.org/10.1126/science.31.794.414,,Arthur Lovejoy
Crossref,1889,Is Man Left-Legged?,Fred'k A. Lovejoy; Francis H. Allen,journal-article,Science,ns-14,358,412-412,10.1126/science.ns-14.358.412.b,https://doi.org/10.1126/science.ns-14.358.412.b,,Arthur Lovejoy
Crossref,1967,Premarital Sex in a Changing Society.,Albert E. Lovejoy; Robert R. Bell,journal-article,Social Forces,46,1,143,10.2307/2575372,https://doi.org/10.2307/2575372,,Arthur Lovejoy
Crossref,1964,I. Early Life Of Arthur Hamilton Gordon,,book-chapter,The Career of Arthur Hamilton Gordon,,,1-15,10.3138/9781442652699-003,https://doi.org/10.3138/9781442652699-003,,Arthur Lovejoy
Crossref,1942,"Bibliography of The Writings of Edgar Arthur Singer, Jr.",,book-chapter,Philosophical Essays,,,373-378,10.9783/9781512815245-023,https://doi.org/10.9783/9781512815245-023,,Arthur Lovejoy
Crossref,1931,The Paradox of the Time-Retarding Journey,Arthur O. Lovejoy,journal-article,The Philosophical Review,40,2,152,10.2307/2180201,https://doi.org/10.2307/2180201,,Arthur Lovejoy
Crossref,1932,Dualisms Good and Bad (II),Arthur O. Lovejoy,journal-article,The Journal of Philosophy,29,14,375,10.2307/2016371,https://doi.org/10.2307/2016371,,Arthur Lovejoy
Crossref,1914,Forty years' experience of a practical hog man; a practical book for the pure bred swine breeder and farmer,Andrew James Lovejoy,monograph,,,,,10.5962/bhl.title.42519,https://doi.org/10.5962/bhl.title.42519,,Arthur Lovejoy
Crossref,1938,?The passing of Arthur? and ?Ymadawiad Arthur?,G. J. Visser,journal-article,Neophilologus,23,1,46-52,10.1007/bf01526399,https://doi.org/10.1007/bf01526399,,Arthur Lovejoy
Crossref,1915,Organization of the American Association of University Professors,A. O. Lovejoy,journal-article,Science,41,1048,151-154,10.1126/science.41.1048.151,https://doi.org/10.1126/science.41.1048.151,,Arthur Lovejoy
Crossref,1963,Some Boiling and Triple Points Below 0° C,D. R. LOVEJOY,journal-article,Nature,197,4865,353-354,10.1038/197353a0,https://doi.org/10.1038/197353a0,,Arthur Lovejoy
Crossref,1963,Reflections on Human Nature.,W. T. Stace; Arthur O. Lovejoy,journal-article,The Philosophical Review,72,1,111,10.2307/2183069,https://doi.org/10.2307/2183069,,Arthur Lovejoy
Crossref,1925,MYCETOMA,EDWARD D. LOVEJOY,journal-article,Archives of Dermatology and Syphilology,11,1,71,10.1001/archderm.1925.02370010084004,https://doi.org/10.1001/archderm.1925.02370010084004,,Arthur Lovejoy
Crossref,1963,Reflections on Human Nature.,I. G. Wallace; Arthur O. Lovejoy,journal-article,The Philosophical Quarterly,13,53,369,10.2307/2955534,https://doi.org/10.2307/2955534,,Arthur Lovejoy
Crossref,1920,Spring garden guide 1920 /,,monograph,,,,,10.5962/bhl.title.120310,https://doi.org/10.5962/bhl.title.120310,,Arthur Lovejoy
Crossref,1952,Report on Quality Factors in Processed Vege-Table Products,Rodney D Lovejoy,journal-article,Journal of AOAC INTERNATIONAL,35,2,179-181,10.1093/jaoac/35.2.179a,https://doi.org/10.1093/jaoac/35.2.179a,,Arthur Lovejoy
Crossref,1932,Dualisms Good and Bad (I),Arthur O. Lovejoy,journal-article,The Journal of Philosophy,29,13,337,10.2307/2016777,https://doi.org/10.2307/2016777,,Arthur Lovejoy
Crossref,1931,The Time-Retarding Journey: A Reply,Arthur O. Lovejoy,journal-article,The Philosophical Review,40,6,549,10.2307/2180043,https://doi.org/10.2307/2180043,,Arthur Lovejoy
Crossref,1923,Amend the Constitution,Owes R. Lovejoy,journal-article,Journal of Education,97,9,237-237,10.1177/002205742309700906,https://doi.org/10.1177/002205742309700906,,Arthur Lovejoy
Crossref,1928,<i>Certain Samaritans</i>. Esther Pohl Lovejoy,,journal-article,Social Service Review,2,3,528-528,10.1086/630431,https://doi.org/10.1086/630431,,Arthur Lovejoy
Crossref,1918,Spring 1918 garden guide /,,monograph,,,,,10.5962/bhl.title.116419,https://doi.org/10.5962/bhl.title.116419,,Arthur Lovejoy
Crossref,1917,1917 spring garden guide /,,monograph,,,,,10.5962/bhl.title.114619,https://doi.org/10.5962/bhl.title.114619,,Arthur Lovejoy
Crossref,1931,"Arthur A. Arenius, gladiolus grower",Arthur A. Arenius,monograph,,,,,10.5962/bhl.title.150276,https://doi.org/10.5962/bhl.title.150276,,Arthur Lovejoy
Crossref,1963,1835–9,,book-chapter,"The Correspondence of Arthur Hugh Clough, Vol. 1",,,,10.1093/oseo/instance.00197105,https://doi.org/10.1093/oseo/instance.00197105,,Arthur Lovejoy
Crossref,1914,The Concept of Consciousness.,Arthur O. Lovejoy; Edwin B. Holt,journal-article,The Philosophical Review,23,6,664,10.2307/2178138,https://doi.org/10.2307/2178138,,Arthur Lovejoy
Crossref,1942,Evidence: Admissibility of Hospital Records as Business Entries,Robert C. Lovejoy,journal-article,Michigan Law Review,40,7,1105,10.2307/1282871,https://doi.org/10.2307/1282871,,Arthur Lovejoy
Crossref,1909,Professor Lovejoy on “Der vorchristliche Jesus”,W. B. Smith,journal-article,Monist,19,3,409-420,10.5840/monist190919311,https://doi.org/10.5840/monist190919311,,Arthur Lovejoy
Crossref,1963,1850–4,,book-chapter,"The Correspondence of Arthur Hugh Clough, Vol. 2",,,,10.1093/oseo/instance.00197398,https://doi.org/10.1093/oseo/instance.00197398,,Arthur Lovejoy
Crossref,1963,1860–2,,book-chapter,"The Correspondence of Arthur Hugh Clough, Vol. 2",,,,10.1093/oseo/instance.00197633,https://doi.org/10.1093/oseo/instance.00197633,,Arthur Lovejoy
Crossref,1963,1830–4,,book-chapter,"The Correspondence of Arthur Hugh Clough, Vol. 1",,,,10.1093/oseo/instance.00197097,https://doi.org/10.1093/oseo/instance.00197097,,Arthur Lovejoy
Crossref,1914,Bergson and Romantic Evolutionism.,Nann Clark Barr; A. O. Lovejoy,journal-article,The Philosophical Review,23,5,576,10.2307/2178597,https://doi.org/10.2307/2178597,,Arthur Lovejoy
Crossref,1942,Youth Work Programs: Problems and Policies.,Gordon W. Lovejoy; Lewis L. Lorwin,journal-article,Social Forces,20,3,416,10.2307/3005654,https://doi.org/10.2307/3005654,,Arthur Lovejoy
Crossref,1932,Communications: Genesis of the Association,Arthur O. Lovejoy,journal-article,Bulletin of the American Association of University Professors,18,4,305,10.2307/40218899,https://doi.org/10.2307/40218899,,Arthur Lovejoy
Crossref,1962,Pulmonary Function in Diaphragmatic Paralysis,M. McCredie; F. W. Lovejoy; N. L. Kaltreider,journal-article,Thorax,17,3,213-217,10.1136/thx.17.3.213,https://doi.org/10.1136/thx.17.3.213,,Arthur Lovejoy
Crossref,1964,Studies in Arthur Schnitzler,,edited-book,,,,,10.1353/book.75807,https://doi.org/10.1353/book.75807,,Arthur Lovejoy
Crossref,1924,Effect of Back Pressure on Wells in Brock Field,J.M. Lovejoy,journal-article,Transactions of the AIME,70,01,1153-1158,10.2118/924153-g,https://doi.org/10.2118/924153-g,,Arthur Lovejoy
Crossref,1919,Annual Message of the President,Arthur O. Lovejoy,journal-article,Bulletin of the American Association of University Professors,5,7/8,10,10.2307/40216934,https://doi.org/10.2307/40216934,,Arthur Lovejoy
Crossref,1949,Essays in the History of Ideas.,Arnold Isenberg; Arthur O. Lovejoy,journal-article,The Philosophical Review,58,4,372,10.2307/2182084,https://doi.org/10.2307/2182084,,Arthur Lovejoy
Crossref,1913,Arthur Chuquet,,book-chapter,Charakteristiken,,,263-308,10.1515/9783111454610-014,https://doi.org/10.1515/9783111454610-014,,Arthur Lovejoy
Crossref,1933,Dualism and the Paradox of Reference,Arthur O. Lovejoy,journal-article,The Journal of Philosophy,30,22,589,10.2307/2016901,https://doi.org/10.2307/2016901,,Arthur Lovejoy
Crossref,1963,1855–9,,book-chapter,"The Correspondence of Arthur Hugh Clough, Vol. 2",,,,10.1093/oseo/instance.00197532,https://doi.org/10.1093/oseo/instance.00197532,,Arthur Lovejoy
Crossref,1918,Spring 1918-1919 garden guide /,,monograph,,,,,10.5962/bhl.title.117330,https://doi.org/10.5962/bhl.title.117330,,Arthur Lovejoy
Crossref,1963,1845–9,,book-chapter,"The Correspondence of Arthur Hugh Clough, Vol. 1",,,,10.1093/oseo/instance.00197206,https://doi.org/10.1093/oseo/instance.00197206,,Arthur Lovejoy
Crossref,1920,"Schiller and the Genesis of Romanticism, Part II",Arthur O. Lovejoy,journal-article,Modern Language Notes,35,3,136,10.2307/2915501,https://doi.org/10.2307/2915501,,Arthur Lovejoy
Crossref,1912,The Meaning of Driesch and the Meaning of Vitalism,Arthur O. Lovejoy,journal-article,Science,36,933,672-675,10.1126/science.36.933.672,https://doi.org/10.1126/science.36.933.672,,Arthur Lovejoy
Crossref,1963,1840–4,,book-chapter,"The Correspondence of Arthur Hugh Clough, Vol. 1",,,,10.1093/oseo/instance.00197166,https://doi.org/10.1093/oseo/instance.00197166,,Arthur Lovejoy
Crossref,1926,The Worst-First Theory,P. S. Lovejoy,journal-article,Journal of Forestry,24,4,351-357,10.1093/jof/24.4.351,https://doi.org/10.1093/jof/24.4.351,,Arthur Lovejoy
Crossref,1931,The Paradox of the Time-Retarding Journey (I.),Arthur O. Lovejoy,journal-article,The Philosophical Review,40,1,48,10.2307/2180278,https://doi.org/10.2307/2180278,,Arthur Lovejoy
Crossref,1936,Primitivism and Related Ideas in Antiquity,George Depue Hadzsits; Arthur O. Lovejoy; George Boas,journal-article,The Classical Weekly,30,7,73,10.2307/4339823,https://doi.org/10.2307/4339823,,Arthur Lovejoy
Crossref,1963,Reflections on Human Nature,R. L. Brett; Arthur O. Lovejoy,journal-article,The Modern Language Review,58,2,243,10.2307/3721266,https://doi.org/10.2307/3721266,,Arthur Lovejoy
Crossref,1941,Equity: Specific Performance of Contract to Lend Money,Robert C. Lovejoy,journal-article,Michigan Law Review,40,2,303,10.2307/1282729,https://doi.org/10.2307/1282729,,Arthur Lovejoy
Crossref,1968,Owen Lovejoy: Abolitionist in Congress,Larry Gara; Edward Magdol,journal-article,The American Historical Review,73,3,921,10.2307/1870843,https://doi.org/10.2307/1870843,,Arthur Lovejoy
Crossref,1937,Freedom of Speech,A. J. Carlson; A. O. Lovejoy,journal-article,Bulletin of the American Association of University Professors,23,1,26,10.2307/40219811,https://doi.org/10.2307/40219811,,Arthur Lovejoy
Crossref,1963,1850–4,,book-chapter,"The Correspondence of Arthur Hugh Clough, Vol. 1",,,,10.1093/oseo/instance.00197337,https://doi.org/10.1093/oseo/instance.00197337,,Arthur Lovejoy
Crossref,1947,Analogy and Contradiction: A Surrejoinder,Arthur O. Lovejoy,journal-article,Philosophy and Phenomenological Research,7,4,626,10.2307/2102988,https://doi.org/10.2307/2102988,,Arthur Lovejoy
Crossref,1917,On Some Conditions of Progress in Philosophical Inquiry,Arthur O. Lovejoy,journal-article,The Philosophical Review,26,2,123,10.2307/2178425,https://doi.org/10.2307/2178425,,Arthur Lovejoy
Crossref,1954,"Lovewell's Fight and Hawthorne's ""Roger Malvin's Burial""",David S. Lovejoy,journal-article,The New England Quarterly,27,4,527,10.2307/362120,https://doi.org/10.2307/362120,,Arthur Lovejoy
Crossref,1910,Review of The Idea of the Soul.,Arthur O. Lovejoy,journal-article,Psychological Bulletin,7,10,354-358,10.1037/h0066407,https://doi.org/10.1037/h0066407,,Arthur Lovejoy
Crossref,1939,Present Standpoints and Past History,Arthur O. Lovejoy,journal-article,The Journal of Philosophy,36,18,477,10.2307/2017901,https://doi.org/10.2307/2017901,,Arthur Lovejoy
Crossref,1930,The Dialectical Argument against Absolute Simultaneity. II,Arthur O. Lovejoy,journal-article,The Journal of Philosophy,27,24,645,10.2307/2016326,https://doi.org/10.2307/2016326,,Arthur Lovejoy
Crossref,1950,Essays in the History of Ideas.,A. O. Aldridge; Arthur O. Lovejoy,journal-article,Modern Language Notes,65,8,545,10.2307/2909304,https://doi.org/10.2307/2909304,,Arthur Lovejoy
Crossref,1914,Reply to Professor Lovejoy,James H. Leuba,journal-article,The International Journal of Ethics,24,4,452-452,10.1086/intejethi.24.4.2376779,https://doi.org/10.1086/intejethi.24.4.2376779,,Arthur Lovejoy
Crossref,1959,Arthur Baumgarten,Karl Polak,edited-book,,,,,10.1515/9783112533062,https://doi.org/10.1515/9783112533062,,Arthur Lovejoy
Crossref,1966,"Review: <i>Life Histories of North American Petrels and Their Allies</i>, by Arthur Cleveland Bent; <i>Life Histories of North American Woodpeckers</i>, by Arthur Cleveland Bent; <i>Life Histories of North American Cuckoos, Goatsuckers, Hummingbirds and Their Allies</i>, by Arthur Cleveland Bent; <i>Life Histories of North American Jays, Crows and Titmice</i>, by Arthur Cleveland Bent; <i>Life Histories of North American Nuthatches, Wrens, and Their Allies</i>, by Arthur Cleveland Bent; <i>Life Histories of North American Thrushes, Kinglets, and Their Allies</i>, by Arthur Cleveland Bent; <i>Life Histories of North American Wagtails, Shrikes, Vireos, and Their Allies</i>, by Arthur Cleveland Bent; and <i>Life Histories of North American Blackbirds, Orioles, Tanagers and Allies</i>, by Arthur Cleveland Bent","Val Nolan,",journal-article,The American Biology Teacher,28,2,132-133,10.2307/4441255,https://doi.org/10.2307/4441255,,Arthur Lovejoy
Crossref,1968,"Labor Productivity in Italian Agriculture, 1951–1973",Robert M. Lovejoy,journal-article,ILR Review,21,4,570-580,10.1177/001979396802100406,https://doi.org/10.1177/001979396802100406,,Arthur Lovejoy
Crossref,1925,The Arthur L. Watson Nurseries at Strawberry Acres : fall 1925 - spring 1926,,monograph,,,,,10.5962/bhl.title.134487,https://doi.org/10.5962/bhl.title.134487,,Arthur Lovejoy
Crossref,1906,The Fundamental Concept of Primitive Philosophy,Arthur O. Lovejoy,journal-article,Monist,16,3,357-382,10.5840/monist190616324,https://doi.org/10.5840/monist190616324,,Arthur Lovejoy
Crossref,1968,The immature stages of <i>Ixodes tatei</i> Arthur (Ixodidae),Don. R. Arthur,journal-article,Parasitology,58,1,165-169,10.1017/s0031182000073510,https://doi.org/10.1017/s0031182000073510,,Arthur Lovejoy
Crossref,1938,The Relativity Paradoxes: A Footnote to the Lovejoy-McGilvary Controversy,Nathaniel H. Stevens,journal-article,The Philosophical Review,47,6,624,10.2307/2180705,https://doi.org/10.2307/2180705,,Arthur Lovejoy
Crossref,1962,Anomalous Quadrupole Coupling in Europium Ethylsulfate,B. R. Judd; C. A. Lovejoy; D. A. Shirley,journal-article,Physical Review,128,4,1733-1740,10.1103/physrev.128.1733,https://doi.org/10.1103/physrev.128.1733,,Arthur Lovejoy
Crossref,1967,"Arthur Miller by Leonard Moss, and: Arthur Miller, Dramatist by Edward Murray (review)",,journal-article,Modern Drama,10,3,329-330,10.1353/mdr.1967.0037,https://doi.org/10.1353/mdr.1967.0037,,Arthur Lovejoy
Crossref,1967,"Arthur Miller by Leonard Moss, and: Arthur Miller, Dramatist by Edward Murray (review)",,journal-article,Modern Drama,10,3,329-330,10.1353/mdr.1967.0037,https://doi.org/10.1353/mdr.1967.0037,,Arthur Lovejoy
Crossref,1911,William James as Philosopher,Arthur O. Lovejoy,journal-article,The International Journal of Ethics,21,2,125-153,10.1086/intejethi.21.2.2377028,https://doi.org/10.1086/intejethi.21.2.2377028,,Arthur Lovejoy
Crossref,1959,Frontmatter,,book-chapter,Arthur Baumgarten,,,1-6,10.1515/9783112533062-fm,https://doi.org/10.1515/9783112533062-fm,,Arthur Lovejoy
Crossref,1967,"Samuel Hopkins: Religion, Slavery, and the Revolution",David S. Lovejoy,journal-article,The New England Quarterly,40,2,227,10.2307/363769,https://doi.org/10.2307/363769,,Arthur Lovejoy
Crossref,1916,On the Meaning of 'Romantic' in Early German Romanticism,A. O. Lovejoy,journal-article,Modern Language Notes,31,7,385,10.2307/2915437,https://doi.org/10.2307/2915437,,Arthur Lovejoy
Crossref,1969,Letter to the Editor,Frederick H. Lovejoy; J. Roger Hollister; Thomas K. McInerny,journal-article,Pediatrics,43,6,1050-1050,10.1542/peds.43.6.1050,https://doi.org/10.1542/peds.43.6.1050,,Arthur Lovejoy
Crossref,1912,The Problem of Time in Recent French Philosophy. I.,Arthur O. Lovejoy,journal-article,The Philosophical Review,21,1,11,10.2307/2177595,https://doi.org/10.2307/2177595,,Arthur Lovejoy
Crossref,1923,A Three Year Cycle for Social Work Conferences,O. R. Lovejoy,journal-article,Social Forces,1,2,129-130,10.2307/3004909,https://doi.org/10.2307/3004909,,Arthur Lovejoy
Crossref,1967,An Annotated Arthur Schnitzler Bibliography,,edited-book,,,,,10.1353/book.75770,https://doi.org/10.1353/book.75770,,Arthur Lovejoy
Crossref,1923,"The Supposed Primitivism of Rousseau's ""Discourse on Inequality""",Arthur O. Lovejoy,journal-article,Modern Philology,21,2,165-186,10.1086/387491,https://doi.org/10.1086/387491,,Arthur Lovejoy
Crossref,1908,Pragmatism and Theology,Arthur O. Lovejoy,journal-article,The American Journal of Theology,12,1,116-143,10.1086/478735,https://doi.org/10.1086/478735,,Arthur Lovejoy
Crossref,1912,The Problem of Time in Recent French Philosophy,Arthur O. Lovejoy,journal-article,The Philosophical Review,21,5,527,10.2307/2177176,https://doi.org/10.2307/2177176,,Arthur Lovejoy
Crossref,1904,The Philosophy of Hobbes.,Arthur O. Lovejoy; Frederick J. E. Woodbridge,journal-article,The Philosophical Review,13,3,385,10.2307/2176296,https://doi.org/10.2307/2176296,,Arthur Lovejoy
Crossref,1962,Cyclical Sensitivity of Public Utilities: 1947-59,Wallace F. Lovejoy; David A. Bowers,journal-article,Land Economics,38,4,327,10.2307/3144491,https://doi.org/10.2307/3144491,,Arthur Lovejoy
Crossref,1909,The Meaning of Φυσις in the Greek Physiologers,Arthur O. Lovejoy,journal-article,The Philosophical Review,18,4,369,10.2307/2177774,https://doi.org/10.2307/2177774,,Arthur Lovejoy
Crossref,1963,"The Reason, the Understanding and Time",Paul Roubiczek; Arthur O. Lovejoy,journal-article,The Modern Language Review,58,2,292,10.2307/3721310,https://doi.org/10.2307/3721310,,Arthur Lovejoy
Crossref,1912,The Problem of Time in Recent French Philosophy. II.,Arthur O. Lovejoy,journal-article,The Philosophical Review,21,3,322,10.2307/2177714,https://doi.org/10.2307/2177714,,Arthur Lovejoy
Crossref,1966,"Review: <i>Life Histories of North American Petrels and Their Allies</i>, by Arthur Cleveland Bent; <i>Life Histories of North American Woodpeckers</i>, by Arthur Cleveland Bent; <i>Life Histories of North American Cuckoos, Goatsuckers, Hummingbirds and Their Allies</i>, by Arthur Cleveland Bent; <i>Life Histories of North American Jays, Crows and Titmice</i>, by Arthur Cleveland Bent; <i>Life Histories of North American Nuthatches, Wrens, and Their Allies</i>, by Arthur Cleveland Bent; <i>Life Histories of North American Thrushes, Kinglets, and Their Allies</i>, by Arthur Cleveland Bent; <i>Life Histories of North American Wagtails, Shrikes, Vireos, and Their Allies</i>, by Arthur Cleveland Bent; and <i>Life Histories of North American Blackbirds, Orioles, Tanagers and Allies</i>, by Arthur Cleveland Bent","Val Nolan,",journal-article,The American Biology Teacher,28,2,132-133,10.2307/4441255,https://doi.org/10.2307/4441255,,Arthur Lovejoy
Crossref,1948,My Friend Lovejoy,William Pepperell Montague,journal-article,Journal of the History of Ideas,9,4,424,10.2307/2707215,https://doi.org/10.2307/2707215,,Arthur Lovejoy
Crossref,1930,The Dialectical Argument Against Absolute Simultaneity. I,Arthur O. Lovejoy,journal-article,The Journal of Philosophy,27,23,617,10.2307/2016868,https://doi.org/10.2307/2016868,,Arthur Lovejoy
Crossref,1932,The First Gothic Revival and the Return to Nature,Arthur O. Lovejoy,journal-article,Modern Language Notes,47,7,419,10.2307/2913411,https://doi.org/10.2307/2913411,,Arthur Lovejoy
Crossref,1967,Infrared Spectrum of Germylacetylene,R. W. Lovejoy; D. R. Baker,journal-article,The Journal of Chemical Physics,46,2,658-665,10.1063/1.1840722,https://doi.org/10.1063/1.1840722,,Arthur Lovejoy
Crossref,1968,Cdrs. Strange and Arthur Reply,RANSOM J. ARTHUR; ROBERT E. STRANGE,journal-article,American Journal of Psychiatry,124,8,1138-1138,10.1176/ajp.124.8.1138,https://doi.org/10.1176/ajp.124.8.1138,,Arthur Lovejoy
Crossref,1917,Summer and autumn. Boddington's garden guide. 1917,,monograph,,,,,10.5962/bhl.title.113892,https://doi.org/10.5962/bhl.title.113892,,Arthur Lovejoy
Crossref,1955,Industrial Conflict Arthur Kornhauser Robert Dubin Arthur M. Ross,Alvin W. Gouldner,journal-article,Social Problems,3,1,50-50,10.2307/798743,https://doi.org/10.2307/798743,,Arthur Lovejoy
Crossref,1963,"The Correspondence of Arthur Hugh Clough, Vol. 2",Arthur Hugh Clough,edited-book,,,,,10.1093/actrade/9780198778059.book.1,https://doi.org/10.1093/actrade/9780198778059.book.1,,Arthur Lovejoy
Crossref,1965,An attention theory of discrimination learning,Elijah Lovejoy,journal-article,Journal of Mathematical Psychology,2,2,342-362,10.1016/0022-2496(65)90009-x,https://doi.org/10.1016/0022-2496(65)90009-x,,Arthur Lovejoy
Crossref,1955,": Industrial Conflict . Arthur Kornhauser, Robert Dubin, Arthur M. Ross.",Alvin W. Gouldner,journal-article,Social Problems,3,1,50-50,10.1525/sp.1955.3.1.03a00080,https://doi.org/10.1525/sp.1955.3.1.03a00080,,Arthur Lovejoy
Crossref,1938,The Great Chain of Being.,John Herman Randall; Arthur O. Lovejoy,journal-article,The Philosophical Review,47,2,214,10.2307/2180858,https://doi.org/10.2307/2180858,,Arthur Lovejoy
Crossref,1956,SETBACK SENSITIVITY STUDY,Jr O'Brien; Arthur W.,report,,,,,10.21236/ad0095101,https://doi.org/10.21236/ad0095101,,Arthur Lovejoy
Crossref,1955,"Rhode Island, a Brief History",David S. Lovejoy; Earl C. Tanner,journal-article,The New England Quarterly,28,2,275,10.2307/362790,https://doi.org/10.2307/362790,,Arthur Lovejoy
Crossref,1963,"The Correspondence of Arthur Hugh Clough, Vol. 1",Arthur Hugh Clough,edited-book,,,,,10.1093/actrade/9780198778042.book.1,https://doi.org/10.1093/actrade/9780198778042.book.1,,Arthur Lovejoy
Crossref,1929,Anti-Evolution Laws and the Principle of Religious Neutrality,Arthur O. Lovejoy,journal-article,Bulletin of the American Association of University Professors,15,4,307,10.2307/40218129,https://doi.org/10.2307/40218129,,Arthur Lovejoy
Crossref,1910,Some New Saprophytic Fungi of the Middle Rocky Mountain Region,Ruth Harrison Lovejoy,journal-article,Botanical Gazette,50,5,383-385,10.1086/330381,https://doi.org/10.1086/330381,,Arthur Lovejoy
Crossref,1927,"The Arthur L. Watson Nurseries at Strawberry Acres, Wyoming Park : 1927 [catalog]",,monograph,,,,,10.5962/bhl.title.139580,https://doi.org/10.5962/bhl.title.139580,,Arthur Lovejoy
Crossref,1942,"Review: <i>Latin America and the Enlightenment: Essays by Arthur P. Whitaker, Roland D. Hussey, Harry Bernstein, John Tate Lanning, Arthur Scott Aiton, and Alexander D. Marchant; Introduction by Federico de Onis</i>, by Arthur P. Whitaker, Roland D. Hussey, Harry Bernstein, John Tate Lanning, Arthur Scott Aiton, and Alexander D. Marchant",Lesley Byrd Simpson,journal-article,Pacific Historical Review,11,2,225-226,10.2307/3633776,https://doi.org/10.2307/3633776,,Arthur Lovejoy
Crossref,1921,Profit-Sharing and Industrial Peace,Arthur O. Lovejoy,journal-article,The International Journal of Ethics,31,3,241-263,10.1086/intejethi.31.3.2377579,https://doi.org/10.1086/intejethi.31.3.2377579,,Arthur Lovejoy
Crossref,1927,Man and the State,Arthur O. Lovejoy; William Ernest Hocking,journal-article,The Yale Law Journal,36,5,723,10.2307/789801,https://doi.org/10.2307/789801,,Arthur Lovejoy
Crossref,1923,State Land Policy in Michigan,P. S. Lovejoy,journal-article,Journal of Forestry,21,1,1-9,10.1093/jof/21.1.1,https://doi.org/10.1093/jof/21.1.1,,Arthur Lovejoy
Crossref,1937,The Freedom of the Teacher,Arthur O. Lovejoy; Howard K. Beale,journal-article,Bulletin of the American Association of University Professors,23,5,401,10.2307/40219896,https://doi.org/10.2307/40219896,,Arthur Lovejoy
Crossref,1924,Miscellany,C. A. Lovejoy,journal-article,The Boston Medical and Surgical Journal,190,26,1148-1148,10.1056/nejm192406261902621,https://doi.org/10.1056/nejm192406261902621,,Arthur Lovejoy
Crossref,1967,Acute Phenothiazine Toxicity in Childhood: A Five-Year Survey,J. M. GUPTA; F. H. LOVEJOY,journal-article,Pediatrics,39,5,771-774,10.1542/peds.39.5.771,https://doi.org/10.1542/peds.39.5.771,,Arthur Lovejoy
Crossref,1905,Abhandlungen der Fries'schen Schule.,Arthur O. Lovejoy; G. Hessenberg; K. Kaiser; Leonard Nelson,journal-article,The Philosophical Review,14,5,617,10.2307/2177498,https://doi.org/10.2307/2177498,,Arthur Lovejoy
Crossref,1919,Review of Lumber Industry Affairs,P. S. Lovejoy,journal-article,Journal of Forestry,17,3,245-259,10.1093/jof/17.3.245,https://doi.org/10.1093/jof/17.3.245,,Arthur Lovejoy
Crossref,1902,Religion and the Time-Process,Arthur O. Lovejoy,journal-article,The American Journal of Theology,6,3,439-472,10.1086/478108,https://doi.org/10.1086/478108,,Arthur Lovejoy
Crossref,1912,The Philosophy of John Norris of Bemerton.,A. O. Lovejoy; Flora Isabel MacKinnon,journal-article,The Philosophical Review,21,2,256,10.2307/2177365,https://doi.org/10.2307/2177365,,Arthur Lovejoy
Crossref,1911,"Three Philosophical Poets--Lucretius, Dante, and Goethe.",A. O. Lovejoy; George Santayana,journal-article,Modern Language Notes,26,8,244,10.2307/2916804,https://doi.org/10.2307/2916804,,Arthur Lovejoy
Crossref,1933,Certain Samaritans,Nina D. Gage; Esther Pohl Lovejoy,journal-article,The American Journal of Nursing,33,10,1016,10.2307/3412870,https://doi.org/10.2307/3412870,,Arthur Lovejoy
Crossref,1906,Abhandlungen der Fries'schen Schule.,Arthur O. Lovejoy; Gerhard Hessenberg; Karl Kaiser; Leonard Nelson,journal-article,The Philosophical Review,15,2,216,10.2307/2177744,https://doi.org/10.2307/2177744,,Arthur Lovejoy
Crossref,1967,Owen Lovejoy: Abolitionist in Congress,Louis Filler; Edward Magdol,journal-article,The Journal of American History,54,3,665,10.2307/2937459,https://doi.org/10.2307/2937459,,Arthur Lovejoy
Crossref,1968,"Legend Unending, Beginnings Unknown: P. S. Lovejoy on “Paul Bunyon”",,journal-article,Forest History Newsletter,11,4,37-38,10.2307/3982904,https://doi.org/10.2307/3982904,,Arthur Lovejoy
Crossref,1920,An embroidery book,Anne Knox Arthur,monograph,,,,,10.5479/sil.183202.39088003382694,https://doi.org/10.5479/sil.183202.39088003382694,,Arthur Lovejoy
Crossref,1918,A STUDY OF SOUTHERN CALIFORNIA PLACE NAMES,ORA A. LOVEJOY,journal-article,Annual Publication of the Historical Society of Southern California,11,1,44-50,10.2307/41168758,https://doi.org/10.2307/41168758,,Arthur Lovejoy
Crossref,1946,A Note on Peirce's Evolutionism,Arthur O. Lovejoy,journal-article,Journal of the History of Ideas,7,3,351,10.2307/2707405,https://doi.org/10.2307/2707405,,Arthur Lovejoy
Crossref,1932,The Letters of Matthew Arnold to Arthur Hugh Clough,Matthew Arnold,edited-book,,,,,10.1093/actrade/9780198124016.book.1,https://doi.org/10.1093/actrade/9780198124016.book.1,,Arthur Lovejoy
Crossref,1917,CHESTER ALAN ARTHUR,,book-chapter,Miscellaneous Addresses,,,109-114,10.4159/harvard.9780674289291.c12,https://doi.org/10.4159/harvard.9780674289291.c12,,Arthur Lovejoy
Crossref,1949,ARTHUR FAIREST LIMITED<i>V.</i>ARTHUR FAIREST,,journal-article,"Reports of Patent, Design and Trade Mark Cases",66,11,275-280,10.1093/rpc/66.11.275,https://doi.org/10.1093/rpc/66.11.275,,Arthur Lovejoy
Crossref,1967,An Annotated Arthur Schnitzler Bibliography,,monograph,,,,,10.5149/9781469657011_allen,https://doi.org/10.5149/9781469657011_allen,,Arthur Lovejoy
Crossref,1925,Prolegomena to an Idealist Theory of Knowledge.,Arthur O. Lovejoy; Norman Kemp Smith,journal-article,The Philosophical Review,34,2,185,10.2307/2179466,https://doi.org/10.2307/2179466,,Arthur Lovejoy
Crossref,1969,"Lac Arthur, Québec",,report,,,,,10.4095/116147,https://doi.org/10.4095/116147,,Arthur Lovejoy
Crossref,1959,Rhode Island Politics and the American Revolution: 1760-1776,Milton Cantor; David S. Lovejoy,journal-article,American Quarterly,11,3,431,10.2307/2710397,https://doi.org/10.2307/2710397,,Arthur Lovejoy
Crossref,1964,"""Cyclical Sensitivity of Public Utilities: 1947-59"": Rejoinder",Wallace F. Lovejoy; David A. Bowers,journal-article,Land Economics,40,3,338,10.2307/3144744,https://doi.org/10.2307/3144744,,Arthur Lovejoy
Crossref,1931,La Pensee de Jean-Jacques Rousseau; Essai d'interpretation nouvelle.,Arthur O. Lovejoy; Albert Schinz,journal-article,Modern Language Notes,46,1,41,10.2307/2913517,https://doi.org/10.2307/2913517,,Arthur Lovejoy
Crossref,1936,"The adrenals, by Arthur Grollman.",Arthur Grollman,monograph,,,,,10.5962/bhl.title.6430,https://doi.org/10.5962/bhl.title.6430,,Arthur Lovejoy
Crossref,1949,Counseling Youth for College,CLARENCE E. LOVEJOY,journal-article,Occupations: The Vocational Guidance Journal,27,6,381-386,10.1002/j.2164-5892.1949.tb01531.x,https://doi.org/10.1002/j.2164-5892.1949.tb01531.x,,Arthur Lovejoy
Crossref,1948,Autonomy and Necessity: A Rejoinder to Professor Lovejoy,A. C. Pegis,journal-article,Philosophy and Phenomenological Research,9,1,89,10.2307/2103853,https://doi.org/10.2307/2103853,,Arthur Lovejoy
Crossref,1920,"Bulbs for fall planting, strawberry plants, seasonable seeds and sundries /",,monograph,,,,,10.5962/bhl.title.120332,https://doi.org/10.5962/bhl.title.120332,,Arthur Lovejoy
Crossref,1955,SURFACE TENSION OF He<sup>3</sup>,D. R. LoveJoy,journal-article,Canadian Journal of Physics,33,2,49-53,10.1139/p55-008,https://doi.org/10.1139/p55-008,,Arthur Lovejoy
Crossref,1952,On a Supposed Resurgence of Vicious Intellectualism,Arthur O. Lovejoy,journal-article,The Journal of Philosophy,49,4,85,10.2307/2021577,https://doi.org/10.2307/2021577,,Arthur Lovejoy
Crossref,1970,The Taxonomic Status of the 'Meganthropus' Mandibular Fragments from the Djetis Beds of Java,C. Owen Lovejoy,journal-article,Man,5,2,228,10.2307/2799649,https://doi.org/10.2307/2799649,,Arthur Lovejoy
Crossref,1970,"177. To Arthur Symons, [15 January 1890]",Walter Pater,book-chapter,Letters of Walter Pater,,,,10.1093/oseo/instance.00209969,https://doi.org/10.1093/oseo/instance.00209969,,Arthur Lovejoy
Crossref,1912,"Price list of Arthur L. Norton, nurseryman and fruit grower",Arthur L. Norton,monograph,,,,,10.5962/bhl.title.105312,https://doi.org/10.5962/bhl.title.105312,,Arthur Lovejoy
Crossref,1970,"142. To Arthur Symons, 29 December [1888]",Walter Pater,book-chapter,Letters of Walter Pater,,,,10.1093/oseo/instance.00209934,https://doi.org/10.1093/oseo/instance.00209934,,Arthur Lovejoy
Crossref,1970,"148. To Arthur Symons, [24 March 1889]",Walter Pater,book-chapter,Letters of Walter Pater,,,,10.1093/oseo/instance.00209940,https://doi.org/10.1093/oseo/instance.00209940,,Arthur Lovejoy
Crossref,1970,"135. To Arthur Symons, 2 August [1888]",Walter Pater,book-chapter,Letters of Walter Pater,,,,10.1093/oseo/instance.00209927,https://doi.org/10.1093/oseo/instance.00209927,,Arthur Lovejoy
Crossref,1970,"103. To Arthur Symons, 2 December [1886]",Walter Pater,book-chapter,Letters of Walter Pater,,,,10.1093/oseo/instance.00209895,https://doi.org/10.1093/oseo/instance.00209895,,Arthur Lovejoy
Crossref,1939,Communications: Professional Association or Trade Union?,George A. Coe; Auther O. Lovejoy,journal-article,Bulletin of the American Association of University Professors,25,3,344,10.2307/40219344,https://doi.org/10.2307/40219344,,Arthur Lovejoy
Crossref,1917,On the Meaning of 'Romantic' in Early German Romanticism Part II,A. O. Lovejoy,journal-article,Modern Language Notes,32,2,65,10.2307/2915747,https://doi.org/10.2307/2915747,,Arthur Lovejoy
Crossref,1954,ARTHUR KROCK,,book-chapter,Newsmen Speak,,,48-50,10.1525/9780520354470-012,https://doi.org/10.1525/9780520354470-012,,Arthur Lovejoy
Crossref,1944,Reply to Professor Spitzer,Arthur O. Lovejoy,journal-article,Journal of the History of Ideas,5,2,204,10.2307/2707385,https://doi.org/10.2307/2707385,,Arthur Lovejoy
Crossref,1954,ARTHUR BRISBANE,,book-chapter,Newsmen Speak,,,28-33,10.1525/9780520354470-008,https://doi.org/10.1525/9780520354470-008,,Arthur Lovejoy
Crossref,1970,"145. To Arthur Symons, [11 February 1889]",Walter Pater,book-chapter,Letters of Walter Pater,,,,10.1093/oseo/instance.00209937,https://doi.org/10.1093/oseo/instance.00209937,,Arthur Lovejoy
Crossref,1970,"104A. To Arthur Symons, [April 1887]",Walter Pater,book-chapter,Letters of Walter Pater,,,,10.1093/oseo/instance.00210082,https://doi.org/10.1093/oseo/instance.00210082,,Arthur Lovejoy
Crossref,1915,Conditions at the University of Utah,John Dewey; A. O. Lovejoy; Edwin R. A. Seligman,journal-article,Science,41,1062,685-685,10.1126/science.41.1062.685-a,https://doi.org/10.1126/science.41.1062.685-a,,Arthur Lovejoy
Crossref,1922,"Time, Meaning and Transcendence--II.: Professor Dewey's Tertium Quid",Arthur O. Lovejoy,journal-article,The Journal of Philosophy,19,20,533,10.2307/2939326,https://doi.org/10.2307/2939326,,Arthur Lovejoy
Crossref,1952,In Defense of Individualistic Empiricism: Rejoinder to Mr. Lowe,Arthur O. Lovejoy,journal-article,The Journal of Philosophy,49,4,111,10.2307/2021580,https://doi.org/10.2307/2021580,,Arthur Lovejoy
Crossref,1968,Owen Lovejoy: Abolitionist in Congress.,Bertram Wyatt-Brown; Edward Magdol,journal-article,The Journal of Southern History,34,1,123,10.2307/2205497,https://doi.org/10.2307/2205497,,Arthur Lovejoy
Crossref,1968,A Technique for Mist-Netting in the Forest Canopy,Philip S. Humphrey; David Bridge; Thomas E. Lovejoy,journal-article,Bird-Banding,39,1,43,10.2307/4511439,https://doi.org/10.2307/4511439,,Arthur Lovejoy
Crossref,1949,The arthur adaptation of the leiter international performance scale,Grace Arthur,journal-article,Journal of Clinical Psychology,5,4,345-349,10.1002/1097-4679(194910)5:4<345::aid-jclp2270050402>3.0.co;2-0,https://doi.org/10.1002/1097-4679(194910)5:4<345::aid-jclp2270050402>3.0.co;2-0,,Arthur Lovejoy
Crossref,1915,CONDITIONS AT THE UNIVERSITY OF UTAH,J. Dewey; A. O. Lovejoy; E. R. A. Seligman,journal-article,Science,41,1062,685-685,10.1126/science.41.1062.685,https://doi.org/10.1126/science.41.1062.685,,Arthur Lovejoy
Crossref,1911,Book Review:A Beginner's History of Philosophy: Vol. II. Modern Philosophy. Herbert Ernest Cushman,Arthur O. Lovejoy,journal-article,Ethics,22,1,111,10.1086/206636,https://doi.org/10.1086/206636,,Arthur Lovejoy
Crossref,1942,The Communism of Saint Ambrose,Arthur O. Lovejoy,journal-article,Journal of the History of Ideas,3,4,458,10.2307/2707318,https://doi.org/10.2307/2707318,,Arthur Lovejoy
Crossref,1970,"268A. To Arthur Symons, [June 1894?]",Walter Pater,book-chapter,Letters of Walter Pater,,,,10.1093/oseo/instance.00210108,https://doi.org/10.1093/oseo/instance.00210108,,Arthur Lovejoy
Crossref,1970,"194. To Arthur Symons, 27 January [1891]",Walter Pater,book-chapter,Letters of Walter Pater,,,,10.1093/oseo/instance.00209986,https://doi.org/10.1093/oseo/instance.00209986,,Arthur Lovejoy
Crossref,1950,Essays in the History of Ideas,H. T. C.; Arthur O. Lovejoy,journal-article,The Journal of Philosophy,47,1,22,10.2307/2019435,https://doi.org/10.2307/2019435,,Arthur Lovejoy
Crossref,1970,"149. To Arthur Symons, [1? April 1889]",Walter Pater,book-chapter,Letters of Walter Pater,,,,10.1093/oseo/instance.00209941,https://doi.org/10.1093/oseo/instance.00209941,,Arthur Lovejoy
Crossref,1970,"189. To Arthur Symons, 18 October [1890]",Walter Pater,book-chapter,Letters of Walter Pater,,,,10.1093/oseo/instance.00209981,https://doi.org/10.1093/oseo/instance.00209981,,Arthur Lovejoy
Crossref,1911,"1911 price list of Arthur L. Norton, nurseryman and fruit grower",Arthur L. Norton,monograph,,,,,10.5962/bhl.title.104325,https://doi.org/10.5962/bhl.title.104325,,Arthur Lovejoy
Crossref,1959,Arthur Koestler and His Sleepwalkers<i>The Sleepwalkers</i>. Arthur Koestler,Giorgio de Santillana; Stillman Drake,journal-article,Isis,50,3,255-260,10.1086/348777,https://doi.org/10.1086/348777,,Arthur Lovejoy
Crossref,1906,Leibniz's Hauptschriften zur Grundlegung der Philosophie.,Arthur O. Lovejoy; A. Buchenau; Ernst Cassirer,journal-article,The Philosophical Review,15,4,437,10.2307/2177901,https://doi.org/10.2307/2177901,,Arthur Lovejoy
Crossref,1898,The Buddhistic technical terms upādāna and upādisesa,Arthur Oncken Lovejoy,journal-article,Journal of the American Oriental Society,19,,126,10.2307/592475,https://doi.org/10.2307/592475,,Lovejoy Buddhistic
Crossref,1921,A History of pre-Buddhistic Indian philosophy,"Barua, Beni Madhab",monograph,,,,,10.58837/chula.rarebook.2840,https://doi.org/10.58837/chula.rarebook.2840,,Lovejoy Buddhistic
Crossref,1904,"Catalogue the Yamanaka collection of Japanese antique metals, wood-carvings and things Buddhistic from temples and palaces.",,monograph,,,,,10.5479/sil.838750.39088017683400,https://doi.org/10.5479/sil.838750.39088017683400,,Lovejoy Buddhistic
Crossref,1911,"Lovejoy, A. O. Schopenhauer as an Evolutionist",A.O. Lovejoy,journal-article,Kant-Studien,16,1-3,,10.1515/kant-1911-0177,https://doi.org/10.1515/kant-1911-0177,,Lovejoy Buddhistic
Crossref,1911,"Lovejoy, Α. O. Kant and Evolution",A.O. Lovejoy,journal-article,Kant-Studien,16,1-3,,10.1515/kant-1911-0176,https://doi.org/10.1515/kant-1911-0176,,Lovejoy Buddhistic
Crossref,1962,How Buddhistic Is Wang Yang-ming?,Wing-Tsit Chan,journal-article,Philosophy East and West,12,3,203,10.2307/1397375,https://doi.org/10.2307/1397375,,Lovejoy Buddhistic
Crossref,1921,An Early Buddhistic Painting,S. C. Bosch Reitz,journal-article,The Metropolitan Museum of Art Bulletin,16,6,124,10.2307/3254463,https://doi.org/10.2307/3254463,,Lovejoy Buddhistic
Crossref,1916,Buddhistic Influence in the New Testament,Carl Clemen,journal-article,The American Journal of Theology,20,4,536-548,10.1086/479762,https://doi.org/10.1086/479762,,Lovejoy Buddhistic
Crossref,1919,"Hogs, by A.J. Lovejoy, with supplementary chapters on feeding by John M. Evvard ...",A. J. Lovejoy; John M. Evvard,monograph,,,,,10.5962/bhl.title.20972,https://doi.org/10.5962/bhl.title.20972,,Lovejoy Buddhistic
Crossref,1957,Buddhistic Overtones in Eliot's The Cocktail Party,R. Baird Shuman,journal-article,Modern Language Notes,72,6,426,10.2307/3043370,https://doi.org/10.2307/3043370,,Lovejoy Buddhistic
Crossref,1965,W. B. Yeats and Buddhistic Philosophy (1),Hiromi Ito,journal-article,JOURNAL OF INDIAN AND BUDDHIST STUDIES (INDOGAKU BUKKYOGAKU KENKYU),13,1,180-182,10.4259/ibk.13.180,https://doi.org/10.4259/ibk.13.180,,Lovejoy Buddhistic
Crossref,1918,A Buddhistic Painting from Corea,S. C. Bosch Reitz,journal-article,The Metropolitan Museum of Art Bulletin,13,12,290,10.2307/3253633,https://doi.org/10.2307/3253633,,Lovejoy Buddhistic
Crossref,1954,On Dravida in Buddhistic Texts,Monryu Nakajima,journal-article,JOURNAL OF INDIAN AND BUDDHIST STUDIES (INDOGAKU BUKKYOGAKU KENKYU),2,2,486-487,10.4259/ibk.2.486,https://doi.org/10.4259/ibk.2.486,,Lovejoy Buddhistic
Crossref,1967,W. B. Yeats and Buddhistic Philosophy,Hiromi Ito,journal-article,JOURNAL OF INDIAN AND BUDDHIST STUDIES (INDOGAKU BUKKYOGAKU KENKYU),16,1,241-244,10.4259/ibk.16.241,https://doi.org/10.4259/ibk.16.241,,Lovejoy Buddhistic
Crossref,1903,Catalogue of magnificent collection of antique carvings and things Buddhistic from temples and palaces of Japan and China,Charles Lang Freer,monograph,,,,,10.5479/sla.883279.39088015150808,https://doi.org/10.5479/sla.883279.39088015150808,,Lovejoy Buddhistic
Crossref,1966,W. B. Yeats and Buddhistic Philosophy [2],Hiromi Ito,journal-article,JOURNAL OF INDIAN AND BUDDHIST STUDIES (INDOGAKU BUKKYOGAKU KENKYU),14,2,770-775,10.4259/ibk.14.770,https://doi.org/10.4259/ibk.14.770,,Lovejoy Buddhistic
Crossref,1962,Research on Physiognomy As Revealed in Buddhistic Scriptures,Zenichiro Shima,journal-article,JOURNAL OF INDIAN AND BUDDHIST STUDIES (INDOGAKU BUKKYOGAKU KENKYU),10,2,615-618,10.4259/ibk.10.615,https://doi.org/10.4259/ibk.10.615,,Lovejoy Buddhistic
Crossref,1906,The Buddhistic Rule against Eating Meat,E. Washburn Hopkins,journal-article,Journal of the American Oriental Society,27,,455,10.2307/592870,https://doi.org/10.2307/592870,,Lovejoy Buddhistic
Crossref,1923,A Buddhistic Passage in Manu,E. Washburn Hopkins,journal-article,Journal of the American Oriental Society,43,,244,10.2307/593344,https://doi.org/10.2307/593344,,Lovejoy Buddhistic
Crossref,1930,Japanese Buddhistic Art of the Eighth Century,Pauline Simmons,journal-article,The Metropolitan Museum of Art Bulletin,25,11,247,10.2307/3255656,https://doi.org/10.2307/3255656,,Lovejoy Buddhistic
Crossref,1967,Buddhistic Education in Meiji Period,Akitoshi Saito,journal-article,JOURNAL OF INDIAN AND BUDDHIST STUDIES (INDOGAKU BUKKYOGAKU KENKYU),16,1,261-263,10.4259/ibk.16.261,https://doi.org/10.4259/ibk.16.261,,Lovejoy Buddhistic
Crossref,1955,Buddhistic Thought Revealed in Mongolian Literature -Its General Tendencies,Hidetomo Kanaoka,journal-article,JOURNAL OF INDIAN AND BUDDHIST STUDIES (INDOGAKU BUKKYOGAKU KENKYU),3,2,641-643,10.4259/ibk.3.641,https://doi.org/10.4259/ibk.3.641,,Lovejoy Buddhistic
Crossref,1965,Research on Physiognomy as Revealed in Buddhistic Scriptures,Zenichiro Shima,journal-article,JOURNAL OF INDIAN AND BUDDHIST STUDIES (INDOGAKU BUKKYOGAKU KENKYU),13,2,729-732,10.4259/ibk.13.729,https://doi.org/10.4259/ibk.13.729,,Lovejoy Buddhistic
Crossref,1903,Catalogue of magnificent collection of antique carvings and things Buddhistic from temples and palaces of Japan and China,Charles Lang Freer,monograph,,,,,10.5479/sla.933026.39088015150766,https://doi.org/10.5479/sla.933026.39088015150766,,Lovejoy Buddhistic
Crossref,1961,Fundamental Difference between Buddhistic and Vedantic Philosophies,Kumataro Kawada,journal-article,JOURNAL OF INDIAN AND BUDDHIST STUDIES (INDOGAKU BUKKYOGAKU KENKYU),9,1,410-403,10.4259/ibk.9.410,https://doi.org/10.4259/ibk.9.410,,Lovejoy Buddhistic
Crossref,1962,Advanced Thought on Buddhistic-Nature in Mahaparinirvana Sutra,Doki Suda,journal-article,JOURNAL OF INDIAN AND BUDDHIST STUDIES (INDOGAKU BUKKYOGAKU KENKYU),10,2,595-598,10.4259/ibk.10.595,https://doi.org/10.4259/ibk.10.595,,Lovejoy Buddhistic
Crossref,1911,Female Buddhistic Deity: Said to Be of Tibetan Provenance,Mrs. Cornelius Stevenson,journal-article,Bulletin of the Pennsylvania Museum,9,35,45,10.2307/3793624,https://doi.org/10.2307/3793624,,Lovejoy Buddhistic
Crossref,1965,“Enkyoku” (Anthology of Banquet Songs) and Buddhistic Carols,Akio Takeishi,journal-article,JOURNAL OF INDIAN AND BUDDHIST STUDIES (INDOGAKU BUKKYOGAKU KENKYU),14,1,308-311,10.4259/ibk.14.308,https://doi.org/10.4259/ibk.14.308,,Lovejoy Buddhistic
Crossref,1961,Buddhistic Variants of two Portions of the Isibhasiyaim,Seiren Matsunami,journal-article,JOURNAL OF INDIAN AND BUDDHIST STUDIES (INDOGAKU BUKKYOGAKU KENKYU),9,2,748-741,10.4259/ibk.9.748,https://doi.org/10.4259/ibk.9.748,,Lovejoy Buddhistic
Crossref,1914,Albert J. Edmunds and the Buddhistic and Christian Gospels,George A. Barton,journal-article,Journal of Biblical Literature,33,3,244,10.2307/3260239,https://doi.org/10.2307/3260239,,Lovejoy Buddhistic
Crossref,1970,A Method of Educational Training in the Buddhistic Counselling,Kiyoshi Fujita,journal-article,JOURNAL OF INDIAN AND BUDDHIST STUDIES (INDOGAKU BUKKYOGAKU KENKYU),19,1,116-119,10.4259/ibk.19.116,https://doi.org/10.4259/ibk.19.116,,Lovejoy Buddhistic
Crossref,1964,On the Causes of the Origin of Buddhistic New Religions,Baiyu Watanabe,journal-article,JOURNAL OF INDIAN AND BUDDHIST STUDIES (INDOGAKU BUKKYOGAKU KENKYU),12,1,287-293,10.4259/ibk.12.287,https://doi.org/10.4259/ibk.12.287,,Lovejoy Buddhistic
Crossref,1920,Michigan's millions of idle acres,P. S. Lovejoy; Fred E. Janette,monograph,,,,,10.5962/bhl.title.26795,https://doi.org/10.5962/bhl.title.26795,,Lovejoy Buddhistic
Crossref,1968,The Practice of Buddhistic Austerities and Its Popularization in Shan-Tao and Prince Shôtoku,Haruhiko Masaki,journal-article,JOURNAL OF INDIAN AND BUDDHIST STUDIES (INDOGAKU BUKKYOGAKU KENKYU),16,2,955-943,10.4259/ibk.16.955,https://doi.org/10.4259/ibk.16.955,,Lovejoy Buddhistic
Crossref,1908,Book Review: II. New Testament: New Testament Parallels in Buddhistic Literature,A. T. Robertson,journal-article,Review &amp; Expositor,5,4,609-609,10.1177/003463730800500423,https://doi.org/10.1177/003463730800500423,,Lovejoy Buddhistic
Crossref,1955,The Religio-logical Understanding of the Buddhistic Behaviour Rite,Shoichi Kato,journal-article,JOURNAL OF INDIAN AND BUDDHIST STUDIES (INDOGAKU BUKKYOGAKU KENKYU),3,2,602-605,10.4259/ibk.3.602,https://doi.org/10.4259/ibk.3.602,,Lovejoy Buddhistic
Crossref,1953,On the Sakyabhiksu as Found in Indian Buddhistic Inscriptions,Masao Shizutani,journal-article,JOURNAL OF INDIAN AND BUDDHIST STUDIES (INDOGAKU BUKKYOGAKU KENKYU),1,2,362-363,10.4259/ibk.1.362,https://doi.org/10.4259/ibk.1.362,,Lovejoy Buddhistic
Crossref,1962,Some Aspects of the Buddhistic Pure Land in the Shou District in the T'ang Era,Senshu Ogasawara,journal-article,JOURNAL OF INDIAN AND BUDDHIST STUDIES (INDOGAKU BUKKYOGAKU KENKYU),10,2,425-431,10.4259/ibk.10.425,https://doi.org/10.4259/ibk.10.425,,Lovejoy Buddhistic
Crossref,1909,The child in industry,Owen R. Lovejoy,dataset,PsycEXTRA Dataset,,,,10.1037/e533612009-121,https://doi.org/10.1037/e533612009-121,,Lovejoy Buddhistic
Crossref,1936,The Prakrit underlying Buddhistic Hybrid Sanskrit,Franklin Edgerton,journal-article,Bulletin of the School of Oriental and African Studies,8,2-3,501-516,10.1017/s0041977x00141138,https://doi.org/10.1017/s0041977x00141138,,Lovejoy Buddhistic
Crossref,1912,Sal vet swine book,F. D. Coburn; Robert. Evans; A. J. Lovejoy; E.C. Stone,monograph,,,,,10.5962/bhl.title.43687,https://doi.org/10.5962/bhl.title.43687,,Lovejoy Buddhistic
Crossref,1943,4) Historical Sketch of Buddhistic Temples in Manchoukuo.(Report 1),Ziro Murata,journal-article,Transactions of the Institute of Japanese Architects,28,0,120-126,10.3130/aijsaxxxx.28.0_120,https://doi.org/10.3130/aijsaxxxx.28.0_120,,Lovejoy Buddhistic
Crossref,1928,BUDDHISTIC HEADS FROM KIZIL,Benjamin March,journal-article,Bulletin of the Detroit Institute of Arts of the City of Detroit,10,1,5-6,10.1086/bulldetinst41501144,https://doi.org/10.1086/bulldetinst41501144,,Lovejoy Buddhistic
Crossref,1965,Lovejoy: Martyr to Freedom (review),,journal-article,Civil War History,11,3,290-291,10.1353/cwh.1965.0093,https://doi.org/10.1353/cwh.1965.0093,,Lovejoy Buddhistic
Crossref,1951,404. To Messrs. Lovejoy. 27 February.,Anthony Trollope,book-chapter,The Letters of Anthony Trollope,,,,10.1093/oseo/instance.00193543,https://doi.org/10.1093/oseo/instance.00193543,,Lovejoy Buddhistic
Crossref,1969,Studies in the Buddhistic Culture of India (During the 7th and 8th Centuries A. D.),Ludo Rocher; Lalmani Joshi,journal-article,Journal of the American Oriental Society,89,3,667,10.2307/596674,https://doi.org/10.2307/596674,,Lovejoy Buddhistic
Crossref,1914,Reply to Professor Lovejoy,James H. Leuba,journal-article,Ethics,24,4,452,10.1086/206853,https://doi.org/10.1086/206853,,Lovejoy Buddhistic
Crossref,1940,Coleridge and Kant's Two Worlds,Arthur O. Lovejoy,journal-article,ELH,7,4,341,10.2307/2871524,https://doi.org/10.2307/2871524,,Lovejoy Buddhistic
Crossref,1968,Owen Lovejoy: Abolitionist in Congress (review),,journal-article,Civil War History,14,2,188-189,10.1353/cwh.1968.0014,https://doi.org/10.1353/cwh.1968.0014,,Lovejoy Buddhistic
Crossref,1911,The Import of Vitalism,A. O. Lovejoy,journal-article,Science,34,864,75-80,10.1126/science.34.864.75.b,https://doi.org/10.1126/science.34.864.75.b,,Lovejoy Buddhistic
Crossref,1907,Professor Ormond's philosophy.,Arthur O. Lovejoy,journal-article,Psychological Bulletin,4,11,339-349,10.1037/h0075121,https://doi.org/10.1037/h0075121,,Lovejoy Buddhistic
Crossref,1933,America’s Wandering Boys,Owen R. Lovejoy,journal-article,Current History,37,5,565-570,10.1525/curh.1933.37.5.565,https://doi.org/10.1525/curh.1933.37.5.565,,Lovejoy Buddhistic
Crossref,1909,Das Kausalitatsproblem der Biologie,A. O. Lovejoy,journal-article,Science,30,778,761-766,10.1126/science.30.778.761-a,https://doi.org/10.1126/science.30.778.761-a,,Lovejoy Buddhistic
Crossref,1965,"Methods of Estimating Reserves of Crude Oil, Natural Gas, and Natural Gas Liquids",Wallce Lovejoy,edited-book,,,,,10.56021/9780801803987,https://doi.org/10.56021/9780801803987,,Lovejoy Buddhistic
Crossref,1903,"Çikshāsamuccaya. A Compendium of Buddhistic teaching compiled by Çāntideva, chiefly from earlier Mahāyāna sūtras. Edited by Cecil Bendall M.A., (St. Petersburg, 1902.)",E. Müller,journal-article,Journal of the Royal Asiatic Society,35,3,608-610,10.1017/s0035869x00030951,https://doi.org/10.1017/s0035869x00030951,,Lovejoy Buddhistic
Crossref,1962,"Aerosols, Bronchodilators and Mucolytic Agents",Frank W. Lovejoy; Paul E. Morrow,journal-article,Anesthesiology,23,4,460-472,10.1097/00000542-196207000-00006,https://doi.org/10.1097/00000542-196207000-00006,,Lovejoy Buddhistic
Crossref,1951,523. To Mr. Lovejoy. 23 July. Athenaeum Club.,Anthony Trollope,book-chapter,The Letters of Anthony Trollope,,,,10.1093/oseo/instance.00193666,https://doi.org/10.1093/oseo/instance.00193666,,Lovejoy Buddhistic
Crossref,1924,Committees,Arthur O. Lovejoy,journal-article,Bulletin of the American Association of University Professors,10,6,11,10.2307/40217333,https://doi.org/10.2307/40217333,,Lovejoy Buddhistic
Crossref,1911,William James as Philosopher,Arthur O. Lovejoy,journal-article,Ethics,21,2,125,10.1086/206575,https://doi.org/10.1086/206575,,Lovejoy Buddhistic
Crossref,1923,Rousseau's Pessimist,Arthur O. Lovejoy,journal-article,Modern Language Notes,38,8,449,10.2307/2915231,https://doi.org/10.2307/2915231,,Lovejoy Buddhistic
Crossref,1963,The Great Chain of Being,Arthur O. Lovejoy,edited-book,,,,,10.4159/9780674040335,https://doi.org/10.4159/9780674040335,,Lovejoy Buddhistic
Crossref,1906,On Kant’s Reply to Hume.,Arthur Lovejoy,journal-article,Archiv für Geschichte der Philosophie,19,3,,10.1515/agph.1906.19.3.380,https://doi.org/10.1515/agph.1906.19.3.380,,Lovejoy Buddhistic
Crossref,1961,Gas Rate Fundamentals,Wallace F. Lovejoy,journal-article,Southern Economic Journal,27,3,254,10.2307/1055102,https://doi.org/10.2307/1055102,,Lovejoy Buddhistic
Crossref,1905,Hobbes.,A. O. Lovejoy; Leslie Stephen,journal-article,The Philosophical Review,14,1,97,10.2307/2176433,https://doi.org/10.2307/2176433,,Lovejoy Buddhistic
Crossref,1911,The Import of Vitalism,A. O. Lovejoy,journal-article,Science,34,864,75-80,10.1126/science.34.864.75-b,https://doi.org/10.1126/science.34.864.75-b,,Lovejoy Buddhistic
Crossref,1916,Buddhistic Psychology<i>Buddhist Psychology: An Inquiry into the Analysis and Theory of Mind in Pali Literature</i>. C. A. F. Rhys Davids,Walter E. Clark,journal-article,The American Journal of Theology,20,1,139-141,10.1086/479647,https://doi.org/10.1086/479647,,Lovejoy Buddhistic
Crossref,1962,Nuclear orientation of Tb156,C.A. Lovejoy; D.A. Shirley,journal-article,Nuclear Physics,30,,452-461,10.1016/0029-5582(62)90069-x,https://doi.org/10.1016/0029-5582(62)90069-x,,Lovejoy Buddhistic
Crossref,1913,The Practical Tendencies of Bergsonism. II,Arthur O. Lovejoy,journal-article,Ethics,23,4,419,10.1086/206767,https://doi.org/10.1086/206767,,Lovejoy Buddhistic
Crossref,1930,Ethics.,Arthur O. Lovejoy; Frank Chapman Sharp,journal-article,The Philosophical Review,39,6,613,10.2307/2179689,https://doi.org/10.2307/2179689,,Lovejoy Buddhistic
Crossref,1964,The Modern Family.,Albert Lovejoy; Robert F. Winch,journal-article,Social Forces,43,1,114,10.2307/2575980,https://doi.org/10.2307/2575980,,Lovejoy Buddhistic
Crossref,1920,Lafayette College,Arthur O. Lovejoy,journal-article,Bulletin of the American Association of University Professors,6,6,10,10.2307/40216992,https://doi.org/10.2307/40216992,,Lovejoy Buddhistic
Crossref,1933,Monboddo and Rousseau,Arthur O. Lovejoy,journal-article,Modern Philology,30,3,275-296,10.1086/388043,https://doi.org/10.1086/388043,,Lovejoy Buddhistic
Crossref,1911,The Meaning of Vitalism,Arthur O. Lovejoy,journal-article,Science,33,851,610-614,10.1126/science.33.851.610,https://doi.org/10.1126/science.33.851.610,,Lovejoy Buddhistic
Crossref,1945,Alva Bush Lovejoy,,journal-article,The Annals of Iowa,26,3,241-242,10.17077/0003-4827.6382,https://doi.org/10.17077/0003-4827.6382,,Lovejoy Buddhistic
Crossref,1921,Profit-Sharing and Industrial Peace,Arthur O. Lovejoy,journal-article,Ethics,31,3,241,10.1086/207291,https://doi.org/10.1086/207291,,Lovejoy Buddhistic
Crossref,1914,The Association of University Professors,Arthur O. Lovejoy,journal-article,Science,40,1038,744-745,10.1126/science.40.1038.744,https://doi.org/10.1126/science.40.1038.744,,Lovejoy Buddhistic
Crossref,1922,Reply to Professor Babbitt,Arthur O. Lovejoy,journal-article,Modern Language Notes,37,5,268,10.2307/2915200,https://doi.org/10.2307/2915200,,Lovejoy Buddhistic
Crossref,1913,The Practical Tendencies of Bergsonism. I,Arthur O. Lovejoy,journal-article,Ethics,23,3,253,10.1086/206744,https://doi.org/10.1086/206744,,Lovejoy Buddhistic
Crossref,1912,The duty of superintendents in the enforcement of child-labor laws,Owen R. Lovejoy,dataset,PsycEXTRA Dataset,,,,10.1037/e533642009-053,https://doi.org/10.1037/e533642009-053,,Lovejoy Buddhistic
Crossref,1924,Pastness and Transcendence,Arthur O. Lovejoy,journal-article,The Journal of Philosophy,21,22,601,10.2307/2014483,https://doi.org/10.2307/2014483,,Lovejoy Buddhistic
Crossref,1920,Rousseau and Romanticism.,Arthur O. Lovejoy; Irving Babbitt,journal-article,Modern Language Notes,35,5,302,10.2307/2914839,https://doi.org/10.2307/2914839,,Lovejoy Buddhistic
Crossref,1927,"The Meanings of ""Emergence"" and its Modes",Arthur O. Lovejoy,book-chapter,Proceedings of the Sixth International Congress of Philosophy,,,20-33,10.5840/wcp6192720,https://doi.org/10.5840/wcp6192720,,Lovejoy Buddhistic
Crossref,1917,Progress in Philosophical Inquiry,Arthur O. Lovejoy,journal-article,The Philosophical Review,26,5,537,10.2307/2178048,https://doi.org/10.2307/2178048,,Lovejoy Buddhistic
Crossref,1927,""" Nature "" as Aesthetic Norm",Arthur O. Lovejoy,journal-article,Modern Language Notes,42,7,444,10.2307/2913933,https://doi.org/10.2307/2913933,,Lovejoy Buddhistic
Crossref,1917,Forest Biology,P. S. Lovejoy,journal-article,Journal of Forestry,15,2,203-214,10.1093/jof/15.2.203,https://doi.org/10.1093/jof/15.2.203,,Lovejoy Buddhistic
Crossref,1921,'Pride' in Eighteenth-Century Thought,Arthur O. Lovejoy,journal-article,Modern Language Notes,36,1,31,10.2307/2914820,https://doi.org/10.2307/2914820,,Lovejoy Buddhistic
Crossref,1909,The Obsolescence of the Eternal,Arthur O. Lovejoy,journal-article,The Philosophical Review,18,5,479,10.2307/2177450,https://doi.org/10.2307/2177450,,Lovejoy Buddhistic
Crossref,1928,Accounting Procedure for School Systems (Book).,Philip Lovejoy,journal-article,The Accounting Review,3,2,219-220,10.2308/tar-8591785,https://doi.org/10.2308/tar-8591785,,Lovejoy Buddhistic
Crossref,1923,IV.—‘REPRESENTATIVE IDEAS’ IN MALEBRANCHE AND ARNAULD,A. O. LOVEJOY,journal-article,Mind,XXXII,128,449-461,10.1093/mind/xxxii.128.449,https://doi.org/10.1093/mind/xxxii.128.449,,Lovejoy Buddhistic
Crossref,1937,Milton and the Paradox of the Fortunate Fall,Arthur O. Lovejoy,journal-article,ELH,4,3,161,10.2307/2871531,https://doi.org/10.2307/2871531,,Lovejoy Buddhistic
Crossref,1913,The Metamorphosis of the Carnegie Foundation,Arthur O. Lovejoy,journal-article,Science,37,954,546-552,10.1126/science.37.954.546,https://doi.org/10.1126/science.37.954.546,,Lovejoy Buddhistic
Crossref,1946,Ellsworth Lovejoy Redfern,,journal-article,The Annals of Iowa,27,3,254-255,10.17077/0003-4827.6461,https://doi.org/10.17077/0003-4827.6461,,Lovejoy Buddhistic
Crossref,1961,"Owen R. Lovejoy, 1866-1961",,journal-article,Social Service Review,35,4,439-439,10.1086/641149,https://doi.org/10.1086/641149,,Lovejoy Buddhistic
Crossref,1942,John Lovejoy Elliott: 1868-1942,,journal-article,Social Service Review,16,2,341-341,10.1086/634006,https://doi.org/10.1086/634006,,Lovejoy Buddhistic
Crossref,1965,SURPRISED BY LOVEJOY,MARK ROBERTS,journal-article,Essays in Criticism,XV,1,118-130,10.1093/eic/xv.1.118,https://doi.org/10.1093/eic/xv.1.118,,Lovejoy Buddhistic
Crossref,1933,Morris's Six Theories of Mind,Arthur O. Lovejoy,journal-article,The Philosophical Review,42,6,617,10.2307/2180010,https://doi.org/10.2307/2180010,,Lovejoy Buddhistic
Crossref,1933,CERTAIN SAMARITANS,ESTHER POHL LOVEJOY,journal-article,"AJN, American Journal of Nursing",33,10,1016,10.1097/00000446-193310000-00050,https://doi.org/10.1097/00000446-193310000-00050,,Lovejoy Buddhistic
Crossref,1966,Analysis of the overlearning reversal effect.,Elijah Lovejoy,journal-article,Psychological Review,73,1,87-103,10.1037/h0022687,https://doi.org/10.1037/h0022687,,Lovejoy Buddhistic
Crossref,1889,Is Man Left-Legged?,Fred'k A. Lovejoy; Francis H. Allen,journal-article,Science,ns-14,358,412-412,10.1126/science.ns-14.358.412-b,https://doi.org/10.1126/science.ns-14.358.412-b,,Lovejoy Buddhistic
Crossref,1932,The Parallel of Deism and Classicism,Arthur O. Lovejoy,journal-article,Modern Philology,29,3,281-299,10.1086/387970,https://doi.org/10.1086/387970,,Lovejoy Buddhistic
Crossref,1889,Is Man Left-Legged?,Fred'k A. Lovejoy; Francis H. Allen,journal-article,Science,ns-14,358,412-412,10.1126/science.ns-14.358.412-b,https://doi.org/10.1126/science.ns-14.358.412-b,,Lovejoy Buddhistic
Crossref,1932,The Parallel of Deism and Classicism,Arthur O. Lovejoy,journal-article,Modern Philology,29,3,281-299,10.1086/387970,https://doi.org/10.1086/387970,,Lovejoy Buddhistic
Crossref,1911,Schopenhauer as an Evolutionist,Arthur O. Lovejoy,journal-article,Monist,21,2,195-222,10.5840/monist191121240,https://doi.org/10.5840/monist191121240,,Lovejoy Buddhistic
Crossref,1922,The Paradox of the Thinking Behaviorist,Arthur O. Lovejoy,journal-article,The Philosophical Review,31,2,135,10.2307/2178913,https://doi.org/10.2307/2178913,,Lovejoy Buddhistic
Crossref,1951,326. To Mr. Lovejoy. 27 February. Waltham Cross.,Anthony Trollope,book-chapter,The Letters of Anthony Trollope,,,196-196,10.1093/oseo/instance.00193463,https://doi.org/10.1093/oseo/instance.00193463,,Lovejoy Buddhistic
Crossref,1955,American Painting in Early Nineteenth-Century Gift Books,David S. Lovejoy,journal-article,American Quarterly,7,4,345,10.2307/2710429,https://doi.org/10.2307/2710429,,Lovejoy Buddhistic
Crossref,1938,<i>The Great Chain of Being</i>. Arthur O. Lovejoy,,journal-article,Isis,28,2,537-540,10.1086/347375,https://doi.org/10.1086/347375,,Lovejoy Buddhistic
Crossref,1922,Child Labor in the United States,Owen R. Lovejoy,journal-article,Current History,16,4,617-620,10.1525/curh.1922.16.4.617,https://doi.org/10.1525/curh.1922.16.4.617,,Lovejoy Buddhistic
Crossref,1925,Reconstruction of Filters at Louisville,W. H. Lovejoy,journal-article,Journal AWWA,14,4,352-356,10.1002/j.1551-8833.1925.tb13336.x,https://doi.org/10.1002/j.1551-8833.1925.tb13336.x,,Lovejoy Buddhistic
Crossref,1931,Book Review:The Revolt Against Dualism. Arthur O. Lovejoy,Arthur E. Murphy,journal-article,Ethics,41,2,265,10.1086/207879,https://doi.org/10.1086/207879,,Lovejoy Buddhistic
Crossref,1962,"Temperature scales above 1,000°C",D. R. Lovejoy,journal-article,Pure and Applied Chemistry,5,3-4,565-578,10.1351/pac196205030565,https://doi.org/10.1351/pac196205030565,,Lovejoy Buddhistic
Crossref,1922,Pragmatism and the New Materialism,Arthur O. Lovejoy,journal-article,The Journal of Philosophy,19,1,5,10.2307/2939682,https://doi.org/10.2307/2939682,,Lovejoy Buddhistic
Crossref,1937,Correction: [Milton and the Paradox of the Fortunate Fall],Arthur O. Lovejoy,journal-article,ELH,4,4,330,10.2307/2871637,https://doi.org/10.2307/2871637,,Lovejoy Buddhistic
Crossref,1945,ROY ARNOLD LOVEJOY,,journal-article,Medical Journal of Australia,1,6,164-164,10.5694/j.1326-5377.1945.tb54540.x,https://doi.org/10.5694/j.1326-5377.1945.tb54540.x,,Lovejoy Buddhistic
Crossref,1913,Error and the New Realism,A. O. Lovejoy,journal-article,The Philosophical Review,22,4,410,10.2307/2178389,https://doi.org/10.2307/2178389,,Lovejoy Buddhistic
Crossref,1911,Easter Carol,George Newell Lovejoy,journal-article,Journal of Education,73,15,399-399,10.1177/002205741107301503,https://doi.org/10.1177/002205741107301503,,Lovejoy Buddhistic
Crossref,1947,A Rejoinder to Professor Lovejoy,Henry Veatch,journal-article,Philosophy and Phenomenological Research,7,4,622,10.2307/2102987,https://doi.org/10.2307/2102987,,Lovejoy Buddhistic
Crossref,1925,James Harrington's Oceana.,Arthur O. Lovejoy; S. B. Liljegren,journal-article,Modern Language Notes,40,4,245,10.2307/2914292,https://doi.org/10.2307/2914292,,Lovejoy Buddhistic
Crossref,1927,The Meanings of ‘emergence’ and Its Modes,Arthur O. Lovejoy,journal-article,Philosophy,2,6,167-181,10.1017/s0031819100015199,https://doi.org/10.1017/s0031819100015199,,Lovejoy Buddhistic
Crossref,1948,Comment on Mr. Pegis's Rejoinder,Arthur O. Lovejoy,journal-article,Philosophy and Phenomenological Research,9,2,284,10.2307/2103394,https://doi.org/10.2307/2103394,,Lovejoy Buddhistic
Crossref,1938,Professional Association or Trade Union?,Arthur O. Lovejoy,journal-article,Bulletin of the American Association of University Professors,24,5,409,10.2307/40219424,https://doi.org/10.2307/40219424,,Lovejoy Buddhistic
Crossref,1907,Breaker Boys in Pennsylvania,Owen R. Lovejoy,journal-article,Journal of Education,66,15,410-411,10.1177/002205740706601521,https://doi.org/10.1177/002205740706601521,,Lovejoy Buddhistic
Crossref,1932,"The Travels of Peter, Paul, and Zebedee",Arthur O. Lovejoy,journal-article,The Philosophical Review,41,5,498,10.2307/2180063,https://doi.org/10.2307/2180063,,Lovejoy Buddhistic
Crossref,1923,Child Labor and Education,Owen R. Lovejoy,journal-article,Journal of Education,97,24,656-659,10.1177/002205742309702404,https://doi.org/10.1177/002205742309702404,,Lovejoy Buddhistic
Crossref,1968,Anhydrous iron(III) nitrate,D. J. Lovejoy; A. J. Vosper,journal-article,Chemical Communications (London),,20,1208a,10.1039/c1968001208a,https://doi.org/10.1039/c1968001208a,,Lovejoy Buddhistic
Crossref,1907,Kant's Classification of the Forms of Judgment,Arthur O. Lovejoy,journal-article,The Philosophical Review,16,6,588,10.2307/2177294,https://doi.org/10.2307/2177294,,Lovejoy Buddhistic
Crossref,1920,Schiller and the Genesis of Romanticism,Arthur O. Lovejoy,journal-article,Modern Language Notes,35,1,1,10.2307/2915339,https://doi.org/10.2307/2915339,,Lovejoy Buddhistic
Crossref,1919,An Uncommon Ice Formation,Frederick A. Lovejoy; Francis H. Allen,journal-article,Science,49,1257,119-120,10.1126/science.49.1257.119-b,https://doi.org/10.1126/science.49.1257.119-b,,Lovejoy Buddhistic
Crossref,1919,An Uncommon Ice Formation,Frederick A. Lovejoy; Francis H. Allen,journal-article,Science,49,1257,119-120,10.1126/science.49.1257.119.b,https://doi.org/10.1126/science.49.1257.119.b,,Lovejoy Buddhistic
Crossref,1967,Premarital Sex in a Changing Society.,Albert E. Lovejoy; Robert R. Bell,journal-article,Social Forces,46,1,143,10.2307/2575372,https://doi.org/10.2307/2575372,,Lovejoy Buddhistic
Crossref,1889,Is Man Left-Legged?,Fred'k A. Lovejoy; Francis H. Allen,journal-article,Science,ns-14,358,412-412,10.1126/science.ns-14.358.412.b,https://doi.org/10.1126/science.ns-14.358.412.b,,Lovejoy Buddhistic
Crossref,1961,Sensitive Diaphragm Type Pressure Transducer,D. R. Lovejoy,journal-article,Review of Scientific Instruments,32,1,41-43,10.1063/1.1717141,https://doi.org/10.1063/1.1717141,,Lovejoy Buddhistic
Crossref,1910,The Retrospective Anticipations of the Carnegie Foundation,Arthur O. Lovejoy,journal-article,Science,31,794,414-415,10.1126/science.31.794.414,https://doi.org/10.1126/science.31.794.414,,Lovejoy Buddhistic
Crossref,1915,Organization of the American Association of University Professors,A. O. Lovejoy,journal-article,Science,41,1048,151-154,10.1126/science.41.1048.151,https://doi.org/10.1126/science.41.1048.151,,Lovejoy Buddhistic
Crossref,1963,Some Boiling and Triple Points Below 0° C,D. R. LOVEJOY,journal-article,Nature,197,4865,353-354,10.1038/197353a0,https://doi.org/10.1038/197353a0,,Lovejoy Buddhistic
Crossref,1925,MYCETOMA,EDWARD D. LOVEJOY,journal-article,Archives of Dermatology and Syphilology,11,1,71,10.1001/archderm.1925.02370010084004,https://doi.org/10.1001/archderm.1925.02370010084004,,Lovejoy Buddhistic
Crossref,1963,Reflections on Human Nature.,I. G. Wallace; Arthur O. Lovejoy,journal-article,The Philosophical Quarterly,13,53,369,10.2307/2955534,https://doi.org/10.2307/2955534,,Lovejoy Buddhistic
Crossref,1963,Reflections on Human Nature.,W. T. Stace; Arthur O. Lovejoy,journal-article,The Philosophical Review,72,1,111,10.2307/2183069,https://doi.org/10.2307/2183069,,Lovejoy Buddhistic
Crossref,1931,The Paradox of the Time-Retarding Journey,Arthur O. Lovejoy,journal-article,The Philosophical Review,40,2,152,10.2307/2180201,https://doi.org/10.2307/2180201,,Lovejoy Buddhistic
Crossref,1932,Dualisms Good and Bad (II),Arthur O. Lovejoy,journal-article,The Journal of Philosophy,29,14,375,10.2307/2016371,https://doi.org/10.2307/2016371,,Lovejoy Buddhistic
Crossref,1914,Forty years' experience of a practical hog man; a practical book for the pure bred swine breeder and farmer,Andrew James Lovejoy,monograph,,,,,10.5962/bhl.title.42519,https://doi.org/10.5962/bhl.title.42519,,Lovejoy Buddhistic
Crossref,1952,Report on Quality Factors in Processed Vege-Table Products,Rodney D Lovejoy,journal-article,Journal of AOAC INTERNATIONAL,35,2,179-181,10.1093/jaoac/35.2.179a,https://doi.org/10.1093/jaoac/35.2.179a,,Lovejoy Buddhistic
Crossref,1931,<i>The Revolt against Dualism</i>. Arthur O. Lovejoy,H. T. Davis,journal-article,Isis,15,1,190-193,10.1086/346554,https://doi.org/10.1086/346554,,Lovejoy Buddhistic
Crossref,1931,The Time-Retarding Journey: A Reply,Arthur O. Lovejoy,journal-article,The Philosophical Review,40,6,549,10.2307/2180043,https://doi.org/10.2307/2180043,,Lovejoy Buddhistic
Crossref,1923,Amend the Constitution,Owes R. Lovejoy,journal-article,Journal of Education,97,9,237-237,10.1177/002205742309700906,https://doi.org/10.1177/002205742309700906,,Lovejoy Buddhistic
Crossref,1928,<i>Certain Samaritans</i>. Esther Pohl Lovejoy,,journal-article,Social Service Review,2,3,528-528,10.1086/630431,https://doi.org/10.1086/630431,,Lovejoy Buddhistic
Crossref,1942,On The Criteria and Limits of Meaning,Arthur O. Lovejoy,book-chapter,Philosophical Essays,,,3-23,10.9783/9781512815245-002,https://doi.org/10.9783/9781512815245-002,,Lovejoy Buddhistic
Crossref,1932,Dualisms Good and Bad (I),Arthur O. Lovejoy,journal-article,The Journal of Philosophy,29,13,337,10.2307/2016777,https://doi.org/10.2307/2016777,,Lovejoy Buddhistic
Crossref,1932,"Buddhistic Studies. By Bimala Churn Law, Ph.D., M.A., B.L. 9¾ × 6¼, pp. x + 897, pls. 4. Calcutta and Simla; Thacker, Spink and Co., Ltd., 1931.",C. A. F. Rhys Davids,journal-article,Journal of the Royal Asiatic Society,64,3,703-706,10.1017/s0035869x00153432,https://doi.org/10.1017/s0035869x00153432,,Lovejoy Buddhistic
Crossref,1942,Evidence: Admissibility of Hospital Records as Business Entries,Robert C. Lovejoy,journal-article,Michigan Law Review,40,7,1105,10.2307/1282871,https://doi.org/10.2307/1282871,,Lovejoy Buddhistic
Crossref,1909,Professor Lovejoy on “Der vorchristliche Jesus”,W. B. Smith,journal-article,Monist,19,3,409-420,10.5840/monist190919311,https://doi.org/10.5840/monist190919311,,Lovejoy Buddhistic
Crossref,1914,Bergson and Romantic Evolutionism.,Nann Clark Barr; A. O. Lovejoy,journal-article,The Philosophical Review,23,5,576,10.2307/2178597,https://doi.org/10.2307/2178597,,Lovejoy Buddhistic
Crossref,1942,Youth Work Programs: Problems and Policies.,Gordon W. Lovejoy; Lewis L. Lorwin,journal-article,Social Forces,20,3,416,10.2307/3005654,https://doi.org/10.2307/3005654,,Lovejoy Buddhistic
Crossref,1932,Communications: Genesis of the Association,Arthur O. Lovejoy,journal-article,Bulletin of the American Association of University Professors,18,4,305,10.2307/40218899,https://doi.org/10.2307/40218899,,Lovejoy Buddhistic
Crossref,1962,Pulmonary Function in Diaphragmatic Paralysis,M. McCredie; F. W. Lovejoy; N. L. Kaltreider,journal-article,Thorax,17,3,213-217,10.1136/thx.17.3.213,https://doi.org/10.1136/thx.17.3.213,,Lovejoy Buddhistic
Crossref,1914,The Concept of Consciousness.,Arthur O. Lovejoy; Edwin B. Holt,journal-article,The Philosophical Review,23,6,664,10.2307/2178138,https://doi.org/10.2307/2178138,,Lovejoy Buddhistic
Crossref,1949,Essays in the History of Ideas.,Arnold Isenberg; Arthur O. Lovejoy,journal-article,The Philosophical Review,58,4,372,10.2307/2182084,https://doi.org/10.2307/2182084,,Lovejoy Buddhistic
Crossref,1919,Annual Message of the President,Arthur O. Lovejoy,journal-article,Bulletin of the American Association of University Professors,5,7/8,10,10.2307/40216934,https://doi.org/10.2307/40216934,,Lovejoy Buddhistic
Crossref,1924,Effect of Back Pressure on Wells in Brock Field,J.M. Lovejoy,journal-article,Transactions of the AIME,70,01,1153-1158,10.2118/924153-g,https://doi.org/10.2118/924153-g,,Lovejoy Buddhistic
Crossref,1920,"Schiller and the Genesis of Romanticism, Part II",Arthur O. Lovejoy,journal-article,Modern Language Notes,35,3,136,10.2307/2915501,https://doi.org/10.2307/2915501,,Lovejoy Buddhistic
Crossref,1912,The Meaning of Driesch and the Meaning of Vitalism,Arthur O. Lovejoy,journal-article,Science,36,933,672-675,10.1126/science.36.933.672,https://doi.org/10.1126/science.36.933.672,,Lovejoy Buddhistic
Crossref,1910,Review of The Idea of the Soul.,Arthur O. Lovejoy,journal-article,Psychological Bulletin,7,10,354-358,10.1037/h0066407,https://doi.org/10.1037/h0066407,,Lovejoy Buddhistic
Crossref,1939,Present Standpoints and Past History,Arthur O. Lovejoy,journal-article,The Journal of Philosophy,36,18,477,10.2307/2017901,https://doi.org/10.2307/2017901,,Lovejoy Buddhistic
Crossref,1931,The Paradox of the Time-Retarding Journey (I.),Arthur O. Lovejoy,journal-article,The Philosophical Review,40,1,48,10.2307/2180278,https://doi.org/10.2307/2180278,,Lovejoy Buddhistic
Crossref,1926,The Worst-First Theory,P. S. Lovejoy,journal-article,Journal of Forestry,24,4,351-357,10.1093/jof/24.4.351,https://doi.org/10.1093/jof/24.4.351,,Lovejoy Buddhistic
Crossref,1933,Dualism and the Paradox of Reference,Arthur O. Lovejoy,journal-article,The Journal of Philosophy,30,22,589,10.2307/2016901,https://doi.org/10.2307/2016901,,Lovejoy Buddhistic
Crossref,1936,Primitivism and Related Ideas in Antiquity,George Depue Hadzsits; Arthur O. Lovejoy; George Boas,journal-article,The Classical Weekly,30,7,73,10.2307/4339823,https://doi.org/10.2307/4339823,,Lovejoy Buddhistic
Crossref,1963,Reflections on Human Nature,R. L. Brett; Arthur O. Lovejoy,journal-article,The Modern Language Review,58,2,243,10.2307/3721266,https://doi.org/10.2307/3721266,,Lovejoy Buddhistic
Crossref,1947,Analogy and Contradiction: A Surrejoinder,Arthur O. Lovejoy,journal-article,Philosophy and Phenomenological Research,7,4,626,10.2307/2102988,https://doi.org/10.2307/2102988,,Lovejoy Buddhistic
Crossref,1917,On Some Conditions of Progress in Philosophical Inquiry,Arthur O. Lovejoy,journal-article,The Philosophical Review,26,2,123,10.2307/2178425,https://doi.org/10.2307/2178425,,Lovejoy Buddhistic
Crossref,1954,"Lovewell's Fight and Hawthorne's ""Roger Malvin's Burial""",David S. Lovejoy,journal-article,The New England Quarterly,27,4,527,10.2307/362120,https://doi.org/10.2307/362120,,Lovejoy Buddhistic
Crossref,1941,Equity: Specific Performance of Contract to Lend Money,Robert C. Lovejoy,journal-article,Michigan Law Review,40,2,303,10.2307/1282729,https://doi.org/10.2307/1282729,,Lovejoy Buddhistic
Crossref,1968,Owen Lovejoy: Abolitionist in Congress,Larry Gara; Edward Magdol,journal-article,The American Historical Review,73,3,921,10.2307/1870843,https://doi.org/10.2307/1870843,,Lovejoy Buddhistic
Crossref,1937,Freedom of Speech,A. J. Carlson; A. O. Lovejoy,journal-article,Bulletin of the American Association of University Professors,23,1,26,10.2307/40219811,https://doi.org/10.2307/40219811,,Lovejoy Buddhistic
Crossref,1930,The Dialectical Argument against Absolute Simultaneity. II,Arthur O. Lovejoy,journal-article,The Journal of Philosophy,27,24,645,10.2307/2016326,https://doi.org/10.2307/2016326,,Lovejoy Buddhistic
Crossref,1950,Essays in the History of Ideas.,A. O. Aldridge; Arthur O. Lovejoy,journal-article,Modern Language Notes,65,8,545,10.2307/2909304,https://doi.org/10.2307/2909304,,Lovejoy Buddhistic
Crossref,1914,Reply to Professor Lovejoy,James H. Leuba,journal-article,The International Journal of Ethics,24,4,452-452,10.1086/intejethi.24.4.2376779,https://doi.org/10.1086/intejethi.24.4.2376779,,Lovejoy Buddhistic
Crossref,1968,"Labor Productivity in Italian Agriculture, 1951–1973",Robert M. Lovejoy,journal-article,ILR Review,21,4,570-580,10.1177/001979396802100406,https://doi.org/10.1177/001979396802100406,,Lovejoy Buddhistic
Crossref,1949,<i>Essays in the History of Ideas</i>. Arthur O. Lovejoy,Harry Levin,journal-article,Isis,40,1,85-87,10.1086/349023,https://doi.org/10.1086/349023,,Lovejoy Buddhistic
Crossref,1906,The Fundamental Concept of Primitive Philosophy,Arthur O. Lovejoy,journal-article,Monist,16,3,357-382,10.5840/monist190616324,https://doi.org/10.5840/monist190616324,,Lovejoy Buddhistic
Crossref,1938,The Relativity Paradoxes: A Footnote to the Lovejoy-McGilvary Controversy,Nathaniel H. Stevens,journal-article,The Philosophical Review,47,6,624,10.2307/2180705,https://doi.org/10.2307/2180705,,Lovejoy Buddhistic
Crossref,1962,Anomalous Quadrupole Coupling in Europium Ethylsulfate,B. R. Judd; C. A. Lovejoy; D. A. Shirley,journal-article,Physical Review,128,4,1733-1740,10.1103/physrev.128.1733,https://doi.org/10.1103/physrev.128.1733,,Lovejoy Buddhistic
Crossref,1934,"Vicitrakarṇikāvadānoddhṛta. A Collection of Buddhistic Legends. By H. Jórgensen. 8¼ × 5½, pp. 344. London: Royal Asiatic Society (Oriental Translation Fund, New Series, vol. xxxi), 1931.",R. L. Turner,journal-article,Journal of the Royal Asiatic Society of Great Britain &amp; Ireland,66,1,126-128,10.1017/s0035869x0008271x,https://doi.org/10.1017/s0035869x0008271x,,Lovejoy Buddhistic
Crossref,1911,William James as Philosopher,Arthur O. Lovejoy,journal-article,The International Journal of Ethics,21,2,125-153,10.1086/intejethi.21.2.2377028,https://doi.org/10.1086/intejethi.21.2.2377028,,Lovejoy Buddhistic
Crossref,1963,<i>Reflections on Human Nature</i> by Arthur O. Lovejoy,James Doolittle,journal-article,South Atlantic Quarterly,62,1,148-149,10.1215/00382876-62-1-148,https://doi.org/10.1215/00382876-62-1-148,,Lovejoy Buddhistic
Crossref,1969,Letter to the Editor,Frederick H. Lovejoy; J. Roger Hollister; Thomas K. McInerny,journal-article,Pediatrics,43,6,1050-1050,10.1542/peds.43.6.1050,https://doi.org/10.1542/peds.43.6.1050,,Lovejoy Buddhistic
Crossref,1923,"The Supposed Primitivism of Rousseau's ""Discourse on Inequality""",Arthur O. Lovejoy,journal-article,Modern Philology,21,2,165-186,10.1086/387491,https://doi.org/10.1086/387491,,Lovejoy Buddhistic
Crossref,1967,"Samuel Hopkins: Religion, Slavery, and the Revolution",David S. Lovejoy,journal-article,The New England Quarterly,40,2,227,10.2307/363769,https://doi.org/10.2307/363769,,Lovejoy Buddhistic
Crossref,1916,On the Meaning of 'Romantic' in Early German Romanticism,A. O. Lovejoy,journal-article,Modern Language Notes,31,7,385,10.2307/2915437,https://doi.org/10.2307/2915437,,Lovejoy Buddhistic
Crossref,1912,The Problem of Time in Recent French Philosophy. I.,Arthur O. Lovejoy,journal-article,The Philosophical Review,21,1,11,10.2307/2177595,https://doi.org/10.2307/2177595,,Lovejoy Buddhistic
Crossref,1923,A Three Year Cycle for Social Work Conferences,O. R. Lovejoy,journal-article,Social Forces,1,2,129-130,10.2307/3004909,https://doi.org/10.2307/3004909,,Lovejoy Buddhistic
Crossref,1904,The Philosophy of Hobbes.,Arthur O. Lovejoy; Frederick J. E. Woodbridge,journal-article,The Philosophical Review,13,3,385,10.2307/2176296,https://doi.org/10.2307/2176296,,Lovejoy Buddhistic
Crossref,1962,Cyclical Sensitivity of Public Utilities: 1947-59,Wallace F. Lovejoy; David A. Bowers,journal-article,Land Economics,38,4,327,10.2307/3144491,https://doi.org/10.2307/3144491,,Lovejoy Buddhistic
Crossref,1909,The Meaning of Φυσις in the Greek Physiologers,Arthur O. Lovejoy,journal-article,The Philosophical Review,18,4,369,10.2307/2177774,https://doi.org/10.2307/2177774,,Lovejoy Buddhistic
Crossref,1908,Pragmatism and Theology,Arthur O. Lovejoy,journal-article,The American Journal of Theology,12,1,116-143,10.1086/478735,https://doi.org/10.1086/478735,,Lovejoy Buddhistic
Crossref,1912,The Problem of Time in Recent French Philosophy,Arthur O. Lovejoy,journal-article,The Philosophical Review,21,5,527,10.2307/2177176,https://doi.org/10.2307/2177176,,Lovejoy Buddhistic
Crossref,1963,"The Reason, the Understanding and Time",Paul Roubiczek; Arthur O. Lovejoy,journal-article,The Modern Language Review,58,2,292,10.2307/3721310,https://doi.org/10.2307/3721310,,Lovejoy Buddhistic
Crossref,1912,The Problem of Time in Recent French Philosophy. II.,Arthur O. Lovejoy,journal-article,The Philosophical Review,21,3,322,10.2307/2177714,https://doi.org/10.2307/2177714,,Lovejoy Buddhistic
Crossref,1948,My Friend Lovejoy,William Pepperell Montague,journal-article,Journal of the History of Ideas,9,4,424,10.2307/2707215,https://doi.org/10.2307/2707215,,Lovejoy Buddhistic
Crossref,1930,The Dialectical Argument Against Absolute Simultaneity. I,Arthur O. Lovejoy,journal-article,The Journal of Philosophy,27,23,617,10.2307/2016868,https://doi.org/10.2307/2016868,,Lovejoy Buddhistic
Crossref,1932,The First Gothic Revival and the Return to Nature,Arthur O. Lovejoy,journal-article,Modern Language Notes,47,7,419,10.2307/2913411,https://doi.org/10.2307/2913411,,Lovejoy Buddhistic
Crossref,1967,Infrared Spectrum of Germylacetylene,R. W. Lovejoy; D. R. Baker,journal-article,The Journal of Chemical Physics,46,2,658-665,10.1063/1.1840722,https://doi.org/10.1063/1.1840722,,Lovejoy Buddhistic
Crossref,1930,The Revolt against Dualism <i>By Arthur O. Lovejoy</i>,,journal-article,Parnassus,2,7,40-40,10.1080/15436314.1930.11666362,https://doi.org/10.1080/15436314.1930.11666362,,Lovejoy Buddhistic
Crossref,1965,An attention theory of discrimination learning,Elijah Lovejoy,journal-article,Journal of Mathematical Psychology,2,2,342-362,10.1016/0022-2496(65)90009-x,https://doi.org/10.1016/0022-2496(65)90009-x,,Lovejoy Buddhistic
Crossref,1938,The Great Chain of Being.,John Herman Randall; Arthur O. Lovejoy,journal-article,The Philosophical Review,47,2,214,10.2307/2180858,https://doi.org/10.2307/2180858,,Lovejoy Buddhistic
Crossref,1929,Anti-Evolution Laws and the Principle of Religious Neutrality,Arthur O. Lovejoy,journal-article,Bulletin of the American Association of University Professors,15,4,307,10.2307/40218129,https://doi.org/10.2307/40218129,,Lovejoy Buddhistic
Crossref,1910,Some New Saprophytic Fungi of the Middle Rocky Mountain Region,Ruth Harrison Lovejoy,journal-article,Botanical Gazette,50,5,383-385,10.1086/330381,https://doi.org/10.1086/330381,,Lovejoy Buddhistic
Crossref,1955,"Rhode Island, a Brief History",David S. Lovejoy; Earl C. Tanner,journal-article,The New England Quarterly,28,2,275,10.2307/362790,https://doi.org/10.2307/362790,,Lovejoy Buddhistic
Crossref,1921,Profit-Sharing and Industrial Peace,Arthur O. Lovejoy,journal-article,The International Journal of Ethics,31,3,241-263,10.1086/intejethi.31.3.2377579,https://doi.org/10.1086/intejethi.31.3.2377579,,Lovejoy Buddhistic
Crossref,1927,Man and the State,Arthur O. Lovejoy; William Ernest Hocking,journal-article,The Yale Law Journal,36,5,723,10.2307/789801,https://doi.org/10.2307/789801,,Lovejoy Buddhistic
Crossref,1923,State Land Policy in Michigan,P. S. Lovejoy,journal-article,Journal of Forestry,21,1,1-9,10.1093/jof/21.1.1,https://doi.org/10.1093/jof/21.1.1,,Lovejoy Buddhistic
Crossref,1937,The Freedom of the Teacher,Arthur O. Lovejoy; Howard K. Beale,journal-article,Bulletin of the American Association of University Professors,23,5,401,10.2307/40219896,https://doi.org/10.2307/40219896,,Lovejoy Buddhistic
Crossref,1924,Miscellany,C. A. Lovejoy,journal-article,The Boston Medical and Surgical Journal,190,26,1148-1148,10.1056/nejm192406261902621,https://doi.org/10.1056/nejm192406261902621,,Lovejoy Buddhistic
Crossref,1967,Acute Phenothiazine Toxicity in Childhood: A Five-Year Survey,J. M. GUPTA; F. H. LOVEJOY,journal-article,Pediatrics,39,5,771-774,10.1542/peds.39.5.771,https://doi.org/10.1542/peds.39.5.771,,Lovejoy Buddhistic
Crossref,1902,Religion and the Time-Process,Arthur O. Lovejoy,journal-article,The American Journal of Theology,6,3,439-472,10.1086/478108,https://doi.org/10.1086/478108,,Lovejoy Buddhistic
Crossref,1912,The Philosophy of John Norris of Bemerton.,A. O. Lovejoy; Flora Isabel MacKinnon,journal-article,The Philosophical Review,21,2,256,10.2307/2177365,https://doi.org/10.2307/2177365,,Lovejoy Buddhistic
Crossref,1905,Abhandlungen der Fries'schen Schule.,Arthur O. Lovejoy; G. Hessenberg; K. Kaiser; Leonard Nelson,journal-article,The Philosophical Review,14,5,617,10.2307/2177498,https://doi.org/10.2307/2177498,,Lovejoy Buddhistic
Crossref,1911,"Three Philosophical Poets--Lucretius, Dante, and Goethe.",A. O. Lovejoy; George Santayana,journal-article,Modern Language Notes,26,8,244,10.2307/2916804,https://doi.org/10.2307/2916804,,Lovejoy Buddhistic
Crossref,1933,Certain Samaritans,Nina D. Gage; Esther Pohl Lovejoy,journal-article,The American Journal of Nursing,33,10,1016,10.2307/3412870,https://doi.org/10.2307/3412870,,Lovejoy Buddhistic
Crossref,1906,Abhandlungen der Fries'schen Schule.,Arthur O. Lovejoy; Gerhard Hessenberg; Karl Kaiser; Leonard Nelson,journal-article,The Philosophical Review,15,2,216,10.2307/2177744,https://doi.org/10.2307/2177744,,Lovejoy Buddhistic
Crossref,1967,Owen Lovejoy: Abolitionist in Congress,Louis Filler; Edward Magdol,journal-article,The Journal of American History,54,3,665,10.2307/2937459,https://doi.org/10.2307/2937459,,Lovejoy Buddhistic
Crossref,1968,"Legend Unending, Beginnings Unknown: P. S. Lovejoy on “Paul Bunyon”",,journal-article,Forest History Newsletter,11,4,37-38,10.2307/3982904,https://doi.org/10.2307/3982904,,Lovejoy Buddhistic
Crossref,1963,Arthur O. Lovejoy and the History of Ideas,John Herman Randall,journal-article,Philosophy and Phenomenological Research,23,4,475,10.2307/2104513,https://doi.org/10.2307/2104513,,Lovejoy Buddhistic
Crossref,1919,Review of Lumber Industry Affairs,P. S. Lovejoy,journal-article,Journal of Forestry,17,3,245-259,10.1093/jof/17.3.245,https://doi.org/10.1093/jof/17.3.245,,Lovejoy Buddhistic
Crossref,1918,A STUDY OF SOUTHERN CALIFORNIA PLACE NAMES,ORA A. LOVEJOY,journal-article,Annual Publication of the Historical Society of Southern California,11,1,44-50,10.2307/41168758,https://doi.org/10.2307/41168758,,Lovejoy Buddhistic
Crossref,1946,A Note on Peirce's Evolutionism,Arthur O. Lovejoy,journal-article,Journal of the History of Ideas,7,3,351,10.2307/2707405,https://doi.org/10.2307/2707405,,Lovejoy Buddhistic
Crossref,1925,Prolegomena to an Idealist Theory of Knowledge.,Arthur O. Lovejoy; Norman Kemp Smith,journal-article,The Philosophical Review,34,2,185,10.2307/2179466,https://doi.org/10.2307/2179466,,Lovejoy Buddhistic
Crossref,1959,Rhode Island Politics and the American Revolution: 1760-1776,Milton Cantor; David S. Lovejoy,journal-article,American Quarterly,11,3,431,10.2307/2710397,https://doi.org/10.2307/2710397,,Lovejoy Buddhistic
Crossref,1964,"""Cyclical Sensitivity of Public Utilities: 1947-59"": Rejoinder",Wallace F. Lovejoy; David A. Bowers,journal-article,Land Economics,40,3,338,10.2307/3144744,https://doi.org/10.2307/3144744,,Lovejoy Buddhistic
Crossref,1931,La Pensee de Jean-Jacques Rousseau; Essai d'interpretation nouvelle.,Arthur O. Lovejoy; Albert Schinz,journal-article,Modern Language Notes,46,1,41,10.2307/2913517,https://doi.org/10.2307/2913517,,Lovejoy Buddhistic
Crossref,1949,Counseling Youth for College,CLARENCE E. LOVEJOY,journal-article,Occupations: The Vocational Guidance Journal,27,6,381-386,10.1002/j.2164-5892.1949.tb01531.x,https://doi.org/10.1002/j.2164-5892.1949.tb01531.x,,Lovejoy Buddhistic
Crossref,1948,Autonomy and Necessity: A Rejoinder to Professor Lovejoy,A. C. Pegis,journal-article,Philosophy and Phenomenological Research,9,1,89,10.2307/2103853,https://doi.org/10.2307/2103853,,Lovejoy Buddhistic
Crossref,1952,On a Supposed Resurgence of Vicious Intellectualism,Arthur O. Lovejoy,journal-article,The Journal of Philosophy,49,4,85,10.2307/2021577,https://doi.org/10.2307/2021577,,Lovejoy Buddhistic
Crossref,1937,<i>The Great Chain of Being</i>. Arthur O. Lovejoy,H. T. Davis,journal-article,Isis,27,1,111-114,10.1086/347235,https://doi.org/10.1086/347235,,Lovejoy Buddhistic
Crossref,1970,The Taxonomic Status of the 'Meganthropus' Mandibular Fragments from the Djetis Beds of Java,C. Owen Lovejoy,journal-article,Man,5,2,228,10.2307/2799649,https://doi.org/10.2307/2799649,,Lovejoy Buddhistic
Crossref,1955,SURFACE TENSION OF He<sup>3</sup>,D. R. LoveJoy,journal-article,Canadian Journal of Physics,33,2,49-53,10.1139/p55-008,https://doi.org/10.1139/p55-008,,Lovejoy Buddhistic
Crossref,1939,Communications: Professional Association or Trade Union?,George A. Coe; Auther O. Lovejoy,journal-article,Bulletin of the American Association of University Professors,25,3,344,10.2307/40219344,https://doi.org/10.2307/40219344,,Lovejoy Buddhistic
Crossref,1917,On the Meaning of 'Romantic' in Early German Romanticism Part II,A. O. Lovejoy,journal-article,Modern Language Notes,32,2,65,10.2307/2915747,https://doi.org/10.2307/2915747,,Lovejoy Buddhistic
Crossref,1944,Reply to Professor Spitzer,Arthur O. Lovejoy,journal-article,Journal of the History of Ideas,5,2,204,10.2307/2707385,https://doi.org/10.2307/2707385,,Lovejoy Buddhistic
Crossref,1915,Conditions at the University of Utah,John Dewey; A. O. Lovejoy; Edwin R. A. Seligman,journal-article,Science,41,1062,685-685,10.1126/science.41.1062.685-a,https://doi.org/10.1126/science.41.1062.685-a,,Lovejoy Buddhistic
Crossref,1911,Book Review:A Beginner's History of Philosophy: Vol. II. Modern Philosophy. Herbert Ernest Cushman,Arthur O. Lovejoy,journal-article,Ethics,22,1,111,10.1086/206636,https://doi.org/10.1086/206636,,Lovejoy Buddhistic
Crossref,1942,The Communism of Saint Ambrose,Arthur O. Lovejoy,journal-article,Journal of the History of Ideas,3,4,458,10.2307/2707318,https://doi.org/10.2307/2707318,,Lovejoy Buddhistic
Crossref,1922,"Time, Meaning and Transcendence--II.: Professor Dewey's Tertium Quid",Arthur O. Lovejoy,journal-article,The Journal of Philosophy,19,20,533,10.2307/2939326,https://doi.org/10.2307/2939326,,Lovejoy Buddhistic
Crossref,1952,In Defense of Individualistic Empiricism: Rejoinder to Mr. Lowe,Arthur O. Lovejoy,journal-article,The Journal of Philosophy,49,4,111,10.2307/2021580,https://doi.org/10.2307/2021580,,Lovejoy Buddhistic
Crossref,1968,Owen Lovejoy: Abolitionist in Congress.,Bertram Wyatt-Brown; Edward Magdol,journal-article,The Journal of Southern History,34,1,123,10.2307/2205497,https://doi.org/10.2307/2205497,,Lovejoy Buddhistic
Crossref,1968,A Technique for Mist-Netting in the Forest Canopy,Philip S. Humphrey; David Bridge; Thomas E. Lovejoy,journal-article,Bird-Banding,39,1,43,10.2307/4511439,https://doi.org/10.2307/4511439,,Lovejoy Buddhistic
Crossref,1950,Essays in the History of Ideas,H. T. C.; Arthur O. Lovejoy,journal-article,The Journal of Philosophy,47,1,22,10.2307/2019435,https://doi.org/10.2307/2019435,,Lovejoy Buddhistic
Crossref,1906,Leibniz's Hauptschriften zur Grundlegung der Philosophie.,Arthur O. Lovejoy; A. Buchenau; Ernst Cassirer,journal-article,The Philosophical Review,15,4,437,10.2307/2177901,https://doi.org/10.2307/2177901,,Lovejoy Buddhistic
Crossref,1915,CONDITIONS AT THE UNIVERSITY OF UTAH,J. Dewey; A. O. Lovejoy; E. R. A. Seligman,journal-article,Science,41,1062,685-685,10.1126/science.41.1062.685,https://doi.org/10.1126/science.41.1062.685,,Lovejoy Buddhistic
Crossref,1936,Primitivism and Related Ideas in Antiquity.,Robert K. Merton; Arthur O. Lovejoy; George Boas,journal-article,American Sociological Review,1,1,156,10.2307/2083882,https://doi.org/10.2307/2083882,,Lovejoy Buddhistic
Crossref,1961,Which College for You?,Clarence E. Lovejoy,journal-article,The Journal of Higher Education,32,4,236-237,10.1080/00221546.1961.11777697,https://doi.org/10.1080/00221546.1961.11777697,,Lovejoy Buddhistic
Crossref,1908,The Theory of a Pre-Christian Cult of Jesus,Arthur O. Lovejoy,journal-article,Monist,18,4,597-609,10.5840/monist190818440,https://doi.org/10.5840/monist190818440,,Lovejoy Buddhistic
Crossref,1968,Cenozoic Crustal Movements in the Sierra Nevada: Discussion,EARL M. P. LOVEJOY,journal-article,Geological Society of America Bulletin,79,1,153,10.1130/0016-7606(1968)79[153:ccmits]2.0.co;2,https://doi.org/10.1130/0016-7606(1968)79[153:ccmits]2.0.co;2,,Lovejoy Buddhistic
Crossref,1949,Essays in the History of Ideas,Sidney Ratner; Arthur O. Lovejoy,journal-article,The American Historical Review,54,4,850,10.2307/1844306,https://doi.org/10.2307/1844306,,Lovejoy Buddhistic
Crossref,1911,L'espace et le Temps Chez Leibniz et Chez Kant.,A. O. Lovejoy; Emile Van Biema,journal-article,The Philosophical Review,20,3,313,10.2307/2177854,https://doi.org/10.2307/2177854,,Lovejoy Buddhistic
Crossref,1915,Conditions at the University of Utah,John Dewey; A. O. Lovejoy; Edwin R. A. Seligman,journal-article,Science,41,1062,685-685,10.1126/science.41.1062.685.a,https://doi.org/10.1126/science.41.1062.685.a,,Lovejoy Buddhistic
Crossref,1958,Hearing Conservation in New York State,H. T. Lovejoy,journal-article,American Industrial Hygiene Association Journal,19,5,392-394,10.1080/00028895809343615,https://doi.org/10.1080/00028895809343615,,Lovejoy Buddhistic
Crossref,1924,Facts First then Common Sense,P. S. Lovejoy,journal-article,Journal of Forestry,22,7,780-789,10.1093/jof/22.7.780,https://doi.org/10.1093/jof/22.7.780,,Lovejoy Buddhistic
Crossref,1948,A. O. Lovejoy as Teacher,Marjorie Nicolson,journal-article,Journal of the History of Ideas,9,4,428,10.2307/2707216,https://doi.org/10.2307/2707216,,Lovejoy Buddhistic
Crossref,1969,Attention in Discrimination Learning,Douglas H. Lawrence; Elijah Lovejoy,journal-article,The American Journal of Psychology,82,4,549,10.2307/1420450,https://doi.org/10.2307/1420450,,Lovejoy Buddhistic
Crossref,1937,Primitivism and Related Ideas in Antiquity.,George R. Havens; Arthur O. Lovejoy; George Boas,journal-article,Modern Language Notes,52,6,421,10.2307/2911724,https://doi.org/10.2307/2911724,,Lovejoy Buddhistic
Crossref,1936,"<i>A Documentary History of Primitwism and Related Ideas</i>. General Editors, <scp>Arthur O. Lovejoy, Gilbert Chinard, George Boas, Ronald S. Crane</scp>. Volume I, <i>Primitwism and Related Ideas in Antiquity</i>. By <scp>Arthur O. Lovejoy, George Boas</scp>, <scp>Ronald S. Crane</scp>. Volume I, <i>Primitwism and Related Ideas in Antiquity</i>. By <scp>Arthur O. Lovejoy, George Boas</scp>. With Supplementary Essays by <scp>W. F. Albright</scp> and <scp>P. E. Dumont</scp>. (Baltimore: Johns Hopkins Press. 1935. Pp. xv, 482. $5.00.)",R. K. Hack,journal-article,The American Historical Review,41,4,728-730,10.1086/ahr/41.4.728,https://doi.org/10.1086/ahr/41.4.728,,Lovejoy Buddhistic
Crossref,1951,Report on Quality Factors in Processed Vegetables,B M Gutterman; R D Lovejoy; L M Beacham,journal-article,Journal of AOAC INTERNATIONAL,34,2,231-232,10.1093/jaoac/34.2.231,https://doi.org/10.1093/jaoac/34.2.231,,Lovejoy Buddhistic
Crossref,1957,Clinical and Hemodynamic Studies of Myocardial Fibrosis,ROBERT E. NYE; FRANK W. LOVEJOY; PAUL N. YU,journal-article,Circulation,16,3,332-338,10.1161/01.cir.16.3.332,https://doi.org/10.1161/01.cir.16.3.332,,Lovejoy Buddhistic
Crossref,1906,Les Notions d'Essence et d'Existence dans la Philosophie de Spinoza.,Arthur O. Lovejoy; Albert Rivaud,journal-article,The Philosophical Review,15,4,436,10.2307/2177900,https://doi.org/10.2307/2177900,,Lovejoy Buddhistic
Crossref,1909,<i>On the Interpretation of Empedocles</i>. Clara Elizabeth Millerd,Arthur O. Lovejoy,journal-article,Classical Philology,4,3,332-334,10.1086/359313,https://doi.org/10.1086/359313,,Lovejoy Buddhistic
Crossref,1933,Concepts and Contours in Land Utilization,P. S. Lovejoy,journal-article,Journal of Forestry,31,4,381-391,10.1093/jof/31.4.381,https://doi.org/10.1093/jof/31.4.381,,Lovejoy Buddhistic
Crossref,1916,The Cost of Forest Improvement Systems,P. S. Lovejoy,journal-article,Journal of Forestry,14,2,238-254,10.1093/jof/14.2.238,https://doi.org/10.1093/jof/14.2.238,,Lovejoy Buddhistic
Crossref,1940,Reflections on the History of Ideas,Arthur O. Lovejoy,journal-article,Journal of the History of Ideas,1,1,3,10.2307/2707007,https://doi.org/10.2307/2707007,,Lovejoy Buddhistic
Crossref,1916,"Meeting for Organization of the Association: New York, January, 1915",A. O. Lovejoy,journal-article,Bulletin of the American Association of University Professors,2,1,14,10.2307/40216737,https://doi.org/10.2307/40216737,,Lovejoy Buddhistic
Crossref,1922,The Length of Human Infancy in Eighteenth-Century Thought,Arthur O. Lovejoy,journal-article,The Journal of Philosophy,19,14,381,10.2307/2939649,https://doi.org/10.2307/2939649,,Lovejoy Buddhistic
Crossref,1968,"Labor Productivity in Italian Agriculture, 1951-1973",Robert M. Lovejoy,journal-article,Industrial and Labor Relations Review,21,4,570,10.2307/2520758,https://doi.org/10.2307/2520758,,Lovejoy Buddhistic
Crossref,1913,The Practical Tendencies of Bergsonism. I,Arthur O. Lovejoy,journal-article,The International Journal of Ethics,23,3,253-275,10.1086/intejethi.23.3.2376671,https://doi.org/10.1086/intejethi.23.3.2376671,,Lovejoy Buddhistic
Crossref,1911,Dogmatism and Evolution: Studies in Modern Philosophy.,Arthur O. Lovejoy; Theodore DeLaguna; Grace Andrus DeLaguna,journal-article,The Philosophical Review,20,5,535,10.2307/2177619,https://doi.org/10.2307/2177619,,Lovejoy Buddhistic
Crossref,1913,I.—SOME ANTECEDENTS OF THE PHILOSOPHY OF BERGSON,ARTHUR O. LOVEJOY,journal-article,Mind,XXII,10,465-483,10.1093/mind/xxii.10.465,https://doi.org/10.1093/mind/xxii.10.465,,Lovejoy Buddhistic
Crossref,1970,Religious Enthusiasm and the Great Awakening,Edwin S. Gaustad; David S. Lovejoy,journal-article,The New England Quarterly,43,2,328,10.2307/363261,https://doi.org/10.2307/363261,,Lovejoy Buddhistic
Crossref,1955,Henry Marchant and the Mistress of the World,David S. Lovejoy,journal-article,The William and Mary Quarterly,12,3,375,10.2307/1917100,https://doi.org/10.2307/1917100,,Lovejoy Buddhistic
Crossref,1916,Essai sur l'evolution des doctrines de M. Georges Sorel.,A. O. Lovejoy; Frederic D. Cheydleur,journal-article,Modern Language Notes,31,6,360,10.2307/2915726,https://doi.org/10.2307/2915726,,Lovejoy Buddhistic
Crossref,1922,"Time, Meaning and Transcendence--I. The Alleged Futurity of Yesterday",Arthur O. Lovejoy,journal-article,The Journal of Philosophy,19,19,505,10.2307/2939536,https://doi.org/10.2307/2939536,,Lovejoy Buddhistic
Crossref,1914,"Book Review:A Psychological Study of Religion: Its Origin, Function and Future. James H. Leuba",Arthur O. Lovejoy,journal-article,Ethics,24,2,216,10.1086/206807,https://doi.org/10.1086/206807,,Lovejoy Buddhistic
Crossref,1960,Integration and Competition in the Petroleum Industry,Wallace F. Lovejoy; Melvin G. de Chazeau; Alfred E. Kahn,journal-article,Land Economics,36,3,304,10.2307/3144506,https://doi.org/10.2307/3144506,,Lovejoy Buddhistic
Crossref,1907,<i>Qualitative Change in Pre-Socratic Philosophy</i>. W. A. Heidel,Arthur D. Lovejoy,journal-article,Classical Philology,2,4,490-490,10.1086/359103,https://doi.org/10.1086/359103,,Lovejoy Buddhistic
Crossref,1933,Academic Freedom and Tenure: Rollins College Report,Arthur O. Lovejoy; Austin S. Edwards,journal-article,Bulletin of the American Association of University Professors,19,7,416,10.2307/40218822,https://doi.org/10.2307/40218822,,Lovejoy Buddhistic
Crossref,1962,Elijah P. Lovejoy: Abolitionist Editor,Robert L. Bloom; Merton L. Dillon,journal-article,The Mississippi Valley Historical Review,49,1,136,10.2307/1889494,https://doi.org/10.2307/1889494,,Lovejoy Buddhistic
Crossref,1949,Historiography and Evaluation: A Disclaimer,Arthur O. Lovejoy,journal-article,Journal of the History of Ideas,10,1,141,10.2307/2707206,https://doi.org/10.2307/2707206,,Lovejoy Buddhistic
Crossref,1946,Goldsmith and the Chain of Being,Arthur O. Lovejoy,journal-article,Journal of the History of Ideas,7,1,91,10.2307/2707270,https://doi.org/10.2307/2707270,,Lovejoy Buddhistic
Crossref,1961,"The Reason, the Understanding, and Time.",Daniel S. Robinson; Arthur O. Lovejoy,journal-article,Philosophy and Phenomenological Research,22,2,273,10.2307/2104855,https://doi.org/10.2307/2104855,,Lovejoy Buddhistic
Crossref,1965,Disequilibrium and Increasing Costs: A Study of Local Telephone Service,David A. Bowers; Wallace F. Lovejoy,journal-article,Land Economics,41,1,31,10.2307/3144887,https://doi.org/10.2307/3144887,,Lovejoy Buddhistic
Crossref,1963,In Memory of A. O. Lovejoy,Ludwig Edelstein,journal-article,Journal of the History of Ideas,24,4,451,10.2307/2707977,https://doi.org/10.2307/2707977,,Lovejoy Buddhistic
Crossref,1913,The Practical Tendencies of Bergsonism. II,Arthur O. Lovejoy,journal-article,The International Journal of Ethics,23,4,419-443,10.1086/intejethi.23.4.2376914,https://doi.org/10.1086/intejethi.23.4.2376914,,Lovejoy Buddhistic
Crossref,1962,"Book Review:Essays on Petroleum Conservation Regulation. Wallace F. Lovejoy, James I. Pikl",Jesse Markham,journal-article,The Journal of Business,35,3,318,10.1086/294516,https://doi.org/10.1086/294516,,Lovejoy Buddhistic
Crossref,1962,Detection Limits in Radiation and Optical Pyrometry,D. R. Lovejoy,journal-article,Journal of the Optical Society of America,52,12,1387,10.1364/josa.52.001387,https://doi.org/10.1364/josa.52.001387,,Lovejoy Buddhistic
Crossref,1962,On Klemens and Lowenthal's Paper on Deviations from Matthiessen's Rule,RJ Berry; DR Lovejoy,journal-article,Australian Journal of Physics,15,3,441-443,10.1071/ph620441,https://doi.org/10.1071/ph620441,,Lovejoy Buddhistic
Crossref,1920,Pragmatism as Interactionism,Arthur O. Lovejoy,journal-article,"The Journal of Philosophy, Psychology and Scientific Methods",17,23,622,10.2307/2939891,https://doi.org/10.2307/2939891,,Lovejoy Buddhistic
Crossref,1955,Stories on Stone: A Book of American Epitaphs,David S. Lovejoy; Charles L. Wallis,journal-article,The New England Quarterly,28,2,280,10.2307/362794,https://doi.org/10.2307/362794,,Lovejoy Buddhistic
Crossref,1936,Primitivism and Related Ideas in Antiquity.,H. T. C.; Arthur O. Lovejoy; George Boas,journal-article,The Journal of Philosophy,33,7,192,10.2307/2016444,https://doi.org/10.2307/2016444,,Lovejoy Buddhistic
Crossref,1948,Arthur O. Lovejoy and the Theory of Historiography,Maurice Mandelbaum,journal-article,Journal of the History of Ideas,9,4,412,10.2307/2707214,https://doi.org/10.2307/2707214,,Lovejoy Buddhistic
Crossref,1909,Pragmatism and Realism,Arthur O. Lovejoy,journal-article,"The Journal of Philosophy, Psychology and Scientific Methods",6,21,575,10.2307/2010796,https://doi.org/10.2307/2010796,,Lovejoy Buddhistic
Crossref,1911,Book Review:A Beginner's History of Philosophy: Vol I. Ancient and Mediaeval Philosophy. Herbert Ernest Cushman,A. O. Lovejoy,journal-article,Ethics,21,3,352,10.1086/206604,https://doi.org/10.1086/206604,,Lovejoy Buddhistic
Crossref,1951,Essays in the History of Ideas by Arthur O. Lovejoy,A. J. McNicholl,journal-article,The Thomist: A Speculative Quarterly Review,14,3,407-412,10.1353/tho.1951.0016,https://doi.org/10.1353/tho.1951.0016,,Lovejoy Buddhistic
Crossref,1911,"Lovejoy, A. O. Schopenhauer as an Evolutionist",A.O. Lovejoy,journal-article,Kant-Studien,16,1-3,,10.1515/kant-1911-0177,https://doi.org/10.1515/kant-1911-0177,,Lovejoy upadana
Crossref,1911,"Lovejoy, Α. O. Kant and Evolution",A.O. Lovejoy,journal-article,Kant-Studien,16,1-3,,10.1515/kant-1911-0176,https://doi.org/10.1515/kant-1911-0176,,Lovejoy upadana
Crossref,1919,"Hogs, by A.J. Lovejoy, with supplementary chapters on feeding by John M. Evvard ...",A. J. Lovejoy; John M. Evvard,monograph,,,,,10.5962/bhl.title.20972,https://doi.org/10.5962/bhl.title.20972,,Lovejoy upadana
Crossref,1920,Michigan's millions of idle acres,P. S. Lovejoy; Fred E. Janette,monograph,,,,,10.5962/bhl.title.26795,https://doi.org/10.5962/bhl.title.26795,,Lovejoy upadana
Crossref,1909,The child in industry,Owen R. Lovejoy,dataset,PsycEXTRA Dataset,,,,10.1037/e533612009-121,https://doi.org/10.1037/e533612009-121,,Lovejoy upadana
Crossref,1912,Sal vet swine book,F. D. Coburn; Robert. Evans; A. J. Lovejoy; E.C. Stone,monograph,,,,,10.5962/bhl.title.43687,https://doi.org/10.5962/bhl.title.43687,,Lovejoy upadana
Crossref,1965,Lovejoy: Martyr to Freedom (review),,journal-article,Civil War History,11,3,290-291,10.1353/cwh.1965.0093,https://doi.org/10.1353/cwh.1965.0093,,Lovejoy upadana
Crossref,1951,404. To Messrs. Lovejoy. 27 February.,Anthony Trollope,book-chapter,The Letters of Anthony Trollope,,,,10.1093/oseo/instance.00193543,https://doi.org/10.1093/oseo/instance.00193543,,Lovejoy upadana
Crossref,1914,Reply to Professor Lovejoy,James H. Leuba,journal-article,Ethics,24,4,452,10.1086/206853,https://doi.org/10.1086/206853,,Lovejoy upadana
Crossref,1940,Coleridge and Kant's Two Worlds,Arthur O. Lovejoy,journal-article,ELH,7,4,341,10.2307/2871524,https://doi.org/10.2307/2871524,,Lovejoy upadana
Crossref,1968,Owen Lovejoy: Abolitionist in Congress (review),,journal-article,Civil War History,14,2,188-189,10.1353/cwh.1968.0014,https://doi.org/10.1353/cwh.1968.0014,,Lovejoy upadana
Crossref,1911,The Import of Vitalism,A. O. Lovejoy,journal-article,Science,34,864,75-80,10.1126/science.34.864.75.b,https://doi.org/10.1126/science.34.864.75.b,,Lovejoy upadana
Crossref,1907,Professor Ormond's philosophy.,Arthur O. Lovejoy,journal-article,Psychological Bulletin,4,11,339-349,10.1037/h0075121,https://doi.org/10.1037/h0075121,,Lovejoy upadana
Crossref,1933,America’s Wandering Boys,Owen R. Lovejoy,journal-article,Current History,37,5,565-570,10.1525/curh.1933.37.5.565,https://doi.org/10.1525/curh.1933.37.5.565,,Lovejoy upadana
Crossref,1965,"Methods of Estimating Reserves of Crude Oil, Natural Gas, and Natural Gas Liquids",Wallce Lovejoy,edited-book,,,,,10.56021/9780801803987,https://doi.org/10.56021/9780801803987,,Lovejoy upadana
Crossref,1909,Das Kausalitatsproblem der Biologie,A. O. Lovejoy,journal-article,Science,30,778,761-766,10.1126/science.30.778.761-a,https://doi.org/10.1126/science.30.778.761-a,,Lovejoy upadana
Crossref,1951,523. To Mr. Lovejoy. 23 July. Athenaeum Club.,Anthony Trollope,book-chapter,The Letters of Anthony Trollope,,,,10.1093/oseo/instance.00193666,https://doi.org/10.1093/oseo/instance.00193666,,Lovejoy upadana
Crossref,1962,"Aerosols, Bronchodilators and Mucolytic Agents",Frank W. Lovejoy; Paul E. Morrow,journal-article,Anesthesiology,23,4,460-472,10.1097/00000542-196207000-00006,https://doi.org/10.1097/00000542-196207000-00006,,Lovejoy upadana
Crossref,1924,Committees,Arthur O. Lovejoy,journal-article,Bulletin of the American Association of University Professors,10,6,11,10.2307/40217333,https://doi.org/10.2307/40217333,,Lovejoy upadana
Crossref,1911,William James as Philosopher,Arthur O. Lovejoy,journal-article,Ethics,21,2,125,10.1086/206575,https://doi.org/10.1086/206575,,Lovejoy upadana
Crossref,1923,Rousseau's Pessimist,Arthur O. Lovejoy,journal-article,Modern Language Notes,38,8,449,10.2307/2915231,https://doi.org/10.2307/2915231,,Lovejoy upadana
Crossref,1963,The Great Chain of Being,Arthur O. Lovejoy,edited-book,,,,,10.4159/9780674040335,https://doi.org/10.4159/9780674040335,,Lovejoy upadana
Crossref,1906,On Kant’s Reply to Hume.,Arthur Lovejoy,journal-article,Archiv für Geschichte der Philosophie,19,3,,10.1515/agph.1906.19.3.380,https://doi.org/10.1515/agph.1906.19.3.380,,Lovejoy upadana
Crossref,1911,The Import of Vitalism,A. O. Lovejoy,journal-article,Science,34,864,75-80,10.1126/science.34.864.75-b,https://doi.org/10.1126/science.34.864.75-b,,Lovejoy upadana
Crossref,1905,Hobbes.,A. O. Lovejoy; Leslie Stephen,journal-article,The Philosophical Review,14,1,97,10.2307/2176433,https://doi.org/10.2307/2176433,,Lovejoy upadana
Crossref,1961,Gas Rate Fundamentals,Wallace F. Lovejoy,journal-article,Southern Economic Journal,27,3,254,10.2307/1055102,https://doi.org/10.2307/1055102,,Lovejoy upadana
Crossref,1962,Nuclear orientation of Tb156,C.A. Lovejoy; D.A. Shirley,journal-article,Nuclear Physics,30,,452-461,10.1016/0029-5582(62)90069-x,https://doi.org/10.1016/0029-5582(62)90069-x,,Lovejoy upadana
Crossref,1911,The Meaning of Vitalism,Arthur O. Lovejoy,journal-article,Science,33,851,610-614,10.1126/science.33.851.610,https://doi.org/10.1126/science.33.851.610,,Lovejoy upadana
Crossref,1913,The Practical Tendencies of Bergsonism. II,Arthur O. Lovejoy,journal-article,Ethics,23,4,419,10.1086/206767,https://doi.org/10.1086/206767,,Lovejoy upadana
Crossref,1930,Ethics.,Arthur O. Lovejoy; Frank Chapman Sharp,journal-article,The Philosophical Review,39,6,613,10.2307/2179689,https://doi.org/10.2307/2179689,,Lovejoy upadana
Crossref,1964,The Modern Family.,Albert Lovejoy; Robert F. Winch,journal-article,Social Forces,43,1,114,10.2307/2575980,https://doi.org/10.2307/2575980,,Lovejoy upadana
Crossref,1933,Monboddo and Rousseau,Arthur O. Lovejoy,journal-article,Modern Philology,30,3,275-296,10.1086/388043,https://doi.org/10.1086/388043,,Lovejoy upadana
Crossref,1920,Lafayette College,Arthur O. Lovejoy,journal-article,Bulletin of the American Association of University Professors,6,6,10,10.2307/40216992,https://doi.org/10.2307/40216992,,Lovejoy upadana
Crossref,1945,Alva Bush Lovejoy,,journal-article,The Annals of Iowa,26,3,241-242,10.17077/0003-4827.6382,https://doi.org/10.17077/0003-4827.6382,,Lovejoy upadana
Crossref,1921,Profit-Sharing and Industrial Peace,Arthur O. Lovejoy,journal-article,Ethics,31,3,241,10.1086/207291,https://doi.org/10.1086/207291,,Lovejoy upadana
Crossref,1914,The Association of University Professors,Arthur O. Lovejoy,journal-article,Science,40,1038,744-745,10.1126/science.40.1038.744,https://doi.org/10.1126/science.40.1038.744,,Lovejoy upadana
Crossref,1912,The duty of superintendents in the enforcement of child-labor laws,Owen R. Lovejoy,dataset,PsycEXTRA Dataset,,,,10.1037/e533642009-053,https://doi.org/10.1037/e533642009-053,,Lovejoy upadana
Crossref,1922,Reply to Professor Babbitt,Arthur O. Lovejoy,journal-article,Modern Language Notes,37,5,268,10.2307/2915200,https://doi.org/10.2307/2915200,,Lovejoy upadana
Crossref,1913,The Practical Tendencies of Bergsonism. I,Arthur O. Lovejoy,journal-article,Ethics,23,3,253,10.1086/206744,https://doi.org/10.1086/206744,,Lovejoy upadana
Crossref,1924,Pastness and Transcendence,Arthur O. Lovejoy,journal-article,The Journal of Philosophy,21,22,601,10.2307/2014483,https://doi.org/10.2307/2014483,,Lovejoy upadana
Crossref,1920,Rousseau and Romanticism.,Arthur O. Lovejoy; Irving Babbitt,journal-article,Modern Language Notes,35,5,302,10.2307/2914839,https://doi.org/10.2307/2914839,,Lovejoy upadana
Crossref,1927,"The Meanings of ""Emergence"" and its Modes",Arthur O. Lovejoy,book-chapter,Proceedings of the Sixth International Congress of Philosophy,,,20-33,10.5840/wcp6192720,https://doi.org/10.5840/wcp6192720,,Lovejoy upadana
Crossref,1917,Progress in Philosophical Inquiry,Arthur O. Lovejoy,journal-article,The Philosophical Review,26,5,537,10.2307/2178048,https://doi.org/10.2307/2178048,,Lovejoy upadana
Crossref,1927,""" Nature "" as Aesthetic Norm",Arthur O. Lovejoy,journal-article,Modern Language Notes,42,7,444,10.2307/2913933,https://doi.org/10.2307/2913933,,Lovejoy upadana
Crossref,1917,Forest Biology,P. S. Lovejoy,journal-article,Journal of Forestry,15,2,203-214,10.1093/jof/15.2.203,https://doi.org/10.1093/jof/15.2.203,,Lovejoy upadana
Crossref,1921,'Pride' in Eighteenth-Century Thought,Arthur O. Lovejoy,journal-article,Modern Language Notes,36,1,31,10.2307/2914820,https://doi.org/10.2307/2914820,,Lovejoy upadana
Crossref,1909,The Obsolescence of the Eternal,Arthur O. Lovejoy,journal-article,The Philosophical Review,18,5,479,10.2307/2177450,https://doi.org/10.2307/2177450,,Lovejoy upadana
Crossref,1928,Accounting Procedure for School Systems (Book).,Philip Lovejoy,journal-article,The Accounting Review,3,2,219-220,10.2308/tar-8591785,https://doi.org/10.2308/tar-8591785,,Lovejoy upadana
Crossref,1923,IV.—‘REPRESENTATIVE IDEAS’ IN MALEBRANCHE AND ARNAULD,A. O. LOVEJOY,journal-article,Mind,XXXII,128,449-461,10.1093/mind/xxxii.128.449,https://doi.org/10.1093/mind/xxxii.128.449,,Lovejoy upadana
Crossref,1913,The Metamorphosis of the Carnegie Foundation,Arthur O. Lovejoy,journal-article,Science,37,954,546-552,10.1126/science.37.954.546,https://doi.org/10.1126/science.37.954.546,,Lovejoy upadana
Crossref,1937,Milton and the Paradox of the Fortunate Fall,Arthur O. Lovejoy,journal-article,ELH,4,3,161,10.2307/2871531,https://doi.org/10.2307/2871531,,Lovejoy upadana
Crossref,1946,Ellsworth Lovejoy Redfern,,journal-article,The Annals of Iowa,27,3,254-255,10.17077/0003-4827.6461,https://doi.org/10.17077/0003-4827.6461,,Lovejoy upadana
Crossref,1942,John Lovejoy Elliott: 1868-1942,,journal-article,Social Service Review,16,2,341-341,10.1086/634006,https://doi.org/10.1086/634006,,Lovejoy upadana
Crossref,1965,SURPRISED BY LOVEJOY,MARK ROBERTS,journal-article,Essays in Criticism,XV,1,118-130,10.1093/eic/xv.1.118,https://doi.org/10.1093/eic/xv.1.118,,Lovejoy upadana
Crossref,1961,"Owen R. Lovejoy, 1866-1961",,journal-article,Social Service Review,35,4,439-439,10.1086/641149,https://doi.org/10.1086/641149,,Lovejoy upadana
Crossref,1933,Morris's Six Theories of Mind,Arthur O. Lovejoy,journal-article,The Philosophical Review,42,6,617,10.2307/2180010,https://doi.org/10.2307/2180010,,Lovejoy upadana
Crossref,1933,CERTAIN SAMARITANS,ESTHER POHL LOVEJOY,journal-article,"AJN, American Journal of Nursing",33,10,1016,10.1097/00000446-193310000-00050,https://doi.org/10.1097/00000446-193310000-00050,,Lovejoy upadana
Crossref,1966,Analysis of the overlearning reversal effect.,Elijah Lovejoy,journal-article,Psychological Review,73,1,87-103,10.1037/h0022687,https://doi.org/10.1037/h0022687,,Lovejoy upadana
Crossref,1906,IV.—KANT'S ANTITHESIS OF DOGMATISM AND CRITICISM,ARTHUR O. LOVEJOY,journal-article,Mind,XV,58,191-214,10.1093/mind/xv.58.191,https://doi.org/10.1093/mind/xv.58.191,,Lovejoy upadana
Crossref,1889,Is Man Left-Legged?,Fred'k A. Lovejoy; Francis H. Allen,journal-article,Science,ns-14,358,412-412,10.1126/science.ns-14.358.412-b,https://doi.org/10.1126/science.ns-14.358.412-b,,Lovejoy upadana
Crossref,1932,The Parallel of Deism and Classicism,Arthur O. Lovejoy,journal-article,Modern Philology,29,3,281-299,10.1086/387970,https://doi.org/10.1086/387970,,Lovejoy upadana
Crossref,1931,Book Review:The Revolt Against Dualism. Arthur O. Lovejoy,Arthur E. Murphy,journal-article,Ethics,41,2,265,10.1086/207879,https://doi.org/10.1086/207879,,Lovejoy upadana
Crossref,1962,"Temperature scales above 1,000°C",D. R. Lovejoy,journal-article,Pure and Applied Chemistry,5,3-4,565-578,10.1351/pac196205030565,https://doi.org/10.1351/pac196205030565,,Lovejoy upadana
Crossref,1950,Terminal and Adjectival Values,Arthur O. Lovejoy,journal-article,The Journal of Philosophy,47,21,593,10.2307/2021804,https://doi.org/10.2307/2021804,,Lovejoy upadana
Crossref,1951,326. To Mr. Lovejoy. 27 February. Waltham Cross.,Anthony Trollope,book-chapter,The Letters of Anthony Trollope,,,196-196,10.1093/oseo/instance.00193463,https://doi.org/10.1093/oseo/instance.00193463,,Lovejoy upadana
Crossref,1911,Schopenhauer as an Evolutionist,Arthur O. Lovejoy,journal-article,Monist,21,2,195-222,10.5840/monist191121240,https://doi.org/10.5840/monist191121240,,Lovejoy upadana
Crossref,1925,Reconstruction of Filters at Louisville,W. H. Lovejoy,journal-article,Journal AWWA,14,4,352-356,10.1002/j.1551-8833.1925.tb13336.x,https://doi.org/10.1002/j.1551-8833.1925.tb13336.x,,Lovejoy upadana
Crossref,1922,The Paradox of the Thinking Behaviorist,Arthur O. Lovejoy,journal-article,The Philosophical Review,31,2,135,10.2307/2178913,https://doi.org/10.2307/2178913,,Lovejoy upadana
Crossref,1955,American Painting in Early Nineteenth-Century Gift Books,David S. Lovejoy,journal-article,American Quarterly,7,4,345,10.2307/2710429,https://doi.org/10.2307/2710429,,Lovejoy upadana
Crossref,1938,<i>The Great Chain of Being</i>. Arthur O. Lovejoy,,journal-article,Isis,28,2,537-540,10.1086/347375,https://doi.org/10.1086/347375,,Lovejoy upadana
Crossref,1922,Pragmatism and the New Materialism,Arthur O. Lovejoy,journal-article,The Journal of Philosophy,19,1,5,10.2307/2939682,https://doi.org/10.2307/2939682,,Lovejoy upadana
Crossref,1937,Correction: [Milton and the Paradox of the Fortunate Fall],Arthur O. Lovejoy,journal-article,ELH,4,4,330,10.2307/2871637,https://doi.org/10.2307/2871637,,Lovejoy upadana
Crossref,1945,ROY ARNOLD LOVEJOY,,journal-article,Medical Journal of Australia,1,6,164-164,10.5694/j.1326-5377.1945.tb54540.x,https://doi.org/10.5694/j.1326-5377.1945.tb54540.x,,Lovejoy upadana
Crossref,1913,Error and the New Realism,A. O. Lovejoy,journal-article,The Philosophical Review,22,4,410,10.2307/2178389,https://doi.org/10.2307/2178389,,Lovejoy upadana
Crossref,1911,Easter Carol,George Newell Lovejoy,journal-article,Journal of Education,73,15,399-399,10.1177/002205741107301503,https://doi.org/10.1177/002205741107301503,,Lovejoy upadana
Crossref,1947,A Rejoinder to Professor Lovejoy,Henry Veatch,journal-article,Philosophy and Phenomenological Research,7,4,622,10.2307/2102987,https://doi.org/10.2307/2102987,,Lovejoy upadana
Crossref,1925,James Harrington's Oceana.,Arthur O. Lovejoy; S. B. Liljegren,journal-article,Modern Language Notes,40,4,245,10.2307/2914292,https://doi.org/10.2307/2914292,,Lovejoy upadana
Crossref,1927,The Meanings of ‘emergence’ and Its Modes,Arthur O. Lovejoy,journal-article,Philosophy,2,6,167-181,10.1017/s0031819100015199,https://doi.org/10.1017/s0031819100015199,,Lovejoy upadana
Crossref,1948,Comment on Mr. Pegis's Rejoinder,Arthur O. Lovejoy,journal-article,Philosophy and Phenomenological Research,9,2,284,10.2307/2103394,https://doi.org/10.2307/2103394,,Lovejoy upadana
Crossref,1922,Child Labor in the United States,Owen R. Lovejoy,journal-article,Current History,16,4,617-620,10.1525/curh.1922.16.4.617,https://doi.org/10.1525/curh.1922.16.4.617,,Lovejoy upadana
Crossref,1938,Professional Association or Trade Union?,Arthur O. Lovejoy,journal-article,Bulletin of the American Association of University Professors,24,5,409,10.2307/40219424,https://doi.org/10.2307/40219424,,Lovejoy upadana
Crossref,1907,Breaker Boys in Pennsylvania,Owen R. Lovejoy,journal-article,Journal of Education,66,15,410-411,10.1177/002205740706601521,https://doi.org/10.1177/002205740706601521,,Lovejoy upadana
Crossref,1920,Schiller and the Genesis of Romanticism,Arthur O. Lovejoy,journal-article,Modern Language Notes,35,1,1,10.2307/2915339,https://doi.org/10.2307/2915339,,Lovejoy upadana
Crossref,1932,"The Travels of Peter, Paul, and Zebedee",Arthur O. Lovejoy,journal-article,The Philosophical Review,41,5,498,10.2307/2180063,https://doi.org/10.2307/2180063,,Lovejoy upadana
Crossref,1923,Child Labor and Education,Owen R. Lovejoy,journal-article,Journal of Education,97,24,656-659,10.1177/002205742309702404,https://doi.org/10.1177/002205742309702404,,Lovejoy upadana
Crossref,1968,Anhydrous iron(III) nitrate,D. J. Lovejoy; A. J. Vosper,journal-article,Chemical Communications (London),,20,1208a,10.1039/c1968001208a,https://doi.org/10.1039/c1968001208a,,Lovejoy upadana
Crossref,1919,An Uncommon Ice Formation,Frederick A. Lovejoy; Francis H. Allen,journal-article,Science,49,1257,119-120,10.1126/science.49.1257.119-b,https://doi.org/10.1126/science.49.1257.119-b,,Lovejoy upadana
Crossref,1919,An Uncommon Ice Formation,Frederick A. Lovejoy; Francis H. Allen,journal-article,Science,49,1257,119-120,10.1126/science.49.1257.119.b,https://doi.org/10.1126/science.49.1257.119.b,,Lovejoy upadana
Crossref,1961,Sensitive Diaphragm Type Pressure Transducer,D. R. Lovejoy,journal-article,Review of Scientific Instruments,32,1,41-43,10.1063/1.1717141,https://doi.org/10.1063/1.1717141,,Lovejoy upadana
Crossref,1910,The Retrospective Anticipations of the Carnegie Foundation,Arthur O. Lovejoy,journal-article,Science,31,794,414-415,10.1126/science.31.794.414,https://doi.org/10.1126/science.31.794.414,,Lovejoy upadana
Crossref,1889,Is Man Left-Legged?,Fred'k A. Lovejoy; Francis H. Allen,journal-article,Science,ns-14,358,412-412,10.1126/science.ns-14.358.412.b,https://doi.org/10.1126/science.ns-14.358.412.b,,Lovejoy upadana
Crossref,1967,Premarital Sex in a Changing Society.,Albert E. Lovejoy; Robert R. Bell,journal-article,Social Forces,46,1,143,10.2307/2575372,https://doi.org/10.2307/2575372,,Lovejoy upadana
Crossref,1931,The Paradox of the Time-Retarding Journey,Arthur O. Lovejoy,journal-article,The Philosophical Review,40,2,152,10.2307/2180201,https://doi.org/10.2307/2180201,,Lovejoy upadana
Crossref,1932,Dualisms Good and Bad (II),Arthur O. Lovejoy,journal-article,The Journal of Philosophy,29,14,375,10.2307/2016371,https://doi.org/10.2307/2016371,,Lovejoy upadana
Crossref,1914,Forty years' experience of a practical hog man; a practical book for the pure bred swine breeder and farmer,Andrew James Lovejoy,monograph,,,,,10.5962/bhl.title.42519,https://doi.org/10.5962/bhl.title.42519,,Lovejoy upadana
Crossref,1907,Kant's Classification of the Forms of Judgment,Arthur O. Lovejoy,journal-article,The Philosophical Review,16,6,588,10.2307/2177294,https://doi.org/10.2307/2177294,,Lovejoy upadana
Crossref,1915,Organization of the American Association of University Professors,A. O. Lovejoy,journal-article,Science,41,1048,151-154,10.1126/science.41.1048.151,https://doi.org/10.1126/science.41.1048.151,,Lovejoy upadana
Crossref,1963,Some Boiling and Triple Points Below 0° C,D. R. LOVEJOY,journal-article,Nature,197,4865,353-354,10.1038/197353a0,https://doi.org/10.1038/197353a0,,Lovejoy upadana
Crossref,1963,Reflections on Human Nature.,W. T. Stace; Arthur O. Lovejoy,journal-article,The Philosophical Review,72,1,111,10.2307/2183069,https://doi.org/10.2307/2183069,,Lovejoy upadana
Crossref,1925,MYCETOMA,EDWARD D. LOVEJOY,journal-article,Archives of Dermatology and Syphilology,11,1,71,10.1001/archderm.1925.02370010084004,https://doi.org/10.1001/archderm.1925.02370010084004,,Lovejoy upadana
Crossref,1914,Forty years' experience of a practical hog man; a practical book for the pure bred swine breeder and farmer,Andrew James Lovejoy,monograph,,,,,10.5962/bhl.title.42519,https://doi.org/10.5962/bhl.title.42519,,Lovejoy upadana
Crossref,1952,Report on Quality Factors in Processed Vege-Table Products,Rodney D Lovejoy,journal-article,Journal of AOAC INTERNATIONAL,35,2,179-181,10.1093/jaoac/35.2.179a,https://doi.org/10.1093/jaoac/35.2.179a,,Lovejoy upadana
Crossref,1931,<i>The Revolt against Dualism</i>. Arthur O. Lovejoy,H. T. Davis,journal-article,Isis,15,1,190-193,10.1086/346554,https://doi.org/10.1086/346554,,Lovejoy upadana
Crossref,1942,On The Criteria and Limits of Meaning,Arthur O. Lovejoy,book-chapter,Philosophical Essays,,,3-23,10.9783/9781512815245-002,https://doi.org/10.9783/9781512815245-002,,Lovejoy upadana
Crossref,1928,<i>Certain Samaritans</i>. Esther Pohl Lovejoy,,journal-article,Social Service Review,2,3,528-528,10.1086/630431,https://doi.org/10.1086/630431,,Lovejoy upadana
Crossref,1931,The Time-Retarding Journey: A Reply,Arthur O. Lovejoy,journal-article,The Philosophical Review,40,6,549,10.2307/2180043,https://doi.org/10.2307/2180043,,Lovejoy upadana
Crossref,1923,Amend the Constitution,Owes R. Lovejoy,journal-article,Journal of Education,97,9,237-237,10.1177/002205742309700906,https://doi.org/10.1177/002205742309700906,,Lovejoy upadana
Crossref,1932,Dualisms Good and Bad (I),Arthur O. Lovejoy,journal-article,The Journal of Philosophy,29,13,337,10.2307/2016777,https://doi.org/10.2307/2016777,,Lovejoy upadana
Crossref,1942,Evidence: Admissibility of Hospital Records as Business Entries,Robert C. Lovejoy,journal-article,Michigan Law Review,40,7,1105,10.2307/1282871,https://doi.org/10.2307/1282871,,Lovejoy upadana
Crossref,1914,Bergson and Romantic Evolutionism.,Nann Clark Barr; A. O. Lovejoy,journal-article,The Philosophical Review,23,5,576,10.2307/2178597,https://doi.org/10.2307/2178597,,Lovejoy upadana
Crossref,1942,Youth Work Programs: Problems and Policies.,Gordon W. Lovejoy; Lewis L. Lorwin,journal-article,Social Forces,20,3,416,10.2307/3005654,https://doi.org/10.2307/3005654,,Lovejoy upadana
Crossref,1932,Communications: Genesis of the Association,Arthur O. Lovejoy,journal-article,Bulletin of the American Association of University Professors,18,4,305,10.2307/40218899,https://doi.org/10.2307/40218899,,Lovejoy upadana
Crossref,1962,Pulmonary Function in Diaphragmatic Paralysis,M. McCredie; F. W. Lovejoy; N. L. Kaltreider,journal-article,Thorax,17,3,213-217,10.1136/thx.17.3.213,https://doi.org/10.1136/thx.17.3.213,,Lovejoy upadana
Crossref,1914,The Concept of Consciousness.,Arthur O. Lovejoy; Edwin B. Holt,journal-article,The Philosophical Review,23,6,664,10.2307/2178138,https://doi.org/10.2307/2178138,,Lovejoy upadana
Crossref,1949,Essays in the History of Ideas.,Arnold Isenberg; Arthur O. Lovejoy,journal-article,The Philosophical Review,58,4,372,10.2307/2182084,https://doi.org/10.2307/2182084,,Lovejoy upadana
Crossref,1924,Effect of Back Pressure on Wells in Brock Field,J.M. Lovejoy,journal-article,Transactions of the AIME,70,01,1153-1158,10.2118/924153-g,https://doi.org/10.2118/924153-g,,Lovejoy upadana
Crossref,1919,Annual Message of the President,Arthur O. Lovejoy,journal-article,Bulletin of the American Association of University Professors,5,7/8,10,10.2307/40216934,https://doi.org/10.2307/40216934,,Lovejoy upadana
Crossref,1909,Professor Lovejoy on “Der vorchristliche Jesus”,W. B. Smith,journal-article,Monist,19,3,409-420,10.5840/monist190919311,https://doi.org/10.5840/monist190919311,,Lovejoy upadana
Crossref,1920,"Schiller and the Genesis of Romanticism, Part II",Arthur O. Lovejoy,journal-article,Modern Language Notes,35,3,136,10.2307/2915501,https://doi.org/10.2307/2915501,,Lovejoy upadana
Crossref,1912,The Meaning of Driesch and the Meaning of Vitalism,Arthur O. Lovejoy,journal-article,Science,36,933,672-675,10.1126/science.36.933.672,https://doi.org/10.1126/science.36.933.672,,Lovejoy upadana
Crossref,1931,The Paradox of the Time-Retarding Journey (I.),Arthur O. Lovejoy,journal-article,The Philosophical Review,40,1,48,10.2307/2180278,https://doi.org/10.2307/2180278,,Lovejoy upadana
Crossref,1926,The Worst-First Theory,P. S. Lovejoy,journal-article,Journal of Forestry,24,4,351-357,10.1093/jof/24.4.351,https://doi.org/10.1093/jof/24.4.351,,Lovejoy upadana
Crossref,1910,Review of The Idea of the Soul.,Arthur O. Lovejoy,journal-article,Psychological Bulletin,7,10,354-358,10.1037/h0066407,https://doi.org/10.1037/h0066407,,Lovejoy upadana
Crossref,1939,Present Standpoints and Past History,Arthur O. Lovejoy,journal-article,The Journal of Philosophy,36,18,477,10.2307/2017901,https://doi.org/10.2307/2017901,,Lovejoy upadana
Crossref,1933,Dualism and the Paradox of Reference,Arthur O. Lovejoy,journal-article,The Journal of Philosophy,30,22,589,10.2307/2016901,https://doi.org/10.2307/2016901,,Lovejoy upadana
Crossref,1963,Reflections on Human Nature,R. L. Brett; Arthur O. Lovejoy,journal-article,The Modern Language Review,58,2,243,10.2307/3721266,https://doi.org/10.2307/3721266,,Lovejoy upadana
Crossref,1917,On Some Conditions of Progress in Philosophical Inquiry,Arthur O. Lovejoy,journal-article,The Philosophical Review,26,2,123,10.2307/2178425,https://doi.org/10.2307/2178425,,Lovejoy upadana
Crossref,1954,"Lovewell's Fight and Hawthorne's ""Roger Malvin's Burial""",David S. Lovejoy,journal-article,The New England Quarterly,27,4,527,10.2307/362120,https://doi.org/10.2307/362120,,Lovejoy upadana
Crossref,1947,Analogy and Contradiction: A Surrejoinder,Arthur O. Lovejoy,journal-article,Philosophy and Phenomenological Research,7,4,626,10.2307/2102988,https://doi.org/10.2307/2102988,,Lovejoy upadana
Crossref,1936,Primitivism and Related Ideas in Antiquity,George Depue Hadzsits; Arthur O. Lovejoy; George Boas,journal-article,The Classical Weekly,30,7,73,10.2307/4339823,https://doi.org/10.2307/4339823,,Lovejoy upadana
Crossref,1941,Equity: Specific Performance of Contract to Lend Money,Robert C. Lovejoy,journal-article,Michigan Law Review,40,2,303,10.2307/1282729,https://doi.org/10.2307/1282729,,Lovejoy upadana
Crossref,1968,Owen Lovejoy: Abolitionist in Congress,Larry Gara; Edward Magdol,journal-article,The American Historical Review,73,3,921,10.2307/1870843,https://doi.org/10.2307/1870843,,Lovejoy upadana
Crossref,1937,Freedom of Speech,A. J. Carlson; A. O. Lovejoy,journal-article,Bulletin of the American Association of University Professors,23,1,26,10.2307/40219811,https://doi.org/10.2307/40219811,,Lovejoy upadana
Crossref,1930,The Dialectical Argument against Absolute Simultaneity. II,Arthur O. Lovejoy,journal-article,The Journal of Philosophy,27,24,645,10.2307/2016326,https://doi.org/10.2307/2016326,,Lovejoy upadana
Crossref,1950,Essays in the History of Ideas.,A. O. Aldridge; Arthur O. Lovejoy,journal-article,Modern Language Notes,65,8,545,10.2307/2909304,https://doi.org/10.2307/2909304,,Lovejoy upadana
Crossref,1914,Reply to Professor Lovejoy,James H. Leuba,journal-article,The International Journal of Ethics,24,4,452-452,10.1086/intejethi.24.4.2376779,https://doi.org/10.1086/intejethi.24.4.2376779,,Lovejoy upadana
Crossref,1968,"Labor Productivity in Italian Agriculture, 1951–1973",Robert M. Lovejoy,journal-article,ILR Review,21,4,570-580,10.1177/001979396802100406,https://doi.org/10.1177/001979396802100406,,Lovejoy upadana
Crossref,1906,The Fundamental Concept of Primitive Philosophy,Arthur O. Lovejoy,journal-article,Monist,16,3,357-382,10.5840/monist190616324,https://doi.org/10.5840/monist190616324,,Lovejoy upadana
Crossref,1938,The Relativity Paradoxes: A Footnote to the Lovejoy-McGilvary Controversy,Nathaniel H. Stevens,journal-article,The Philosophical Review,47,6,624,10.2307/2180705,https://doi.org/10.2307/2180705,,Lovejoy upadana
Crossref,1962,Anomalous Quadrupole Coupling in Europium Ethylsulfate,B. R. Judd; C. A. Lovejoy; D. A. Shirley,journal-article,Physical Review,128,4,1733-1740,10.1103/physrev.128.1733,https://doi.org/10.1103/physrev.128.1733,,Lovejoy upadana
Crossref,1949,<i>Essays in the History of Ideas</i>. Arthur O. Lovejoy,Harry Levin,journal-article,Isis,40,1,85-87,10.1086/349023,https://doi.org/10.1086/349023,,Lovejoy upadana
Crossref,1911,William James as Philosopher,Arthur O. Lovejoy,journal-article,The International Journal of Ethics,21,2,125-153,10.1086/intejethi.21.2.2377028,https://doi.org/10.1086/intejethi.21.2.2377028,,Lovejoy upadana
Crossref,1967,"Samuel Hopkins: Religion, Slavery, and the Revolution",David S. Lovejoy,journal-article,The New England Quarterly,40,2,227,10.2307/363769,https://doi.org/10.2307/363769,,Lovejoy upadana
Crossref,1916,On the Meaning of 'Romantic' in Early German Romanticism,A. O. Lovejoy,journal-article,Modern Language Notes,31,7,385,10.2307/2915437,https://doi.org/10.2307/2915437,,Lovejoy upadana
Crossref,1969,Letter to the Editor,Frederick H. Lovejoy; J. Roger Hollister; Thomas K. McInerny,journal-article,Pediatrics,43,6,1050-1050,10.1542/peds.43.6.1050,https://doi.org/10.1542/peds.43.6.1050,,Lovejoy upadana
Crossref,1912,The Problem of Time in Recent French Philosophy. I.,Arthur O. Lovejoy,journal-article,The Philosophical Review,21,1,11,10.2307/2177595,https://doi.org/10.2307/2177595,,Lovejoy upadana
Crossref,1923,A Three Year Cycle for Social Work Conferences,O. R. Lovejoy,journal-article,Social Forces,1,2,129-130,10.2307/3004909,https://doi.org/10.2307/3004909,,Lovejoy upadana
Crossref,1923,"The Supposed Primitivism of Rousseau's ""Discourse on Inequality""",Arthur O. Lovejoy,journal-article,Modern Philology,21,2,165-186,10.1086/387491,https://doi.org/10.1086/387491,,Lovejoy upadana
Crossref,1963,<i>Reflections on Human Nature</i> by Arthur O. Lovejoy,James Doolittle,journal-article,South Atlantic Quarterly,62,1,148-149,10.1215/00382876-62-1-148,https://doi.org/10.1215/00382876-62-1-148,,Lovejoy upadana
Crossref,1904,The Philosophy of Hobbes.,Arthur O. Lovejoy; Frederick J. E. Woodbridge,journal-article,The Philosophical Review,13,3,385,10.2307/2176296,https://doi.org/10.2307/2176296,,Lovejoy upadana
Crossref,1962,Cyclical Sensitivity of Public Utilities: 1947-59,Wallace F. Lovejoy; David A. Bowers,journal-article,Land Economics,38,4,327,10.2307/3144491,https://doi.org/10.2307/3144491,,Lovejoy upadana
Crossref,1909,The Meaning of Φυσις in the Greek Physiologers,Arthur O. Lovejoy,journal-article,The Philosophical Review,18,4,369,10.2307/2177774,https://doi.org/10.2307/2177774,,Lovejoy upadana
Crossref,1908,Pragmatism and Theology,Arthur O. Lovejoy,journal-article,The American Journal of Theology,12,1,116-143,10.1086/478735,https://doi.org/10.1086/478735,,Lovejoy upadana
Crossref,1912,The Problem of Time in Recent French Philosophy,Arthur O. Lovejoy,journal-article,The Philosophical Review,21,5,527,10.2307/2177176,https://doi.org/10.2307/2177176,,Lovejoy upadana
Crossref,1963,"The Reason, the Understanding and Time",Paul Roubiczek; Arthur O. Lovejoy,journal-article,The Modern Language Review,58,2,292,10.2307/3721310,https://doi.org/10.2307/3721310,,Lovejoy upadana
Crossref,1912,The Problem of Time in Recent French Philosophy. II.,Arthur O. Lovejoy,journal-article,The Philosophical Review,21,3,322,10.2307/2177714,https://doi.org/10.2307/2177714,,Lovejoy upadana
Crossref,1948,My Friend Lovejoy,William Pepperell Montague,journal-article,Journal of the History of Ideas,9,4,424,10.2307/2707215,https://doi.org/10.2307/2707215,,Lovejoy upadana
Crossref,1930,The Dialectical Argument Against Absolute Simultaneity. I,Arthur O. Lovejoy,journal-article,The Journal of Philosophy,27,23,617,10.2307/2016868,https://doi.org/10.2307/2016868,,Lovejoy upadana
Crossref,1932,The First Gothic Revival and the Return to Nature,Arthur O. Lovejoy,journal-article,Modern Language Notes,47,7,419,10.2307/2913411,https://doi.org/10.2307/2913411,,Lovejoy upadana
Crossref,1967,Infrared Spectrum of Germylacetylene,R. W. Lovejoy; D. R. Baker,journal-article,The Journal of Chemical Physics,46,2,658-665,10.1063/1.1840722,https://doi.org/10.1063/1.1840722,,Lovejoy upadana
Crossref,1930,The Revolt against Dualism <i>By Arthur O. Lovejoy</i>,,journal-article,Parnassus,2,7,40-40,10.1080/15436314.1930.11666362,https://doi.org/10.1080/15436314.1930.11666362,,Lovejoy upadana
Crossref,1965,An attention theory of discrimination learning,Elijah Lovejoy,journal-article,Journal of Mathematical Psychology,2,2,342-362,10.1016/0022-2496(65)90009-x,https://doi.org/10.1016/0022-2496(65)90009-x,,Lovejoy upadana
Crossref,1938,The Great Chain of Being.,John Herman Randall; Arthur O. Lovejoy,journal-article,The Philosophical Review,47,2,214,10.2307/2180858,https://doi.org/10.2307/2180858,,Lovejoy upadana
Crossref,1955,"Rhode Island, a Brief History",David S. Lovejoy; Earl C. Tanner,journal-article,The New England Quarterly,28,2,275,10.2307/362790,https://doi.org/10.2307/362790,,Lovejoy upadana
Crossref,1929,Anti-Evolution Laws and the Principle of Religious Neutrality,Arthur O. Lovejoy,journal-article,Bulletin of the American Association of University Professors,15,4,307,10.2307/40218129,https://doi.org/10.2307/40218129,,Lovejoy upadana
Crossref,1910,Some New Saprophytic Fungi of the Middle Rocky Mountain Region,Ruth Harrison Lovejoy,journal-article,Botanical Gazette,50,5,383-385,10.1086/330381,https://doi.org/10.1086/330381,,Lovejoy upadana
Crossref,1921,Profit-Sharing and Industrial Peace,Arthur O. Lovejoy,journal-article,The International Journal of Ethics,31,3,241-263,10.1086/intejethi.31.3.2377579,https://doi.org/10.1086/intejethi.31.3.2377579,,Lovejoy upadana
Crossref,1927,Man and the State,Arthur O. Lovejoy; William Ernest Hocking,journal-article,The Yale Law Journal,36,5,723,10.2307/789801,https://doi.org/10.2307/789801,,Lovejoy upadana
Crossref,1923,State Land Policy in Michigan,P. S. Lovejoy,journal-article,Journal of Forestry,21,1,1-9,10.1093/jof/21.1.1,https://doi.org/10.1093/jof/21.1.1,,Lovejoy upadana
Crossref,1937,The Freedom of the Teacher,Arthur O. Lovejoy; Howard K. Beale,journal-article,Bulletin of the American Association of University Professors,23,5,401,10.2307/40219896,https://doi.org/10.2307/40219896,,Lovejoy upadana
Crossref,1924,Miscellany,C. A. Lovejoy,journal-article,The Boston Medical and Surgical Journal,190,26,1148-1148,10.1056/nejm192406261902621,https://doi.org/10.1056/nejm192406261902621,,Lovejoy upadana
Crossref,1967,Acute Phenothiazine Toxicity in Childhood: A Five-Year Survey,J. M. GUPTA; F. H. LOVEJOY,journal-article,Pediatrics,39,5,771-774,10.1542/peds.39.5.771,https://doi.org/10.1542/peds.39.5.771,,Lovejoy upadana
Crossref,1905,Abhandlungen der Fries'schen Schule.,Arthur O. Lovejoy; G. Hessenberg; K. Kaiser; Leonard Nelson,journal-article,The Philosophical Review,14,5,617,10.2307/2177498,https://doi.org/10.2307/2177498,,Lovejoy upadana
Crossref,1963,Arthur O. Lovejoy and the History of Ideas,John Herman Randall,journal-article,Philosophy and Phenomenological Research,23,4,475,10.2307/2104513,https://doi.org/10.2307/2104513,,Lovejoy upadana
Crossref,1919,Review of Lumber Industry Affairs,P. S. Lovejoy,journal-article,Journal of Forestry,17,3,245-259,10.1093/jof/17.3.245,https://doi.org/10.1093/jof/17.3.245,,Lovejoy upadana
Crossref,1906,Abhandlungen der Fries'schen Schule.,Arthur O. Lovejoy; Gerhard Hessenberg; Karl Kaiser; Leonard Nelson,journal-article,The Philosophical Review,15,2,216,10.2307/2177744,https://doi.org/10.2307/2177744,,Lovejoy upadana
Crossref,1967,Owen Lovejoy: Abolitionist in Congress,Louis Filler; Edward Magdol,journal-article,The Journal of American History,54,3,665,10.2307/2937459,https://doi.org/10.2307/2937459,,Lovejoy upadana
Crossref,1968,"Legend Unending, Beginnings Unknown: P. S. Lovejoy on “Paul Bunyon”",,journal-article,Forest History Newsletter,11,4,37-38,10.2307/3982904,https://doi.org/10.2307/3982904,,Lovejoy upadana
Crossref,1902,Religion and the Time-Process,Arthur O. Lovejoy,journal-article,The American Journal of Theology,6,3,439-472,10.1086/478108,https://doi.org/10.1086/478108,,Lovejoy upadana
Crossref,1912,The Philosophy of John Norris of Bemerton.,A. O. Lovejoy; Flora Isabel MacKinnon,journal-article,The Philosophical Review,21,2,256,10.2307/2177365,https://doi.org/10.2307/2177365,,Lovejoy upadana
Crossref,1918,A STUDY OF SOUTHERN CALIFORNIA PLACE NAMES,ORA A. LOVEJOY,journal-article,Annual Publication of the Historical Society of Southern California,11,1,44-50,10.2307/41168758,https://doi.org/10.2307/41168758,,Lovejoy upadana
Crossref,1946,A Note on Peirce's Evolutionism,Arthur O. Lovejoy,journal-article,Journal of the History of Ideas,7,3,351,10.2307/2707405,https://doi.org/10.2307/2707405,,Lovejoy upadana
Crossref,1911,"Three Philosophical Poets--Lucretius, Dante, and Goethe.",A. O. Lovejoy; George Santayana,journal-article,Modern Language Notes,26,8,244,10.2307/2916804,https://doi.org/10.2307/2916804,,Lovejoy upadana
Crossref,1933,Certain Samaritans,Nina D. Gage; Esther Pohl Lovejoy,journal-article,The American Journal of Nursing,33,10,1016,10.2307/3412870,https://doi.org/10.2307/3412870,,Lovejoy upadana
Crossref,1925,Prolegomena to an Idealist Theory of Knowledge.,Arthur O. Lovejoy; Norman Kemp Smith,journal-article,The Philosophical Review,34,2,185,10.2307/2179466,https://doi.org/10.2307/2179466,,Lovejoy upadana
Crossref,1959,Rhode Island Politics and the American Revolution: 1760-1776,Milton Cantor; David S. Lovejoy,journal-article,American Quarterly,11,3,431,10.2307/2710397,https://doi.org/10.2307/2710397,,Lovejoy upadana
Crossref,1964,"""Cyclical Sensitivity of Public Utilities: 1947-59"": Rejoinder",Wallace F. Lovejoy; David A. Bowers,journal-article,Land Economics,40,3,338,10.2307/3144744,https://doi.org/10.2307/3144744,,Lovejoy upadana
Crossref,1931,La Pensee de Jean-Jacques Rousseau; Essai d'interpretation nouvelle.,Arthur O. Lovejoy; Albert Schinz,journal-article,Modern Language Notes,46,1,41,10.2307/2913517,https://doi.org/10.2307/2913517,,Lovejoy upadana
Crossref,1949,Counseling Youth for College,CLARENCE E. LOVEJOY,journal-article,Occupations: The Vocational Guidance Journal,27,6,381-386,10.1002/j.2164-5892.1949.tb01531.x,https://doi.org/10.1002/j.2164-5892.1949.tb01531.x,,Lovejoy upadana
Crossref,1948,Autonomy and Necessity: A Rejoinder to Professor Lovejoy,A. C. Pegis,journal-article,Philosophy and Phenomenological Research,9,1,89,10.2307/2103853,https://doi.org/10.2307/2103853,,Lovejoy upadana
Crossref,1955,SURFACE TENSION OF He<sup>3</sup>,D. R. LoveJoy,journal-article,Canadian Journal of Physics,33,2,49-53,10.1139/p55-008,https://doi.org/10.1139/p55-008,,Lovejoy upadana
Crossref,1952,On a Supposed Resurgence of Vicious Intellectualism,Arthur O. Lovejoy,journal-article,The Journal of Philosophy,49,4,85,10.2307/2021577,https://doi.org/10.2307/2021577,,Lovejoy upadana
Crossref,1937,<i>The Great Chain of Being</i>. Arthur O. Lovejoy,H. T. Davis,journal-article,Isis,27,1,111-114,10.1086/347235,https://doi.org/10.1086/347235,,Lovejoy upadana
Crossref,1970,The Taxonomic Status of the 'Meganthropus' Mandibular Fragments from the Djetis Beds of Java,C. Owen Lovejoy,journal-article,Man,5,2,228,10.2307/2799649,https://doi.org/10.2307/2799649,,Lovejoy upadana
Crossref,1939,Communications: Professional Association or Trade Union?,George A. Coe; Auther O. Lovejoy,journal-article,Bulletin of the American Association of University Professors,25,3,344,10.2307/40219344,https://doi.org/10.2307/40219344,,Lovejoy upadana
Crossref,1917,On the Meaning of 'Romantic' in Early German Romanticism Part II,A. O. Lovejoy,journal-article,Modern Language Notes,32,2,65,10.2307/2915747,https://doi.org/10.2307/2915747,,Lovejoy upadana
Crossref,1944,Reply to Professor Spitzer,Arthur O. Lovejoy,journal-article,Journal of the History of Ideas,5,2,204,10.2307/2707385,https://doi.org/10.2307/2707385,,Lovejoy upadana
Crossref,1915,Conditions at the University of Utah,John Dewey; A. O. Lovejoy; Edwin R. A. Seligman,journal-article,Science,41,1062,685-685,10.1126/science.41.1062.685-a,https://doi.org/10.1126/science.41.1062.685-a,,Lovejoy upadana
Crossref,1922,"Time, Meaning and Transcendence--II.: Professor Dewey's Tertium Quid",Arthur O. Lovejoy,journal-article,The Journal of Philosophy,19,20,533,10.2307/2939326,https://doi.org/10.2307/2939326,,Lovejoy upadana
Crossref,1952,In Defense of Individualistic Empiricism: Rejoinder to Mr. Lowe,Arthur O. Lovejoy,journal-article,The Journal of Philosophy,49,4,111,10.2307/2021580,https://doi.org/10.2307/2021580,,Lovejoy upadana
Crossref,1917,On the Meaning of 'Romantic' in Early German Romanticism Part II,A. O. Lovejoy,journal-article,Modern Language Notes,32,2,65,10.2307/2915747,https://doi.org/10.2307/2915747,,Lovejoy upadana
Crossref,1968,A Technique for Mist-Netting in the Forest Canopy,Philip S. Humphrey; David Bridge; Thomas E. Lovejoy,journal-article,Bird-Banding,39,1,43,10.2307/4511439,https://doi.org/10.2307/4511439,,Lovejoy upadana
Crossref,1950,Essays in the History of Ideas,H. T. C.; Arthur O. Lovejoy,journal-article,The Journal of Philosophy,47,1,22,10.2307/2019435,https://doi.org/10.2307/2019435,,Lovejoy upadana
Crossref,1915,CONDITIONS AT THE UNIVERSITY OF UTAH,J. Dewey; A. O. Lovejoy; E. R. A. Seligman,journal-article,Science,41,1062,685-685,10.1126/science.41.1062.685,https://doi.org/10.1126/science.41.1062.685,,Lovejoy upadana
Crossref,1911,Book Review:A Beginner's History of Philosophy: Vol. II. Modern Philosophy. Herbert Ernest Cushman,Arthur O. Lovejoy,journal-article,Ethics,22,1,111,10.1086/206636,https://doi.org/10.1086/206636,,Lovejoy upadana
Crossref,1942,The Communism of Saint Ambrose,Arthur O. Lovejoy,journal-article,Journal of the History of Ideas,3,4,458,10.2307/2707318,https://doi.org/10.2307/2707318,,Lovejoy upadana
Crossref,1906,Leibniz's Hauptschriften zur Grundlegung der Philosophie.,Arthur O. Lovejoy; A. Buchenau; Ernst Cassirer,journal-article,The Philosophical Review,15,4,437,10.2307/2177901,https://doi.org/10.2307/2177901,,Lovejoy upadana
Crossref,1936,Primitivism and Related Ideas in Antiquity.,Robert K. Merton; Arthur O. Lovejoy; George Boas,journal-article,American Sociological Review,1,1,156,10.2307/2083882,https://doi.org/10.2307/2083882,,Lovejoy upadana
Crossref,1961,Which College for You?,Clarence E. Lovejoy,journal-article,The Journal of Higher Education,32,4,236-237,10.1080/00221546.1961.11777697,https://doi.org/10.1080/00221546.1961.11777697,,Lovejoy upadana
Crossref,1908,The Theory of a Pre-Christian Cult of Jesus,Arthur O. Lovejoy,journal-article,Monist,18,4,597-609,10.5840/monist190818440,https://doi.org/10.5840/monist190818440,,Lovejoy upadana
Crossref,1968,Cenozoic Crustal Movements in the Sierra Nevada: Discussion,EARL M. P. LOVEJOY,journal-article,Geological Society of America Bulletin,79,1,153,10.1130/0016-7606(1968)79[153:ccmits]2.0.co;2,https://doi.org/10.1130/0016-7606(1968)79[153:ccmits]2.0.co;2,,Lovejoy upadana
Crossref,1949,Essays in the History of Ideas,Sidney Ratner; Arthur O. Lovejoy,journal-article,The American Historical Review,54,4,850,10.2307/1844306,https://doi.org/10.2307/1844306,,Lovejoy upadana
Crossref,1911,L'espace et le Temps Chez Leibniz et Chez Kant.,A. O. Lovejoy; Emile Van Biema,journal-article,The Philosophical Review,20,3,313,10.2307/2177854,https://doi.org/10.2307/2177854,,Lovejoy upadana
Crossref,1915,Conditions at the University of Utah,John Dewey; A. O. Lovejoy; Edwin R. A. Seligman,journal-article,Science,41,1062,685-685,10.1126/science.41.1062.685.a,https://doi.org/10.1126/science.41.1062.685.a,,Lovejoy upadana
Crossref,1958,Hearing Conservation in New York State,H. T. Lovejoy,journal-article,American Industrial Hygiene Association Journal,19,5,392-394,10.1080/00028895809343615,https://doi.org/10.1080/00028895809343615,,Lovejoy upadana
Crossref,1924,Facts First then Common Sense,P. S. Lovejoy,journal-article,Journal of Forestry,22,7,780-789,10.1093/jof/22.7.780,https://doi.org/10.1093/jof/22.7.780,,Lovejoy upadana
Crossref,1948,A. O. Lovejoy as Teacher,Marjorie Nicolson,journal-article,Journal of the History of Ideas,9,4,428,10.2307/2707216,https://doi.org/10.2307/2707216,,Lovejoy upadana
Crossref,1969,Attention in Discrimination Learning,Douglas H. Lawrence; Elijah Lovejoy,journal-article,The American Journal of Psychology,82,4,549,10.2307/1420450,https://doi.org/10.2307/1420450,,Lovejoy upadana
Crossref,1937,Primitivism and Related Ideas in Antiquity.,George R. Havens; Arthur O. Lovejoy; George Boas,journal-article,Modern Language Notes,52,6,421,10.2307/2911724,https://doi.org/10.2307/2911724,,Lovejoy upadana
Crossref,1951,Report on Quality Factors in Processed Vegetables,B M Gutterman; R D Lovejoy; L M Beacham,journal-article,Journal of AOAC INTERNATIONAL,34,2,231-232,10.1093/jaoac/34.2.231,https://doi.org/10.1093/jaoac/34.2.231,,Lovejoy upadana
Crossref,1957,Clinical and Hemodynamic Studies of Myocardial Fibrosis,ROBERT E. NYE; FRANK W. LOVEJOY; PAUL N. YU,journal-article,Circulation,16,3,332-338,10.1161/01.cir.16.3.332,https://doi.org/10.1161/01.cir.16.3.332,,Lovejoy upadana
Crossref,1936,"<i>A Documentary History of Primitwism and Related Ideas</i>. General Editors, <scp>Arthur O. Lovejoy, Gilbert Chinard, George Boas, Ronald S. Crane</scp>. Volume I, <i>Primitwism and Related Ideas in Antiquity</i>. By <scp>Arthur O. Lovejoy, George Boas</scp>, <scp>Ronald S. Crane</scp>. Volume I, <i>Primitwism and Related Ideas in Antiquity</i>. By <scp>Arthur O. Lovejoy, George Boas</scp>. With Supplementary Essays by <scp>W. F. Albright</scp> and <scp>P. E. Dumont</scp>. (Baltimore: Johns Hopkins Press. 1935. Pp. xv, 482. $5.00.)",R. K. Hack,journal-article,The American Historical Review,41,4,728-730,10.1086/ahr/41.4.728,https://doi.org/10.1086/ahr/41.4.728,,Lovejoy upadana
Crossref,1909,<i>On the Interpretation of Empedocles</i>. Clara Elizabeth Millerd,Arthur O. Lovejoy,journal-article,Classical Philology,4,3,332-334,10.1086/359313,https://doi.org/10.1086/359313,,Lovejoy upadana
Crossref,1933,Concepts and Contours in Land Utilization,P. S. Lovejoy,journal-article,Journal of Forestry,31,4,381-391,10.1093/jof/31.4.381,https://doi.org/10.1093/jof/31.4.381,,Lovejoy upadana
Crossref,1916,The Cost of Forest Improvement Systems,P. S. Lovejoy,journal-article,Journal of Forestry,14,2,238-254,10.1093/jof/14.2.238,https://doi.org/10.1093/jof/14.2.238,,Lovejoy upadana
Crossref,1940,Reflections on the History of Ideas,Arthur O. Lovejoy,journal-article,Journal of the History of Ideas,1,1,3,10.2307/2707007,https://doi.org/10.2307/2707007,,Lovejoy upadana
Crossref,1916,"Meeting for Organization of the Association: New York, January, 1915",A. O. Lovejoy,journal-article,Bulletin of the American Association of University Professors,2,1,14,10.2307/40216737,https://doi.org/10.2307/40216737,,Lovejoy upadana
Crossref,1906,Les Notions d'Essence et d'Existence dans la Philosophie de Spinoza.,Arthur O. Lovejoy; Albert Rivaud,journal-article,The Philosophical Review,15,4,436,10.2307/2177900,https://doi.org/10.2307/2177900,,Lovejoy upadana
Crossref,1922,The Length of Human Infancy in Eighteenth-Century Thought,Arthur O. Lovejoy,journal-article,The Journal of Philosophy,19,14,381,10.2307/2939649,https://doi.org/10.2307/2939649,,Lovejoy upadana
Crossref,1968,"Labor Productivity in Italian Agriculture, 1951-1973",Robert M. Lovejoy,journal-article,Industrial and Labor Relations Review,21,4,570,10.2307/2520758,https://doi.org/10.2307/2520758,,Lovejoy upadana
Crossref,1913,The Practical Tendencies of Bergsonism. I,Arthur O. Lovejoy,journal-article,The International Journal of Ethics,23,3,253-275,10.1086/intejethi.23.3.2376671,https://doi.org/10.1086/intejethi.23.3.2376671,,Lovejoy upadana
Crossref,1911,Dogmatism and Evolution: Studies in Modern Philosophy.,Arthur O. Lovejoy; Theodore DeLaguna; Grace Andrus DeLaguna,journal-article,The Philosophical Review,20,5,535,10.2307/2177619,https://doi.org/10.2307/2177619,,Lovejoy upadana
Crossref,1913,I.—SOME ANTECEDENTS OF THE PHILOSOPHY OF BERGSON,ARTHUR O. LOVEJOY,journal-article,Mind,XXII,10,465-483,10.1093/mind/xxii.10.465,https://doi.org/10.1093/mind/xxii.10.465,,Lovejoy upadana
Crossref,1970,Religious Enthusiasm and the Great Awakening,Edwin S. Gaustad; David S. Lovejoy,journal-article,The New England Quarterly,43,2,328,10.2307/363261,https://doi.org/10.2307/363261,,Lovejoy upadana
Crossref,1955,Henry Marchant and the Mistress of the World,David S. Lovejoy,journal-article,The William and Mary Quarterly,12,3,375,10.2307/1917100,https://doi.org/10.2307/1917100,,Lovejoy upadana
Crossref,1916,Essai sur l'evolution des doctrines de M. Georges Sorel.,A. O. Lovejoy; Frederic D. Cheydleur,journal-article,Modern Language Notes,31,6,360,10.2307/2915726,https://doi.org/10.2307/2915726,,Lovejoy upadana
Crossref,1922,"Time, Meaning and Transcendence--I. The Alleged Futurity of Yesterday",Arthur O. Lovejoy,journal-article,The Journal of Philosophy,19,19,505,10.2307/2939536,https://doi.org/10.2307/2939536,,Lovejoy upadana
Crossref,1914,"Book Review:A Psychological Study of Religion: Its Origin, Function and Future. James H. Leuba",Arthur O. Lovejoy,journal-article,Ethics,24,2,216,10.1086/206807,https://doi.org/10.1086/206807,,Lovejoy upadana
Crossref,1960,Integration and Competition in the Petroleum Industry,Wallace F. Lovejoy; Melvin G. de Chazeau; Alfred E. Kahn,journal-article,Land Economics,36,3,304,10.2307/3144506,https://doi.org/10.2307/3144506,,Lovejoy upadana
Crossref,1907,<i>Qualitative Change in Pre-Socratic Philosophy</i>. W. A. Heidel,Arthur D. Lovejoy,journal-article,Classical Philology,2,4,490-490,10.1086/359103,https://doi.org/10.1086/359103,,Lovejoy upadana
Crossref,1933,Academic Freedom and Tenure: Rollins College Report,Arthur O. Lovejoy; Austin S. Edwards,journal-article,Bulletin of the American Association of University Professors,19,7,416,10.2307/40218822,https://doi.org/10.2307/40218822,,Lovejoy upadana
Crossref,1962,"Book Review:Essays on Petroleum Conservation Regulation. Wallace F. Lovejoy, James I. Pikl",Jesse Markham,journal-article,The Journal of Business,35,3,318,10.1086/294516,https://doi.org/10.1086/294516,,Lovejoy upadana
Crossref,1962,Elijah P. Lovejoy: Abolitionist Editor,Robert L. Bloom; Merton L. Dillon,journal-article,The Mississippi Valley Historical Review,49,1,136,10.2307/1889494,https://doi.org/10.2307/1889494,,Lovejoy upadana
Crossref,1898,The Buddhistic technical terms upādāna and upādisesa,Arthur Oncken Lovejoy,journal-article,Journal of the American Oriental Society,19,,126,10.2307/592475,https://doi.org/10.2307/592475,,Lovejoy upadana
Crossref,1949,Historiography and Evaluation: A Disclaimer,Arthur O. Lovejoy,journal-article,Journal of the History of Ideas,10,1,141,10.2307/2707206,https://doi.org/10.2307/2707206,,Lovejoy upadana
Crossref,1946,Goldsmith and the Chain of Being,Arthur O. Lovejoy,journal-article,Journal of the History of Ideas,7,1,91,10.2307/2707270,https://doi.org/10.2307/2707270,,Lovejoy upadana
Crossref,1961,"The Reason, the Understanding, and Time.",Daniel S. Robinson; Arthur O. Lovejoy,journal-article,Philosophy and Phenomenological Research,22,2,273,10.2307/2104855,https://doi.org/10.2307/2104855,,Lovejoy upadana
Crossref,1965,Disequilibrium and Increasing Costs: A Study of Local Telephone Service,David A. Bowers; Wallace F. Lovejoy,journal-article,Land Economics,41,1,31,10.2307/3144887,https://doi.org/10.2307/3144887,,Lovejoy upadana
Crossref,1963,In Memory of A. O. Lovejoy,Ludwig Edelstein,journal-article,Journal of the History of Ideas,24,4,451,10.2307/2707977,https://doi.org/10.2307/2707977,,Lovejoy upadana
Crossref,1913,The Practical Tendencies of Bergsonism. II,Arthur O. Lovejoy,journal-article,The International Journal of Ethics,23,4,419-443,10.1086/intejethi.23.4.2376914,https://doi.org/10.1086/intejethi.23.4.2376914,,Lovejoy upadana
Crossref,1962,Detection Limits in Radiation and Optical Pyrometry,D. R. Lovejoy,journal-article,Journal of the Optical Society of America,52,12,1387,10.1364/josa.52.001387,https://doi.org/10.1364/josa.52.001387,,Lovejoy upadana
Crossref,1962,On Klemens and Lowenthal's Paper on Deviations from Matthiessen's Rule,RJ Berry; DR Lovejoy,journal-article,Australian Journal of Physics,15,3,441-443,10.1071/ph620441,https://doi.org/10.1071/ph620441,,Lovejoy upadana
Crossref,1920,Pragmatism as Interactionism,Arthur O. Lovejoy,journal-article,"The Journal of Philosophy, Psychology and Scientific Methods",17,23,622,10.2307/2939891,https://doi.org/10.2307/2939891,,Lovejoy upadana
Crossref,1955,Stories on Stone: A Book of American Epitaphs,David S. Lovejoy; Charles L. Wallis,journal-article,The New England Quarterly,28,2,280,10.2307/362794,https://doi.org/10.2307/362794,,Lovejoy upadana
Crossref,1936,Primitivism and Related Ideas in Antiquity.,H. T. C.; Arthur O. Lovejoy; George Boas,journal-article,The Journal of Philosophy,33,7,192,10.2307/2016444,https://doi.org/10.2307/2016444,,Lovejoy upadana
Crossref,1909,Pragmatism and Realism,Arthur O. Lovejoy,journal-article,"The Journal of Philosophy, Psychology and Scientific Methods",6,21,575,10.2307/2010796,https://doi.org/10.2307/2010796,,Lovejoy upadana
Crossref,1911,Book Review:A Beginner's History of Philosophy: Vol I. Ancient and Mediaeval Philosophy. Herbert Ernest Cushman,A. O. Lovejoy,journal-article,Ethics,21,3,352,10.1086/206604,https://doi.org/10.1086/206604,,Lovejoy upadana
Crossref,1948,Arthur O. Lovejoy and the Theory of Historiography,Maurice Mandelbaum,journal-article,Journal of the History of Ideas,9,4,412,10.2307/2707214,https://doi.org/10.2307/2707214,,Lovejoy upadana
Crossref,1951,Essays in the History of Ideas by Arthur O. Lovejoy,A. J. McNicholl,journal-article,The Thomist: A Speculative Quarterly Review,14,3,407-412,10.1353/tho.1951.0016,https://doi.org/10.1353/tho.1951.0016,,Lovejoy upadana
Crossref,1947,The Duality of the Thomistic Theology: A Reply to Mr. Veatch,Arthur O. Lovejoy,journal-article,Philosophy and Phenomenological Research,7,3,413,10.2307/2102796,https://doi.org/10.2307/2102796,,Lovejoy upadana
Crossref,1949,Local inhibition of histamine flare in man,Harold B. Lovejoy; Samuel M. Feinberg; Ellis A. Canterbury,journal-article,Journal of Allergy,20,5,350-357,10.1016/0021-8707(49)90023-4,https://doi.org/10.1016/0021-8707(49)90023-4,,Lovejoy upadana
Crossref,1963,The Philosophical Method of Arthur O. Lovejoy: Critical Realism and Psychoanalytical Realism,Lewis S. Feuer,journal-article,Philosophy and Phenomenological Research,23,4,493,10.2307/2104515,https://doi.org/10.2307/2104515,,Lovejoy upadana
Crossref,1908,The Thirteen Pragmatisms. II,Arthur O. Lovejoy,journal-article,"The Journal of Philosophy, Psychology and Scientific Methods",5,2,29,10.2307/2011563,https://doi.org/10.2307/2011563,,Lovejoy upadana
Crossref,1918,A DISCUSSION OF TERRA COTTA DRYERS.,Ellis Lovejoy,journal-article,Journal of the American Ceramic Society,1,10,667-674,10.1111/j.1151-2916.1918.tb17800.x,https://doi.org/10.1111/j.1151-2916.1918.tb17800.x,,Lovejoy upadana
Crossref,1954,Minute Drafted for the American Philosophical Association,Ralph Barton Perry; James Gutmann; Arthur O. Lovejoy,journal-article,Journal of Philosophy,51,21,628-630,10.5840/jphil195451216,https://doi.org/10.5840/jphil195451216,,Lovejoy upadana
Crossref,1948,A. O. Lovejoy as Historian of Philosophy,George Boas,journal-article,Journal of the History of Ideas,9,4,404,10.2307/2707213,https://doi.org/10.2307/2707213,,Lovejoy upadana
Crossref,1920,Pragmatism as Interactionism,Arthur O. Lovejoy,journal-article,"The Journal of Philosophy, Psychology and Scientific Methods",17,22,589,10.2307/2940385,https://doi.org/10.2307/2940385,,Lovejoy upadana
Crossref,1960,Absorbing Filters and High-Temperature Optical Pyrometry,D. R. Lovejoy,journal-article,Journal of the Optical Society of America,50,7,698,10.1364/josa.50.000698,https://doi.org/10.1364/josa.50.000698,,Lovejoy upadana
Crossref,1952,In Defense of Individualistic Empiricism: A Reply to Messrs. Lovejoy and Hook,Victor Lowe,journal-article,The Journal of Philosophy,49,4,100,10.2307/2021579,https://doi.org/10.2307/2021579,,Lovejoy upadana
Crossref,1909,Immanuel Kant.,A. O. Lovejoy; Oswald Kulpe,journal-article,"The Journal of Philosophy, Psychology and Scientific Methods",6,26,719,10.2307/2011025,https://doi.org/10.2307/2011025,,Lovejoy upadana
Crossref,1959,Rhode Island Politics and the American Revolution 1760-1776,Clyde E. Jacobs; David A. Lovejoy,journal-article,The Western Political Quarterly,12,4,1124,10.2307/443825,https://doi.org/10.2307/443825,,Lovejoy upadana
Crossref,1913,Realism versus Epistemological Monism,Arthur O. Lovejoy,journal-article,"The Journal of Philosophy, Psychology and Scientific Methods",10,21,561,10.2307/2012435,https://doi.org/10.2307/2012435,,Lovejoy upadana
Crossref,1913,Secondary Qualities and Subjectivity,Arthur O. Lovejoy,journal-article,"The Journal of Philosophy, Psychology and Scientific Methods",10,8,214,10.2307/2013268,https://doi.org/10.2307/2013268,,Lovejoy upadana
Crossref,1968,Vibrational spectrum of sulfuryl bromide fluoride,P.R. Reed; R.W. Lovejoy,journal-article,Spectrochimica Acta Part A: Molecular Spectroscopy,24,11,1795-1801,10.1016/0584-8539(68)80235-1,https://doi.org/10.1016/0584-8539(68)80235-1,,Lovejoy upadana
Crossref,1948,Necessity and Self-Sufficiency in the Thomistic Theology: A Reply to President Pegis,Arthur O. Lovejoy,journal-article,Philosophy and Phenomenological Research,9,1,71,10.2307/2103852,https://doi.org/10.2307/2103852,,Lovejoy upadana
Crossref,1911,Existence and Formal Logic,A. O. Lovejoy,journal-article,"The Journal of Philosophy, Psychology and Scientific Methods",8,24,660,10.2307/2012690,https://doi.org/10.2307/2012690,,Lovejoy upadana
Crossref,1931,<i>The Revolt Against Dualism</i>. Arthur O. Lovejoy,Arthur E. Murphy,journal-article,The International Journal of Ethics,41,2,265-267,10.1086/intejethi.41.2.2377919,https://doi.org/10.1086/intejethi.41.2.2377919,,Lovejoy upadana
Crossref,1915,Three Studies in Current Philosophical Questions.,B. H. Bode; E. H. Griffin; K. Dunlap; A. O. Lovejoy,journal-article,The Philosophical Review,24,1,102,10.2307/2178533,https://doi.org/10.2307/2178533,,Lovejoy upadana
Crossref,1914,A Suggestion for Securing Better Professional Terminology,P. S. Lovejoy,journal-article,Journal of Forestry,12,1,1-4,10.1093/jof/12.1.1a,https://doi.org/10.1093/jof/12.1.1a,,Lovejoy upadana
Crossref,1907,The Origins of Ethical Inwardness in Jewish Thought,Arthur O. Lovejoy,journal-article,The American Journal of Theology,11,2,228-249,10.1086/478680,https://doi.org/10.1086/478680,,Lovejoy upadana
Crossref,1909,The Roots of Reality: Being Suggestions for a Philosophical Reconstruction.,Arthur O. Lovejoy; Ernest Belfort Bax,journal-article,The Philosophical Review,18,1,75,10.2307/2177164,https://doi.org/10.2307/2177164,,Lovejoy upadana
Crossref,1959,"Rhode Island Politics and the American Revolution, 1760-1776",Aubrey C. Land; David S. Lovejoy,journal-article,The New England Quarterly,32,4,536,10.2307/362508,https://doi.org/10.2307/362508,,Lovejoy upadana
Crossref,1912,"""Present Philosophical Tendencies""",Arthur O. Lovejoy,journal-article,"The Journal of Philosophy, Psychology and Scientific Methods",9,23,627,10.2307/2013406,https://doi.org/10.2307/2013406,,Lovejoy upadana
Crossref,1908,The Thirteen Pragmatisms. I.,Arthur O. Lovejoy,journal-article,"The Journal of Philosophy, Psychology and Scientific Methods",5,1,5,10.2307/2012277,https://doi.org/10.2307/2012277,,Lovejoy upadana
Crossref,1886,Four Cases of Placenta Prævia,OLIVER S. LOVEJOY,journal-article,The Boston Medical and Surgical Journal,114,4,84-85,10.1056/nejm188601281140405,https://doi.org/10.1056/nejm188601281140405,,Lovejoy upadana
Crossref,1919,Report of the Committee on Pensions and Insurance,Arthur O. Lovejoy; Harlan F. Stone,journal-article,Bulletin of the American Association of University Professors,5,1/2,19,10.2307/40216900,https://doi.org/10.2307/40216900,,Lovejoy upadana
Crossref,1937,Book Review:The Great Chain of Being: A Study of the History of an Idea. Arthur O. Lovejoy,Scott Buchanan,journal-article,Ethics,47,4,486,10.1086/208409,https://doi.org/10.1086/208409,,Lovejoy upadana
Crossref,1956,NEW METHOD FOR TRANSFERRING DETAIL FROM AIR PHOTOGRAPHS TO A BASE MAP,DONALD W. LOVEJOY,journal-article,Geological Society of America Bulletin,67,8,1117,10.1130/0016-7606(1956)67[1117:nmftdf]2.0.co;2,https://doi.org/10.1130/0016-7606(1956)67[1117:nmftdf]2.0.co;2,,Lovejoy upadana
Crossref,1964,"Equality and Empire The New York Charter of Libertyes, 1683",David S. Lovejoy,journal-article,The William and Mary Quarterly,21,4,493,10.2307/1923303,https://doi.org/10.2307/1923303,,Lovejoy upadana
Crossref,1937,The Great Chain of Being. A Study of the History of an Idea.,Raphael Demos; Arthur O. Lovejoy,journal-article,Modern Language Notes,52,7,518,10.2307/2911669,https://doi.org/10.2307/2911669,,Lovejoy upadana
Crossref,1959,"Rhode Island Politics and the American Revolution, 1760-1776",Theodore Thayer; David S. Lovejoy,journal-article,The William and Mary Quarterly,16,3,421,10.2307/1916955,https://doi.org/10.2307/1916955,,Lovejoy upadana
Crossref,1904,What I Have Seen of Black Bass,Samuel Lovejoy,journal-article,Transactions of the American Fisheries Society,33,1,170-172,10.1577/1548-8659(1904)34[170:wihsob]2.0.co;2,https://doi.org/10.1577/1548-8659(1904)34[170:wihsob]2.0.co;2,,Lovejoy upadana
Crossref,1927,Optimism and Romanticism,Arthur O. Lovejoy,journal-article,PMLA/Publications of the Modern Language Association of America,42,4,921-945,10.2307/457545,https://doi.org/10.2307/457545,,Lovejoy upadana
Crossref,1951,<i>Essays in the History of Ideas</i>. Arthur O. Lovejoy,James Luther Adams,journal-article,The Journal of Religion,31,1,56-58,10.1086/484075,https://doi.org/10.1086/484075,,Lovejoy upadana
Crossref,1918,Report of Committee on Academic Freedom in Wartime,A. O. Lovejoy; Edward Capps; A. A. Young,journal-article,Bulletin of the American Association of University Professors,4,2/3,29,10.2307/40216871,https://doi.org/10.2307/40216871,,Lovejoy upadana
Crossref,1965,"Lovejoy: Martyr to Freedom. By Paul Simon. St. Louis: Concordia, 1964. 150 pp. $3.00.",Edwin S. Gaustad,journal-article,Church History,34,3,359-359,10.2307/3162821,https://doi.org/10.2307/3162821,,Lovejoy upadana
Crossref,1959,"OVERTHRUST ORDOVICIAN AND THE NANNIE'S PEAK INTRUSIVE, LONE MOUNTAIN, ELKO COUNTY, NEVADA",DONALD W. LOVEJOY,journal-article,Geological Society of America Bulletin,70,5,539,10.1130/0016-7606(1959)70[539:ooatnp]2.0.co;2,https://doi.org/10.1130/0016-7606(1959)70[539:ooatnp]2.0.co;2,,Lovejoy upadana
Crossref,1961,"THE SMALL GROUP. By Michael S. Olmsted. New York: Random House, 1959. 159p. $1.35",A. E. Lovejoy,journal-article,Social Forces,39,4,361-362,10.2307/2573443,https://doi.org/10.2307/2573443,,Lovejoy upadana
Crossref,1936,"Discussion: “Drying Problems of the Ceramic Industry” (Carruthers, John L., 1935, Trans. ASME, 57, pp. 439–442)",Ellis Lovejoy,journal-article,Journal of Fluids Engineering,58,3,241-242,10.1115/1.4020196,https://doi.org/10.1115/1.4020196,,Lovejoy upadana
Crossref,1959,"Rhode Island Politics and the American Revolution, 1760-1776",Oscar Zeichner; David S. Lovejoy,journal-article,The Mississippi Valley Historical Review,46,1,120,10.2307/1892397,https://doi.org/10.2307/1892397,,Lovejoy upadana
OpenAlex,1906,The Fundamental Concept of Primitive Philosophy,Arthur O. Lovejoy,article,The Monist; Zenodo (CERN European Organization for Nuclear Research),,,,https://doi.org/10.5840/monist190616324,https://openalex.org/W2315371639,http://doi.org/10.5840/monist190616324; https://doi.org/10.5840/monist190616324,Lovejoy primitive philosophy
Crossref,1906,The Fundamental Concept of Primitive Philosophy,Arthur O. Lovejoy,journal-article,Monist,16,3,357-382,10.5840/monist190616324,https://doi.org/10.5840/monist190616324,,Lovejoy primitive philosophy
Crossref,1924,Pastness and Transcendence,Arthur O. Lovejoy,journal-article,The Journal of Philosophy,21,22,601,10.2307/2014483,https://doi.org/10.2307/2014483,,Lovejoy primitive philosophy
Crossref,1950,Terminal and Adjectival Values,Arthur O. Lovejoy,journal-article,The Journal of Philosophy,47,21,593,10.2307/2021804,https://doi.org/10.2307/2021804,,Lovejoy primitive philosophy
Crossref,1947,A Rejoinder to Professor Lovejoy,Henry Veatch,journal-article,Philosophy and Phenomenological Research,7,4,622,10.2307/2102987,https://doi.org/10.2307/2102987,,Lovejoy primitive philosophy
Crossref,1927,The Meanings of ‘emergence’ and Its Modes,Arthur O. Lovejoy,journal-article,Philosophy,2,6,167-181,10.1017/s0031819100015199,https://doi.org/10.1017/s0031819100015199,,Lovejoy primitive philosophy
Crossref,1948,Comment on Mr. Pegis's Rejoinder,Arthur O. Lovejoy,journal-article,Philosophy and Phenomenological Research,9,2,284,10.2307/2103394,https://doi.org/10.2307/2103394,,Lovejoy primitive philosophy
Crossref,1922,Pragmatism and the New Materialism,Arthur O. Lovejoy,journal-article,The Journal of Philosophy,19,1,5,10.2307/2939682,https://doi.org/10.2307/2939682,,Lovejoy primitive philosophy
Crossref,1932,Dualisms Good and Bad (I),Arthur O. Lovejoy,journal-article,The Journal of Philosophy,29,13,337,10.2307/2016777,https://doi.org/10.2307/2016777,,Lovejoy primitive philosophy
Crossref,1932,Dualisms Good and Bad (II),Arthur O. Lovejoy,journal-article,The Journal of Philosophy,29,14,375,10.2307/2016371,https://doi.org/10.2307/2016371,,Lovejoy primitive philosophy
Crossref,1939,Present Standpoints and Past History,Arthur O. Lovejoy,journal-article,The Journal of Philosophy,36,18,477,10.2307/2017901,https://doi.org/10.2307/2017901,,Lovejoy primitive philosophy
Crossref,1947,Analogy and Contradiction: A Surrejoinder,Arthur O. Lovejoy,journal-article,Philosophy and Phenomenological Research,7,4,626,10.2307/2102988,https://doi.org/10.2307/2102988,,Lovejoy primitive philosophy
Crossref,1933,Dualism and the Paradox of Reference,Arthur O. Lovejoy,journal-article,The Journal of Philosophy,30,22,589,10.2307/2016901,https://doi.org/10.2307/2016901,,Lovejoy primitive philosophy
Crossref,1930,The Dialectical Argument against Absolute Simultaneity. II,Arthur O. Lovejoy,journal-article,The Journal of Philosophy,27,24,645,10.2307/2016326,https://doi.org/10.2307/2016326,,Lovejoy primitive philosophy
Crossref,1930,The Dialectical Argument Against Absolute Simultaneity. I,Arthur O. Lovejoy,journal-article,The Journal of Philosophy,27,23,617,10.2307/2016868,https://doi.org/10.2307/2016868,,Lovejoy primitive philosophy
Crossref,1952,On a Supposed Resurgence of Vicious Intellectualism,Arthur O. Lovejoy,journal-article,The Journal of Philosophy,49,4,85,10.2307/2021577,https://doi.org/10.2307/2021577,,Lovejoy primitive philosophy
Crossref,1948,Autonomy and Necessity: A Rejoinder to Professor Lovejoy,A. C. Pegis,journal-article,Philosophy and Phenomenological Research,9,1,89,10.2307/2103853,https://doi.org/10.2307/2103853,,Lovejoy primitive philosophy
Crossref,1963,Arthur O. Lovejoy and the History of Ideas,John Herman Randall,journal-article,Philosophy and Phenomenological Research,23,4,475,10.2307/2104513,https://doi.org/10.2307/2104513,,Lovejoy primitive philosophy
Crossref,1907,Professor Ormond's philosophy.,Arthur O. Lovejoy,journal-article,Psychological Bulletin,4,11,339-349,10.1037/h0075121,https://doi.org/10.1037/h0075121,,Lovejoy primitive philosophy
Crossref,1911,Book Review:A Beginner's History of Philosophy: Vol. II. Modern Philosophy. Herbert Ernest Cushman,Arthur O. Lovejoy,journal-article,Ethics,22,1,111,10.1086/206636,https://doi.org/10.1086/206636,,Lovejoy primitive philosophy
Crossref,1915,A History of Philosophy.,Arthur O. Lovejoy; Frank Thilly,journal-article,"The Journal of Philosophy, Psychology and Scientific Methods",12,10,272,10.2307/2012706,https://doi.org/10.2307/2012706,,Lovejoy primitive philosophy
Crossref,1950,Essays in the History of Ideas,H. T. C.; Arthur O. Lovejoy,journal-article,The Journal of Philosophy,47,1,22,10.2307/2019435,https://doi.org/10.2307/2019435,,Lovejoy primitive philosophy
Crossref,1922,"Time, Meaning and Transcendence--II.: Professor Dewey's Tertium Quid",Arthur O. Lovejoy,journal-article,The Journal of Philosophy,19,20,533,10.2307/2939326,https://doi.org/10.2307/2939326,,Lovejoy primitive philosophy
Crossref,1952,In Defense of Individualistic Empiricism: Rejoinder to Mr. Lowe,Arthur O. Lovejoy,journal-article,The Journal of Philosophy,49,4,111,10.2307/2021580,https://doi.org/10.2307/2021580,,Lovejoy primitive philosophy
Crossref,1922,The Length of Human Infancy in Eighteenth-Century Thought,Arthur O. Lovejoy,journal-article,The Journal of Philosophy,19,14,381,10.2307/2939649,https://doi.org/10.2307/2939649,,Lovejoy primitive philosophy
Crossref,1961,"The Reason, the Understanding, and Time.",Daniel S. Robinson; Arthur O. Lovejoy,journal-article,Philosophy and Phenomenological Research,22,2,273,10.2307/2104855,https://doi.org/10.2307/2104855,,Lovejoy primitive philosophy
Crossref,1922,"Time, Meaning and Transcendence--I. The Alleged Futurity of Yesterday",Arthur O. Lovejoy,journal-article,The Journal of Philosophy,19,19,505,10.2307/2939536,https://doi.org/10.2307/2939536,,Lovejoy primitive philosophy
Crossref,1926,The Primitive and the Civilized Mind,N. Lossky,journal-article,Philosophy,1,2,145-158,10.1017/s0031819100021239,https://doi.org/10.1017/s0031819100021239,,Lovejoy primitive philosophy
Crossref,1947,The Duality of the Thomistic Theology: A Reply to Mr. Veatch,Arthur O. Lovejoy,journal-article,Philosophy and Phenomenological Research,7,3,413,10.2307/2102796,https://doi.org/10.2307/2102796,,Lovejoy primitive philosophy
Crossref,1936,Primitivism and Related Ideas in Antiquity.,H. T. C.; Arthur O. Lovejoy; George Boas,journal-article,The Journal of Philosophy,33,7,192,10.2307/2016444,https://doi.org/10.2307/2016444,,Lovejoy primitive philosophy
Crossref,1927,"The Meanings of ""Emergence"" and its Modes",Arthur O. Lovejoy,book-chapter,Proceedings of the Sixth International Congress of Philosophy,,,20-33,10.5840/wcp6192720,https://doi.org/10.5840/wcp6192720,,Lovejoy primitive philosophy
Crossref,1909,Pragmatism and Realism,Arthur O. Lovejoy,journal-article,"The Journal of Philosophy, Psychology and Scientific Methods",6,21,575,10.2307/2010796,https://doi.org/10.2307/2010796,,Lovejoy primitive philosophy
Crossref,1911,Book Review:A Beginner's History of Philosophy: Vol I. Ancient and Mediaeval Philosophy. Herbert Ernest Cushman,A. O. Lovejoy,journal-article,Ethics,21,3,352,10.1086/206604,https://doi.org/10.1086/206604,,Lovejoy primitive philosophy
Crossref,1920,Pragmatism as Interactionism,Arthur O. Lovejoy,journal-article,"The Journal of Philosophy, Psychology and Scientific Methods",17,23,622,10.2307/2939891,https://doi.org/10.2307/2939891,,Lovejoy primitive philosophy
Crossref,1952,In Defense of Individualistic Empiricism: A Reply to Messrs. Lovejoy and Hook,Victor Lowe,journal-article,The Journal of Philosophy,49,4,100,10.2307/2021579,https://doi.org/10.2307/2021579,,Lovejoy primitive philosophy
Crossref,1920,Pragmatism as Interactionism,Arthur O. Lovejoy,journal-article,"The Journal of Philosophy, Psychology and Scientific Methods",17,22,589,10.2307/2940385,https://doi.org/10.2307/2940385,,Lovejoy primitive philosophy
Crossref,1909,Immanuel Kant.,A. O. Lovejoy; Oswald Kulpe,journal-article,"The Journal of Philosophy, Psychology and Scientific Methods",6,26,719,10.2307/2011025,https://doi.org/10.2307/2011025,,Lovejoy primitive philosophy
Crossref,1910,The Place of the Time Problem in Contemporary Philosophy,Arthur O. Lovejoy,journal-article,"The Journal of Philosophy, Psychology and Scientific Methods",7,25,683,10.2307/2013277,https://doi.org/10.2307/2013277,,Lovejoy primitive philosophy
Crossref,1963,The Philosophical Method of Arthur O. Lovejoy: Critical Realism and Psychoanalytical Realism,Lewis S. Feuer,journal-article,Philosophy and Phenomenological Research,23,4,493,10.2307/2104515,https://doi.org/10.2307/2104515,,Lovejoy primitive philosophy
Crossref,1908,The Thirteen Pragmatisms. II,Arthur O. Lovejoy,journal-article,"The Journal of Philosophy, Psychology and Scientific Methods",5,2,29,10.2307/2011563,https://doi.org/10.2307/2011563,,Lovejoy primitive philosophy
Crossref,1911,Existence and Formal Logic,A. O. Lovejoy,journal-article,"The Journal of Philosophy, Psychology and Scientific Methods",8,24,660,10.2307/2012690,https://doi.org/10.2307/2012690,,Lovejoy primitive philosophy
Crossref,1912,"""Present Philosophical Tendencies""",Arthur O. Lovejoy,journal-article,"The Journal of Philosophy, Psychology and Scientific Methods",9,23,627,10.2307/2013406,https://doi.org/10.2307/2013406,,Lovejoy primitive philosophy
Crossref,1913,Realism versus Epistemological Monism,Arthur O. Lovejoy,journal-article,"The Journal of Philosophy, Psychology and Scientific Methods",10,21,561,10.2307/2012435,https://doi.org/10.2307/2012435,,Lovejoy primitive philosophy
Crossref,1913,Secondary Qualities and Subjectivity,Arthur O. Lovejoy,journal-article,"The Journal of Philosophy, Psychology and Scientific Methods",10,8,214,10.2307/2013268,https://doi.org/10.2307/2013268,,Lovejoy primitive philosophy
Crossref,1908,The Thirteen Pragmatisms. I.,Arthur O. Lovejoy,journal-article,"The Journal of Philosophy, Psychology and Scientific Methods",5,1,5,10.2307/2012277,https://doi.org/10.2307/2012277,,Lovejoy primitive philosophy
Crossref,1954,Minute Drafted for the American Philosophical Association,Ralph Barton Perry; James Gutmann; Arthur O. Lovejoy,journal-article,Journal of Philosophy,51,21,628-630,10.5840/jphil195451216,https://doi.org/10.5840/jphil195451216,,Lovejoy primitive philosophy
Crossref,1948,Necessity and Self-Sufficiency in the Thomistic Theology: A Reply to President Pegis,Arthur O. Lovejoy,journal-article,Philosophy and Phenomenological Research,9,1,71,10.2307/2103852,https://doi.org/10.2307/2103852,,Lovejoy primitive philosophy
Crossref,1946,Substance and the Primitive Simple Notion in the Philosophy of Leibniz,M. Gueroult,journal-article,Philosophy and Phenomenological Research,7,2,293,10.2307/2102836,https://doi.org/10.2307/2102836,,Lovejoy primitive philosophy
Crossref,1914,"Relativity, Reality, and Contradiction",Arthur O. Lovejoy,journal-article,"The Journal of Philosophy, Psychology and Scientific Methods",11,16,421,10.2307/2012408,https://doi.org/10.2307/2012408,,Lovejoy primitive philosophy
Crossref,1928,L'Ame Primitive.,Ruth Benedict; Lucien Levy-Bruhl,journal-article,The Journal of Philosophy,25,26,717,10.2307/2014316,https://doi.org/10.2307/2014316,,Lovejoy primitive philosophy
Crossref,1910,Proclus's Metaphysical Elements.,Arthur O. Lovejoy; Thomas M. Johnson,journal-article,"The Journal of Philosophy, Psychology and Scientific Methods",7,8,220,10.2307/2012100,https://doi.org/10.2307/2012100,,Lovejoy primitive philosophy
Crossref,1907,The Desires of the Self-Conscious,Arthur O. Lovejoy,journal-article,"The Journal of Philosophy, Psychology and Scientific Methods",4,2,29,10.2307/2010698,https://doi.org/10.2307/2010698,,Lovejoy primitive philosophy
Crossref,1924,Psychology and Primitive Culture.,Joseph Holmes; F. C. Bartlett,journal-article,The Journal of Philosophy,21,21,585,10.2307/2014426,https://doi.org/10.2307/2014426,,Lovejoy primitive philosophy
Crossref,1910,Clavis Universalis.,A. O. Lovejoy; Arthur Collier; Ethel Bowman,journal-article,"The Journal of Philosophy, Psychology and Scientific Methods",7,3,77,10.2307/2010598,https://doi.org/10.2307/2010598,,Lovejoy primitive philosophy
Crossref,1910,"The Treatment of ""Opposition"" in Formal Logic",A. O. Lovejoy,journal-article,"The Journal of Philosophy, Psychology and Scientific Methods",7,4,101,10.2307/2011273,https://doi.org/10.2307/2011273,,Lovejoy primitive philosophy
Crossref,1912,"""Present Philosophical Tendencies"". II: Idealism and Realism",Arthur O. Lovejoy,journal-article,"The Journal of Philosophy, Psychology and Scientific Methods",9,25,673,10.2307/2012609,https://doi.org/10.2307/2012609,,Lovejoy primitive philosophy
Crossref,1949,Being and Value in a Primitive Culture,Dorothy Lee,journal-article,The Journal of Philosophy,46,13,401,10.2307/2020267,https://doi.org/10.2307/2020267,,Lovejoy primitive philosophy
Crossref,1913,On Some Novelties of the New Realism,Arthur O. Lovejoy,journal-article,"The Journal of Philosophy, Psychology and Scientific Methods",10,2,29,10.2307/2013353,https://doi.org/10.2307/2013353,,Lovejoy primitive philosophy
Crossref,1907,Immanuel Kant: Darstellung und Wurdigung.,Arthur O. Lovejoy; Oswald Kulpe,journal-article,"The Journal of Philosophy, Psychology and Scientific Methods",4,20,554,10.2307/2011599,https://doi.org/10.2307/2011599,,Lovejoy primitive philosophy
Crossref,1906,On Kant's Reply to Hume.,David F. Swenson; Arthur Lovejoy,journal-article,"The Journal of Philosophy, Psychology and Scientific Methods",3,12,333,10.2307/2010606,https://doi.org/10.2307/2010606,,Lovejoy primitive philosophy
Crossref,1912,Wandlungen in der Philosophie der Gegenwart.,Arthur O. Lovejoy; Julius Goldstein,journal-article,"The Journal of Philosophy, Psychology and Scientific Methods",9,12,327,10.2307/2012930,https://doi.org/10.2307/2012930,,Lovejoy primitive philosophy
Crossref,1928,Primitive Man as Philosopher.,Hartley Alexander; Paul Radin; John Dewey,journal-article,The Journal of Philosophy,25,20,552,10.2307/2013891,https://doi.org/10.2307/2013891,,Lovejoy primitive philosophy
Crossref,1957,The primitive ethic of Karl Marx,Eugene Kamenka,journal-article,Australasian Journal of Philosophy,35,2,75-96,10.1080/00048405785200101,https://doi.org/10.1080/00048405785200101,,Lovejoy primitive philosophy
Crossref,1911,Reflections of a Temporalist on the New Realism,Arthur O. Lovejoy,journal-article,"The Journal of Philosophy, Psychology and Scientific Methods",8,22,589,10.2307/2013362,https://doi.org/10.2307/2013362,,Lovejoy primitive philosophy
Crossref,1936,The Great Chain of Being. A Study of the History of an Idea.,H. T. C.; Arthur O. Lovejoy,journal-article,The Journal of Philosophy,33,21,580,10.2307/2016062,https://doi.org/10.2307/2016062,,Lovejoy primitive philosophy
Crossref,1924,On the Mental Level Implied in Primitive Technique,E. L. Talbert,journal-article,The Journal of Philosophy,21,9,232,10.2307/2014872,https://doi.org/10.2307/2014872,,Lovejoy primitive philosophy
Crossref,1904,The Philosophy of Hobbes.,Arthur O. Lovejoy; Frederick J. E. Woodbridge,journal-article,The Philosophical Review,13,3,385,10.2307/2176296,https://doi.org/10.2307/2176296,,Lovejoy primitive philosophy
Crossref,1912,The Problem of Time in Recent French Philosophy,Arthur O. Lovejoy,journal-article,The Philosophical Review,21,5,527,10.2307/2177176,https://doi.org/10.2307/2177176,,Lovejoy primitive philosophy
Crossref,1938,A Primitive Philosophy of Life*,,journal-article,Nature,142,3607,1085-1086,10.1038/1421085b0,https://doi.org/10.1038/1421085b0,,Lovejoy primitive philosophy
Crossref,1950,The Relationship of Primitive Morality and Religion.,G. B.; Alexander Macbeath,journal-article,The Journal of Philosophy,47,17,503,10.2307/2020713,https://doi.org/10.2307/2020713,,Lovejoy primitive philosophy
Crossref,1912,The Problem of Time in Recent French Philosophy. II.,Arthur O. Lovejoy,journal-article,The Philosophical Review,21,3,322,10.2307/2177714,https://doi.org/10.2307/2177714,,Lovejoy primitive philosophy
Crossref,1914,Bergson and Romantic Evolutionism.,Ernest N. Henderson; A. O. Lovejoy; Arthur Mitchell,journal-article,"The Journal of Philosophy, Psychology and Scientific Methods",11,24,667,10.2307/2013542,https://doi.org/10.2307/2013542,,Lovejoy primitive philosophy
Crossref,1912,The Problem of Time in Recent French Philosophy. I.,Arthur O. Lovejoy,journal-article,The Philosophical Review,21,1,11,10.2307/2177595,https://doi.org/10.2307/2177595,,Lovejoy primitive philosophy
Crossref,1907,Review of Studies in Philosophy and Psychology. Commemoration Volume by Former Students of Charles Edward Garman. Part I. Philosophy.,Arthur O. Lovejoy,journal-article,Psychological Bulletin,4,1,18-24,10.1037/h0066362,https://doi.org/10.1037/h0066362,,Lovejoy primitive philosophy
Crossref,1938,The Energetic Philosophy of Primitive Man,,journal-article,Africa,11,1,111-112,10.1017/s0001972000006410,https://doi.org/10.1017/s0001972000006410,,Lovejoy primitive philosophy
Crossref,1911,<i>A Beginner's History of Philosophy: Vol. II. Modern Philosophy</i>. Herbert Ernest Cushman,Arthur O. Lovejoy,journal-article,The International Journal of Ethics,22,1,111-113,10.1086/intejethi.22.1.2376561,https://doi.org/10.1086/intejethi.22.1.2376561,,Lovejoy primitive philosophy
Crossref,1912,The Philosophy of John Norris of Bemerton.,A. O. Lovejoy; Flora Isabel MacKinnon,journal-article,The Philosophical Review,21,2,256,10.2307/2177365,https://doi.org/10.2307/2177365,,Lovejoy primitive philosophy
Crossref,1948,The Heathens: Primitive Man and His Religions,J. R. E.; William Howells,journal-article,The Journal of Philosophy,45,17,475,10.2307/2019217,https://doi.org/10.2307/2019217,,Lovejoy primitive philosophy
Crossref,1949,La Mentalité Primitive et le Principe de Panplexie,,book-chapter,Proceedings of the Tenth International Congress of Philosophy,,,1019-1021,10.5840/wcp1019492288,https://doi.org/10.5840/wcp1019492288,,Lovejoy primitive philosophy
Crossref,1916,Primitive Improvidence,Elsie Clews Parsons,journal-article,"The Journal of Philosophy, Psychology and Scientific Methods",13,14,371,10.2307/2013133,https://doi.org/10.2307/2013133,,Lovejoy primitive philosophy
Crossref,1956,The Art of Primitive Peoples.,Richard Kuhns; J. T. Hooper; C. A. Burland,journal-article,The Journal of Philosophy,53,11,369,10.2307/2022382,https://doi.org/10.2307/2022382,,Lovejoy primitive philosophy
Crossref,1907,"Outline of the Vedanta System of Philosophy, According to Shankara.",Arthur O. Lovejoy; Paul Deussen; J. H. Woods; C. B. Runkle,journal-article,"The Journal of Philosophy, Psychology and Scientific Methods",4,1,23,10.2307/2011394,https://doi.org/10.2307/2011394,,Lovejoy primitive philosophy
Crossref,1911,<i>A Beginner's History of Philosophy: Vol I. Ancient and Mediaeval Philosophy</i>. Herbert Ernest Cushman,A. O. Lovejoy,journal-article,The International Journal of Ethics,21,3,352-355,10.1086/intejethi.21.3.2377002,https://doi.org/10.1086/intejethi.21.3.2377002,,Lovejoy primitive philosophy
Crossref,1951,"Essays in the History of Ideas. By Arthur O. Lovejoy. (The Johns Hopkins Press, Baltimore; London, Cumberlege. 1948. Pp. 354. Price 27s. 6d.",D. J. Allan,journal-article,Philosophy,26,97,173-176,10.1017/s0031819100026929,https://doi.org/10.1017/s0031819100026929,,Lovejoy primitive philosophy
Crossref,1891,"The Primitive culture : researches into the development of mythology philosophy religion, language, art and custom","Tylor, Edward B",monograph,,,,,10.58837/chula.rarebook.3142,https://doi.org/10.58837/chula.rarebook.3142,,Lovejoy primitive philosophy
Crossref,1911,Dogmatism and Evolution: Studies in Modern Philosophy.,Arthur O. Lovejoy; Theodore DeLaguna; Grace Andrus DeLaguna,journal-article,The Philosophical Review,20,5,535,10.2307/2177619,https://doi.org/10.2307/2177619,,Lovejoy primitive philosophy
Crossref,1913,I.—SOME ANTECEDENTS OF THE PHILOSOPHY OF BERGSON,ARTHUR O. LOVEJOY,journal-article,Mind,XXII,10,465-483,10.1093/mind/xxii.10.465,https://doi.org/10.1093/mind/xxii.10.465,,Lovejoy primitive philosophy
Crossref,1907,<i>Qualitative Change in Pre-Socratic Philosophy</i>. W. A. Heidel,Arthur D. Lovejoy,journal-article,Classical Philology,2,4,490-490,10.1086/359103,https://doi.org/10.1086/359103,,Lovejoy primitive philosophy
Crossref,1945,A Discussion of the Theory of International Relations,John Dewey; T. V. Smith; Arthur O. Lovejoy; Joseph P. Chamberlain; William Ernest Hocking; E. A. Burtt,journal-article,Journal of Philosophy,42,18,477-497,10.2307/2019596,https://doi.org/10.2307/2019596,,Lovejoy primitive philosophy
Crossref,1948,A. O. Lovejoy as Historian of Philosophy,George Boas,journal-article,Journal of the History of Ideas,9,4,404,10.2307/2707213,https://doi.org/10.2307/2707213,,Lovejoy primitive philosophy
Crossref,1967,Primitive Cultures and Ethical Universals,George B. Wall,journal-article,International Philosophical Quarterly,7,3,470-482,10.5840/ipq19677322,https://doi.org/10.5840/ipq19677322,,Lovejoy primitive philosophy
Crossref,1922,La Mentalite Primitive. La Religion et la Foi.,W. T. Bush; L. Levy-Bruhl; Henri Delacroix,journal-article,The Journal of Philosophy,19,25,694,10.2307/2939635,https://doi.org/10.2307/2939635,,Lovejoy primitive philosophy
Crossref,1908,A Study of the Influence of Custom on the Moral Judgment.,Arthur O. Lovejoy; Frank Chapman Sharp,journal-article,"The Journal of Philosophy, Psychology and Scientific Methods",5,20,548,10.2307/2011184,https://doi.org/10.2307/2011184,,Lovejoy primitive philosophy
Crossref,1931,The Revolt against Dualism: an Inquiry concerning the Existence of Ideas. By Arthur O. Lovejoy. (London: George Allen &amp; Unwin Ltd.1930. Pp. xii + 325. Price 15s.),L. S. Stebbing,journal-article,Philosophy,6,22,240-242,10.1017/s0031819100045277,https://doi.org/10.1017/s0031819100045277,,Lovejoy primitive philosophy
Crossref,1905,Self and Not-Self in Primitive Experience,J. A. Leighton,journal-article,"The Journal of Philosophy, Psychology and Scientific Methods",2,14,372,10.2307/2011315,https://doi.org/10.2307/2011315,,Lovejoy primitive philosophy
Crossref,1929,Coming of Age in Samoa. A Psychological Study of Primitive Youth for Western Civilization.,Ruth Benedict; Margaret Mead,journal-article,The Journal of Philosophy,26,4,110,10.2307/2014645,https://doi.org/10.2307/2014645,,Lovejoy primitive philosophy
Crossref,1924,"Primitive culture: Researches into the development of mythology, philosophy, religion, language, art, and custom, Vol 1 (7th ed.).",Edward B. Tylor,book,,,,,10.1037/13484-000,https://doi.org/10.1037/13484-000,,Lovejoy primitive philosophy
Crossref,1885,"The primitive mind cure: The nature and power of faith; or, Elementary lessons in Christian philosophy and transcendental medicine.",W. F. Evans,book,,,,,10.1037/12761-000,https://doi.org/10.1037/12761-000,,Lovejoy primitive philosophy
Crossref,1957,On the Nature of Man: An Essay in Primitive Philosophy,Fred Cottrell; Dagobert D. Runes,journal-article,Ethnohistory,4,2,224,10.2307/480721,https://doi.org/10.2307/480721,,Lovejoy primitive philosophy
Crossref,1929,"The Child in Primitive Society. By Nathan MillerPh.D., (London: Kegan Paul, Trench, Trübner &amp; Co. 1928. Pp. 307. Price 12s. 6d.)",V. Hazlitt,journal-article,Philosophy,4,13,145-146,10.1017/s0031819100031338,https://doi.org/10.1017/s0031819100031338,,Lovejoy primitive philosophy
Crossref,1911,"Lovejoy, A. O. Schopenhauer as an Evolutionist",A.O. Lovejoy,journal-article,Kant-Studien,16,1-3,,10.1515/kant-1911-0177,https://doi.org/10.1515/kant-1911-0177,,Lovejoy primitive philosophy
Crossref,1940,A Primitive System of Values,D. Demetracopoulou Lee,journal-article,Philosophy of Science,7,3,355-378,10.1086/286642,https://doi.org/10.1086/286642,,Lovejoy primitive philosophy
Crossref,1911,"Lovejoy, Α. O. Kant and Evolution",A.O. Lovejoy,journal-article,Kant-Studien,16,1-3,,10.1515/kant-1911-0176,https://doi.org/10.1515/kant-1911-0176,,Lovejoy primitive philosophy
Crossref,1932,The Psychology of a Primitive People. By S. D. Porteus. (London: Edward Arnold &amp; Co.1931. Pp. xv + 438. Price 30s.),R. R. Marett,journal-article,Philosophy,7,27,349-350,10.1017/s0031819100054139,https://doi.org/10.1017/s0031819100054139,,Lovejoy primitive philosophy
Crossref,1958,Primitive Christianity in its Contemporary Setting. By Rudolph Bultmann. Translated by R. H. Fuller. (Thames and Hudson. 1956. Pp. 240. Price 18s.),I. T. Ramsey,journal-article,Philosophy,33,124,83-84,10.1017/s0031819100038134,https://doi.org/10.1017/s0031819100038134,,Lovejoy primitive philosophy
Crossref,1889,"Primitive culture: Researches into the development of mythology, philosophy, religion, language, art and custom, Vol 2 (3rd American from 2nd English ed.).",Edward B. Tylor,book,,,,,10.1037/12991-000,https://doi.org/10.1037/12991-000,,Lovejoy primitive philosophy
Crossref,1889,"Primitive culture: Researches into the development of mythology, philosophy, religion, language, art and custom, Vol 1 (3rd American from 2nd English ed.).",Edward B. Tylor,book,,,,,10.1037/12987-000,https://doi.org/10.1037/12987-000,,Lovejoy primitive philosophy
Crossref,1919,"Hogs, by A.J. Lovejoy, with supplementary chapters on feeding by John M. Evvard ...",A. J. Lovejoy; John M. Evvard,monograph,,,,,10.5962/bhl.title.20972,https://doi.org/10.5962/bhl.title.20972,,Lovejoy primitive philosophy
Crossref,1936,Relation as a Primitive and Fundamental Idea of the Mathematical Logic and of Philosophy,S. A. Kobylecki,book-chapter,Actes du huitième Congrès International de Philosophie,,,226-231,10.5840/wcp8193640,https://doi.org/10.5840/wcp8193640,,Lovejoy primitive philosophy
Crossref,1908,"<i>American Philosophy: The Early Schools</i> . By I. Woodbridge Riley, Ph.D. New York, Dodd, Mead and Co. 1907. Pp. x + 595.",A. O. Lovejoy,journal-article,Science,27,690,464-466,10.1126/science.27.690.464,https://doi.org/10.1126/science.27.690.464,,Lovejoy primitive philosophy
Crossref,1932,"La Mentalité Primitive. By L. Lévy-bruhl. The Herbert Spencer Lecture, delivered at Oxford, May 29, 1931. (Oxford: at the Clarendon Press. 1931. Pp. 27.",S. V. Keeling,journal-article,Philosophy,7,27,346-348,10.1017/s0031819100054115,https://doi.org/10.1017/s0031819100054115,,Lovejoy primitive philosophy
Crossref,1929,The “Soul” of the Primitive. By Lucien Lévy Bruhl. (Translated by Lilian A. Clare.) (London: George Allen &amp; Unwin Ltd.1928. Pp. 351. Price 12s. 6d.),B. Malinowski,journal-article,Philosophy,4,15,421-422,10.1017/s0031819100032046,https://doi.org/10.1017/s0031819100032046,,Lovejoy primitive philosophy
Crossref,1906,Primitive Traits in Religious Revivals: A Study in Mental and Social Evolution.,H. H. Horne; Frederick Morgan Davenport,journal-article,"The Journal of Philosophy, Psychology and Scientific Methods",3,2,48,10.2307/2011719,https://doi.org/10.2307/2011719,,Lovejoy primitive philosophy
Crossref,1929,The “Soul” of the Primitive,John M. Cooper,journal-article,New Scholasticism,3,4,469-471,10.5840/newscholas19293462,https://doi.org/10.5840/newscholas19293462,,Lovejoy primitive philosophy
Crossref,1940,AN AMERICAN'S EDUCATIONAL PHILOSOPHY FOR AFRICA EDUCATION OF PRIMITIVE PEOPLE1,ALBERT D. HELSER; E. R. J. HUSSEY,journal-article,African Affairs,XXXIX,CLVII,361-366,10.1093/oxfordjournals.afraf.a101057,https://doi.org/10.1093/oxfordjournals.afraf.a101057,,Lovejoy primitive philosophy
Crossref,1889,Animism.,Edward B. Tylor,book-chapter,"Primitive culture: Researches into the development of mythology, philosophy, religion, language, art and custom, Vol 1 (3rd American from 2nd English ed.).",,,417-502,10.1037/12987-011,https://doi.org/10.1037/12987-011,,Lovejoy primitive philosophy
Crossref,1928,Primitive Languages,J. M. C.,journal-article,Primitive Man,1,3/4,17,10.2307/3316265,https://doi.org/10.2307/3316265,,Lovejoy primitive philosophy
Crossref,1889,Mythology.,Edward B. Tylor,book-chapter,"Primitive culture: Researches into the development of mythology, philosophy, religion, language, art and custom, Vol 1 (3rd American from 2nd English ed.).",,,273-315,10.1037/12987-008,https://doi.org/10.1037/12987-008,,Lovejoy primitive philosophy
Crossref,1928,Child-Training among Primitive Peoples,J. M. C.,journal-article,Primitive Man,1,2,10,10.2307/3316258,https://doi.org/10.2307/3316258,,Lovejoy primitive philosophy
Crossref,1889,Mythology (continued).,Edward B. Tylor,book-chapter,"Primitive culture: Researches into the development of mythology, philosophy, religion, language, art and custom, Vol 1 (3rd American from 2nd English ed.).",,,316-367,10.1037/12987-009,https://doi.org/10.1037/12987-009,,Lovejoy primitive philosophy
Crossref,1927,"Primitive Man, His Essential Quest. By John Murphy, D. Litt. , with a Foreword by R. R. Marett . (London: Oxford University Press, Humphrey Milford. 1927. Pp. xi + 341. Price 158. net.)",N. F. Hall.,journal-article,Philosophy,2,8,568-571,10.1017/s0031819100015886,https://doi.org/10.1017/s0031819100015886,,Lovejoy primitive philosophy
Crossref,1889,Mythology (continued).,Edward B. Tylor,book-chapter,"Primitive culture: Researches into the development of mythology, philosophy, religion, language, art and custom, Vol 1 (3rd American from 2nd English ed.).",,,368-416,10.1037/12987-010,https://doi.org/10.1037/12987-010,,Lovejoy primitive philosophy
Crossref,1932,Incest Prohibitions in Primitive Culture,John M. Cooper,journal-article,Primitive Man,5,1,1,10.2307/3316422,https://doi.org/10.2307/3316422,,Lovejoy primitive philosophy
Crossref,1889,Survival in culture.,Edward B. Tylor,book-chapter,"Primitive culture: Researches into the development of mythology, philosophy, religion, language, art and custom, Vol 1 (3rd American from 2nd English ed.).",,,70-111,10.1037/12987-003,https://doi.org/10.1037/12987-003,,Lovejoy primitive philosophy
Crossref,1912,"Book Review: IV. Religion, Philosophy and Apologetics: Jesus, the Son of God, or Primitive Christology",,journal-article,Review &amp; Expositor,9,2,306-307,10.1177/003463731200900268,https://doi.org/10.1177/003463731200900268,,Lovejoy primitive philosophy
Crossref,1956,Examples of primitive music,,book-chapter,Music in Primitive Culture,,,183-200,10.4159/harvard.9780674863408.c14,https://doi.org/10.4159/harvard.9780674863408.c14,,Lovejoy primitive philosophy
Crossref,1937,"The Great Chain of Being. A Study of the History of an Idea. (William James Lectures, 1933.) By ProfessorA. O. Lovejoy. (Cambridge, Mass.: Harvard University Press; London: Oxford University Press, Humphrey Milford. 1936. Pp. xi + 382. Price $4; 17s.)",B. M. Laing,journal-article,Philosophy,12,45,113-114,10.1017/s0031819100010081,https://doi.org/10.1017/s0031819100010081,,Lovejoy primitive philosophy
Crossref,1936,"Primitivism and Related Ideas in Antiquity. By Arthur O. Lovejoy and George Boas. With supplementary essays by W. F. Albright and P. E. Dumont. (Baltimore: Johns Hopkins Press; London: Oxford University Press, Humphrey Milford. 1935. Pp. xv + 482. Price $5; 22s.)",J. R. de la H. Marett,journal-article,Philosophy,11,42,248-249,10.1017/s0031819100033878,https://doi.org/10.1017/s0031819100033878,,Lovejoy primitive philosophy
Crossref,1931,The Relations between Religion and Morality in Primitive Culture,John M. Cooper,journal-article,Primitive Man,4,3,33,10.2307/3316321,https://doi.org/10.2307/3316321,,Lovejoy primitive philosophy
Crossref,1889,Survival in culture (continued).,Edward B. Tylor,book-chapter,"Primitive culture: Researches into the development of mythology, philosophy, religion, language, art and custom, Vol 1 (3rd American from 2nd English ed.).",,,112-159,10.1037/12987-004,https://doi.org/10.1037/12987-004,,Lovejoy primitive philosophy
Crossref,1941,Punishment in the Philosophy of Saint Thomas Aquinas and Among Some Primitive Peoples.,Hans von Hentig; George Quentin Friel,journal-article,American Sociological Review,6,3,409,10.2307/2086206,https://doi.org/10.2307/2086206,,Lovejoy primitive philosophy
Crossref,1889,The art of counting.,Edward B. Tylor,book-chapter,"Primitive culture: Researches into the development of mythology, philosophy, religion, language, art and custom, Vol 1 (3rd American from 2nd English ed.).",,,240-272,10.1037/12987-007,https://doi.org/10.1037/12987-007,,Lovejoy primitive philosophy
Crossref,1956,10. Primitive music in perspective,,book-chapter,Music in Primitive Culture,,,134-144,10.4159/harvard.9780674863408.c10,https://doi.org/10.4159/harvard.9780674863408.c10,,Lovejoy primitive philosophy
Crossref,1889,The science of culture.,Edward B. Tylor,book-chapter,"Primitive culture: Researches into the development of mythology, philosophy, religion, language, art and custom, Vol 1 (3rd American from 2nd English ed.).",,,1-25,10.1037/12987-001,https://doi.org/10.1037/12987-001,,Lovejoy primitive philosophy
Crossref,1889,Emotional and imitative language.,Edward B. Tylor,book-chapter,"Primitive culture: Researches into the development of mythology, philosophy, religion, language, art and custom, Vol 1 (3rd American from 2nd English ed.).",,,160-199,10.1037/12987-005,https://doi.org/10.1037/12987-005,,Lovejoy primitive philosophy
Crossref,1889,The development of culture.,Edward B. Tylor,book-chapter,"Primitive culture: Researches into the development of mythology, philosophy, religion, language, art and custom, Vol 1 (3rd American from 2nd English ed.).",,,26-69,10.1037/12987-002,https://doi.org/10.1037/12987-002,,Lovejoy primitive philosophy
Crossref,1932,The Position of Woman in Primitive Culture,John M. Cooper,journal-article,Primitive Man,5,2/3,32,10.2307/3316372,https://doi.org/10.2307/3316372,,Lovejoy primitive philosophy
Crossref,1966,Primitive Foreign Exchange,PAUL EINZIG,book-chapter,Primitive Money,,,458-463,10.1016/b978-0-08-011679-2.50147-9,https://doi.org/10.1016/b978-0-08-011679-2.50147-9,,Lovejoy primitive philosophy
Crossref,1937,Primitive Moral Culture: A Bibliographical Essay,Marie Bruns; Robert J. Sullivan; Edward Ward,journal-article,Primitive Man,10,2,25,10.2307/3316168,https://doi.org/10.2307/3316168,,Lovejoy primitive philosophy
Crossref,1889,Emotional and imitative language (continued).,Edward B. Tylor,book-chapter,"Primitive culture: Researches into the development of mythology, philosophy, religion, language, art and custom, Vol 1 (3rd American from 2nd English ed.).",,,200-239,10.1037/12987-006,https://doi.org/10.1037/12987-006,,Lovejoy primitive philosophy
Crossref,1966,Classification of Primitive Money,PAUL EINZIG,book-chapter,Primitive Money,,,327-331,10.1016/b978-0-08-011679-2.50114-5,https://doi.org/10.1016/b978-0-08-011679-2.50114-5,,Lovejoy primitive philosophy
Crossref,1966,Definition of Primitive Money,PAUL EINZIG,book-chapter,Primitive Money,,,309-318,10.1016/b978-0-08-011679-2.50111-x,https://doi.org/10.1016/b978-0-08-011679-2.50111-x,,Lovejoy primitive philosophy
Crossref,1956,List of Examples of Primitive Music,,book-chapter,Music in Primitive Culture,,,xi-xx,10.4159/harvard.9780674863408.c1,https://doi.org/10.4159/harvard.9780674863408.c1,,Lovejoy primitive philosophy
Crossref,1909,"Two Important Books on Ethics<i>The Philosophy of Loyalty</i>. Josiah Royce<i>Ethics</i>. John Dewey , James H. Tufts",Gerald Birney Smith; Arthur O. Lovejoy,journal-article,The American Journal of Theology,13,1,137-143,10.1086/478812,https://doi.org/10.1086/478812,,Lovejoy primitive philosophy
Crossref,1966,Requirements of Primitive Money,PAUL EINZIG,book-chapter,Primitive Money,,,321-326,10.1016/b978-0-08-011679-2.50113-3,https://doi.org/10.1016/b978-0-08-011679-2.50113-3,,Lovejoy primitive philosophy
Crossref,1966,Dual Character of Primitive Money,PAUL EINZIG,book-chapter,Primitive Money,,,419-421,10.1016/b978-0-08-011679-2.50136-4,https://doi.org/10.1016/b978-0-08-011679-2.50136-4,,Lovejoy primitive philosophy
Crossref,1966,What is not Primitive Money?,PAUL EINZIG,book-chapter,Primitive Money,,,318-321,10.1016/b978-0-08-011679-2.50112-1,https://doi.org/10.1016/b978-0-08-011679-2.50112-1,,Lovejoy primitive philosophy
Crossref,1956,8. American primitive music north of Mexico,,book-chapter,Music in Primitive Culture,,,105-119,10.4159/harvard.9780674863408.c8,https://doi.org/10.4159/harvard.9780674863408.c8,,Lovejoy primitive philosophy
Crossref,1966,The Future of Primitive Money,PAUL EINZIG,book-chapter,Primitive Money,,,512-519,10.1016/b978-0-08-011679-2.50158-3,https://doi.org/10.1016/b978-0-08-011679-2.50158-3,,Lovejoy primitive philosophy
Crossref,1928,Field Methods,,journal-article,Primitive Man,1,3/4,24,10.2307/3316267,https://doi.org/10.2307/3316267,,Lovejoy primitive philosophy
Crossref,1966,The Background to Primitive Money,PAUL EINZIG,book-chapter,Primitive Money,,,15-21,10.1016/b978-0-08-011679-2.50008-5,https://doi.org/10.1016/b978-0-08-011679-2.50008-5,,Lovejoy primitive philosophy
Crossref,1966,The Study of Primitive Money,PAUL EINZIG,book-chapter,Primitive Money,,,3-7,10.1016/b978-0-08-011679-2.50006-1,https://doi.org/10.1016/b978-0-08-011679-2.50006-1,,Lovejoy primitive philosophy
Crossref,1956,2. The role of music in primitive culture,,book-chapter,Music in Primitive Culture,,,6-25,10.4159/harvard.9780674863408.c2,https://doi.org/10.4159/harvard.9780674863408.c2,,Lovejoy primitive philosophy
Crossref,1928,Accuracy in Observation,,journal-article,Primitive Man,1,1,7,10.2307/3316339,https://doi.org/10.2307/3316339,,Lovejoy primitive philosophy
Crossref,1966,The Historical Role of Primitive Money,PAUL EINZIG,book-chapter,Primitive Money,,,495-499,10.1016/b978-0-08-011679-2.50155-8,https://doi.org/10.1016/b978-0-08-011679-2.50155-8,,Lovejoy primitive philosophy
Crossref,1964,INTRODUCTION: THE USES OF THE PRIMITIVE,,book-chapter,Primitive Views of the World,,,V-XXX,10.7312/diam92410-001,https://doi.org/10.7312/diam92410-001,,Lovejoy primitive philosophy
Crossref,1920,Michigan's millions of idle acres,P. S. Lovejoy; Fred E. Janette,monograph,,,,,10.5962/bhl.title.26795,https://doi.org/10.5962/bhl.title.26795,,Lovejoy primitive philosophy
Crossref,1964,PRIMITIVE MAN AS METAPHYSICIAN,Joseph Campbell,book-chapter,Primitive Views of the World,,,20-32,10.7312/diam92410-003,https://doi.org/10.7312/diam92410-003,,Lovejoy primitive philosophy
Crossref,1934,Waluguru Sibs,P. Wallis,journal-article,Primitive Man,7,4,58,10.2307/3316432,https://doi.org/10.2307/3316432,,Lovejoy primitive philosophy
Crossref,1966,Change from Primitive to Modern Money.,PAUL EINZIG,book-chapter,Primitive Money,,,505-512,10.1016/b978-0-08-011679-2.50157-1,https://doi.org/10.1016/b978-0-08-011679-2.50157-1,,Lovejoy primitive philosophy
Crossref,1966,Primitive v. Modern Monetary Theory,PAUL EINZIG,book-chapter,Primitive Money,,,389-391,10.1016/b978-0-08-011679-2.50128-5,https://doi.org/10.1016/b978-0-08-011679-2.50128-5,,Lovejoy primitive philosophy
Crossref,1934,Mundurucu Moieties,Albert Kruse,journal-article,Primitive Man,7,4,51,10.2307/3316431,https://doi.org/10.2307/3316431,,Lovejoy primitive philosophy
Crossref,1966,Is Primitive Money still Terra Incognita?,PAUL EINZIG,book-chapter,Primitive Money,,,7-14,10.1016/b978-0-08-011679-2.50007-3,https://doi.org/10.1016/b978-0-08-011679-2.50007-3,,Lovejoy primitive philosophy
Crossref,1961,"A definition of primitive art / Phillip H. Lewis, Curator, Primitive Art.",Phillip Harold Lewis,monograph,,,,,10.5962/bhl.title.5130,https://doi.org/10.5962/bhl.title.5130,,Lovejoy primitive philosophy
Crossref,1966,The Economic Role of Primitive Money,PAUL EINZIG,book-chapter,Primitive Money,,,485-488,10.1016/b978-0-08-011679-2.50153-4,https://doi.org/10.1016/b978-0-08-011679-2.50153-4,,Lovejoy primitive philosophy
Crossref,1935,Kalingga Marriage Prohibitions,Francis Billiet,journal-article,Primitive Man,8,3,71,10.2307/3316297,https://doi.org/10.2307/3316297,,Lovejoy primitive philosophy
Crossref,1941,Wanguru Religion,Thomas McVicar,journal-article,Primitive Man,14,1/2,13,10.2307/3316163,https://doi.org/10.2307/3316163,,Lovejoy primitive philosophy
Crossref,1936,A Boy and a Lion,,journal-article,Primitive Man,9,3,48,10.2307/3316159,https://doi.org/10.2307/3316159,,Lovejoy primitive philosophy
Crossref,1929,Catholics and Scientific Research,,journal-article,Primitive Man,2,1/2,19,10.2307/3316479,https://doi.org/10.2307/3316479,,Lovejoy primitive philosophy
Crossref,1930,Kalingga Riddles,Francis Billiet,journal-article,Primitive Man,3,3/4,71,10.2307/3316417,https://doi.org/10.2307/3316417,,Lovejoy primitive philosophy
Crossref,1932,Navajo Sports,Albert B. Reagan,journal-article,Primitive Man,5,4,68,10.2307/3316235,https://doi.org/10.2307/3316235,,Lovejoy primitive philosophy
Crossref,1936,Chippewa Customs,M. Inez Hilger,journal-article,Primitive Man,9,2,17,10.2307/3316484,https://doi.org/10.2307/3316484,,Lovejoy primitive philosophy
Crossref,1952,Split Distribution Methodology,John M. Cooper,journal-article,Primitive Man,25,4,59,10.2307/3316451,https://doi.org/10.2307/3316451,,Lovejoy primitive philosophy
Crossref,1937,Japanese Religion,Leopold H. Tibesar,journal-article,Primitive Man,10,2,17,10.2307/3316167,https://doi.org/10.2307/3316167,,Lovejoy primitive philosophy
Crossref,1964,THINKER AND INTELLECTUAL IN PRIMITIVE SOCIETY,Robert Redfield,book-chapter,Primitive Views of the World,,,33-48,10.7312/diam92410-004,https://doi.org/10.7312/diam92410-004,,Lovejoy primitive philosophy
Crossref,1930,Sinanthropus Pekinensis,Teilhard de Chardin,journal-article,Primitive Man,3,1/2,46,10.2307/3316390,https://doi.org/10.2307/3316390,,Lovejoy primitive philosophy
Crossref,1929,Racial Mentality,J. M. C.,journal-article,Primitive Man,2,1/2,3,10.2307/3316476,https://doi.org/10.2307/3316476,,Lovejoy primitive philosophy
Crossref,1930,The Hindu Family,Biren Bonnerjea,journal-article,Primitive Man,3,1/2,3,10.2307/3316386,https://doi.org/10.2307/3316386,,Lovejoy primitive philosophy
Crossref,1947,The Nulato Indians,John M. McPhee,journal-article,Primitive Man,20,4,85,10.2307/3316444,https://doi.org/10.2307/3316444,,Lovejoy primitive philosophy
Crossref,1928,Questionnaire on Training of Children,,journal-article,Primitive Man,1,2,14,10.2307/3316259,https://doi.org/10.2307/3316259,,Lovejoy primitive philosophy
Crossref,1946,PRIMITIVE EDUCATION IN NORTH AMERICA,George A. Pettitt,book-chapter,Primitive Education in North America,,,1-1,10.1525/9780520411555-001,https://doi.org/10.1525/9780520411555-001,,Lovejoy primitive philosophy
Crossref,1965,Adjungierte Funktoren und primitive Klassen,Walter Felscher,book-chapter,Adjungierte Funktoren und primitive Klassen,,,447-509,10.1007/978-3-642-46024-1_1,https://doi.org/10.1007/978-3-642-46024-1_1,,Lovejoy primitive philosophy
Crossref,1939,Some Wanguru Proverbs and Sayings,Thomas McVicar,journal-article,Primitive Man,12,1,18,10.2307/3316275,https://doi.org/10.2307/3316275,,Lovejoy primitive philosophy
Crossref,1938,The Beni Society of Tanganyika Territory,,journal-article,Primitive Man,11,3/4,74,10.2307/3316216,https://doi.org/10.2307/3316216,,Lovejoy primitive philosophy
Crossref,1936,A Suggested Anthropological Field Method,Morice Vanoverbergh,journal-article,Primitive Man,9,2,24,10.2307/3316485,https://doi.org/10.2307/3316485,,Lovejoy primitive philosophy
Crossref,1932,The Concept of Mana,Gerald J. Schnepp,journal-article,Primitive Man,5,4,53,10.2307/3316233,https://doi.org/10.2307/3316233,,Lovejoy primitive philosophy
Crossref,1947,Sounds in Iloko,Morice Vanoverbergh,journal-article,Primitive Man,20,1/2,26,10.2307/3316289,https://doi.org/10.2307/3316289,,Lovejoy primitive philosophy
Crossref,1937,Preferential Marriage in Italy,John M. Cooper,journal-article,Primitive Man,10,1,10,10.2307/3316242,https://doi.org/10.2307/3316242,,Lovejoy primitive philosophy
Crossref,1909,The child in industry,Owen R. Lovejoy,dataset,PsycEXTRA Dataset,,,,10.1037/e533612009-121,https://doi.org/10.1037/e533612009-121,,Lovejoy primitive philosophy
Crossref,1930,The Chinese Family,Chao Hsi-Lin,journal-article,Primitive Man,3,1/2,19,10.2307/3316387,https://doi.org/10.2307/3316387,,Lovejoy primitive philosophy
Crossref,1936,A Note on Bapedi Beverages,A. Cagol,journal-article,Primitive Man,9,2,32,10.2307/3316487,https://doi.org/10.2307/3316487,,Lovejoy primitive philosophy
Crossref,1943,Montagnais-Naskapi Nomenclature,J. Allan Burgesse,journal-article,Primitive Man,16,1/2,44,10.2307/3316356,https://doi.org/10.2307/3316356,,Lovejoy primitive philosophy
Crossref,1938,Infant Life in Yüanling,Sidney Turner,journal-article,Primitive Man,11,1/2,1,10.2307/3316199,https://doi.org/10.2307/3316199,,Lovejoy primitive philosophy
Crossref,1930,The Celtic Family,James A. Geary,journal-article,Primitive Man,3,1/2,22,10.2307/3316388,https://doi.org/10.2307/3316388,,Lovejoy primitive philosophy
Crossref,1930,The Nootka Family,Vincent A. Koppert,journal-article,Primitive Man,3,3/4,49,10.2307/3316414,https://doi.org/10.2307/3316414,,Lovejoy primitive philosophy
Crossref,1964,PLATO AND THE DEFINITION OF THE PRIMITIVE,Stanley Diamond,book-chapter,Primitive Views of the World,,,170-193,10.7312/diam92410-011,https://doi.org/10.7312/diam92410-011,,Lovejoy primitive philosophy
Crossref,1932,Kava and Kava-Drinking,Joseph R. Deihl,journal-article,Primitive Man,5,4,61,10.2307/3316234,https://doi.org/10.2307/3316234,,Lovejoy primitive philosophy
Crossref,1934,Peace and War in Hindu Culture,Biren Bonnerjea,journal-article,Primitive Man,7,3,33,10.2307/3316324,https://doi.org/10.2307/3316324,,Lovejoy primitive philosophy
Crossref,1942,Why the Navaho Hogan?,Berard Haile,journal-article,Primitive Man,15,3/4,39,10.2307/3316378,https://doi.org/10.2307/3316378,,Lovejoy primitive philosophy
Crossref,1949,An Australian Migratory Myth,Ernest Ailred Worms,journal-article,Primitive Man,22,1/2,33,10.2307/3316209,https://doi.org/10.2307/3316209,,Lovejoy primitive philosophy
Crossref,1933,The Cree Witiko Psychosis,John M. Cooper,journal-article,Primitive Man,6,1,20,10.2307/3316222,https://doi.org/10.2307/3316222,,Lovejoy primitive philosophy
Crossref,1944,Conjuring among the Kiowa,Donald Collier,journal-article,Primitive Man,17,3/4,45,10.2307/3316312,https://doi.org/10.2307/3316312,,Lovejoy primitive philosophy
Crossref,1939,Sibs and Names among the Wanguru,Thomas McVicar,journal-article,Primitive Man,12,4,103,10.2307/3316367,https://doi.org/10.2307/3316367,,Lovejoy primitive philosophy
Crossref,1957,<i>On the Nature of Man. An Essay in Primitive Philosophy.</i>Dagobert D. Runes,James J. Hill,journal-article,The Quarterly Review of Biology,32,1,58-58,10.1086/401675,https://doi.org/10.1086/401675,,Lovejoy primitive philosophy
Crossref,1933,Philippine Negrito Culture: Independent or Borrowed?,Morice Vanoverbergh,journal-article,Primitive Man,6,2,25,10.2307/3316468,https://doi.org/10.2307/3316468,,Lovejoy primitive philosophy
Crossref,1943,Notes on Micmac Shamanism,Frederick Johnson,journal-article,Primitive Man,16,3/4,53,10.2307/3316279,https://doi.org/10.2307/3316279,,Lovejoy primitive philosophy
Crossref,1934,Gossip as a Clue to Attitudes,Regina Flannery,journal-article,Primitive Man,7,1,8,10.2307/3316227,https://doi.org/10.2307/3316227,,Lovejoy primitive philosophy
Crossref,1932,Woman's Status as Reflected in Two Chinese Poems,,journal-article,Primitive Man,5,2/3,47,10.2307/3316373,https://doi.org/10.2307/3316373,,Lovejoy primitive philosophy
Crossref,1931,Questionnaire on the Relations between Religion and Morality,,journal-article,Primitive Man,4,4,61,10.2307/3316176,https://doi.org/10.2307/3316176,,Lovejoy primitive philosophy
Crossref,1933,Navaho Games of Chance and Taboo,Berard Haile,journal-article,Primitive Man,6,2,35,10.2307/3316469,https://doi.org/10.2307/3316469,,Lovejoy primitive philosophy
Crossref,1945,Aboriginal South American Snowshoes,John M. Cooper,journal-article,Primitive Man,18,3/4,63,10.2307/3316332,https://doi.org/10.2307/3316332,,Lovejoy primitive philosophy
Crossref,1933,The Northern Algonquian Supreme Being,John M. Cooper,journal-article,Primitive Man,6,3/4,41,10.2307/3316465,https://doi.org/10.2307/3316465,,Lovejoy primitive philosophy
Crossref,1964,THE PRIMITIVE PRESENCE IN PRE-CLASSICAL GREECE,Thalia Phillies Howe,book-chapter,Primitive Views of the World,,,155-169,10.7312/diam92410-010,https://doi.org/10.7312/diam92410-010,,Lovejoy primitive philosophy
Crossref,1930,The Early Teutonic Family,Paul G. Gleis,journal-article,Primitive Man,3,1/2,31,10.2307/3316389,https://doi.org/10.2307/3316389,,Lovejoy primitive philosophy
Crossref,1949,Esquimaux in the Saguenay,J. Allan Burgesse,journal-article,Primitive Man,22,1/2,23,10.2307/3316208,https://doi.org/10.2307/3316208,,Lovejoy primitive philosophy
Crossref,1951,Notes on a Seneca Mask,Charles L. Lucy,journal-article,Primitive Man,24,2,35,10.2307/3316361,https://doi.org/10.2307/3316361,,Lovejoy primitive philosophy
Crossref,1941,Gambling among the Negritos of Panay,Ciriaco Serrano,journal-article,Primitive Man,14,1/2,31,10.2307/3316164,https://doi.org/10.2307/3316164,,Lovejoy primitive philosophy
Crossref,1934,Two Cree Songs from James Bay,J. Emile Saindon,journal-article,Primitive Man,7,1,6,10.2307/3316226,https://doi.org/10.2307/3316226,,Lovejoy primitive philosophy
Crossref,1952,"Research, Application, and the Intermediate Process",Harvey C. Moore,journal-article,Primitive Man,25,3,49,10.2307/3316319,https://doi.org/10.2307/3316319,,Lovejoy primitive philosophy
Crossref,1941,Hunting Customs of the Ordos Mongols,Joseph Kler,journal-article,Primitive Man,14,3,38,10.2307/3316448,https://doi.org/10.2307/3316448,,Lovejoy primitive philosophy
Crossref,1946,Rediscovered Pygmies of the New Hebrides,William Bryson,journal-article,Primitive Man,19,1/2,59,10.2307/3316154,https://doi.org/10.2307/3316154,,Lovejoy primitive philosophy
Crossref,1937,The Gamella Indians,Curt Nimuendajú; Curt Nimuendaju,journal-article,Primitive Man,10,3/4,58,10.2307/3316456,https://doi.org/10.2307/3316456,,Lovejoy primitive philosophy
Crossref,1944,Rappahannock Games and Amusements,Royal Hassrick; Edmund Carpenter,journal-article,Primitive Man,17,1/2,29,10.2307/3316307,https://doi.org/10.2307/3316307,,Lovejoy primitive philosophy
Crossref,1948,The Mohave Neonate and Its Cradle,George Devereux,journal-article,Primitive Man,21,1/2,1,10.2307/3316261,https://doi.org/10.2307/3316261,,Lovejoy primitive philosophy
Crossref,1939,Birth and Childhood among the Balahis,Stephan Fuchs,journal-article,Primitive Man,12,3,71,10.2307/3316411,https://doi.org/10.2307/3316411,,Lovejoy primitive philosophy
Crossref,1940,Andamanese-Semang-Eta Cultural Relations,John M. Cooper,journal-article,Primitive Man,13,2,29,10.2307/3316490,https://doi.org/10.2307/3316490,,Lovejoy primitive philosophy
Crossref,1951,Southern Cheyenne Ghost Narratives,Paul Flying Eagle Goodbear,journal-article,Primitive Man,24,1,10,10.2307/3316284,https://doi.org/10.2307/3316284,,Lovejoy primitive philosophy
Crossref,1944,Catawba Games and Amusements,Frank G. Speck,journal-article,Primitive Man,17,1/2,19,10.2307/3316306,https://doi.org/10.2307/3316306,,Lovejoy primitive philosophy
Crossref,1937,The Cross-Cousin Relationship in Naples,Thomas De Luca,journal-article,Primitive Man,10,1,10,10.2307/3316241,https://doi.org/10.2307/3316241,,Lovejoy primitive philosophy
Crossref,1940,"The Individual and his Society: the Psychodynamics of Primitive Social Organization. By Abram Kardiner, M. D. with a Foreword and two Ethnological Reports by Ralph Linton. (New York: Columbia University Press. London: Oxford University Press, Humphrey Milford. 1939. Pp. xxvii + 503. Price 22s.)",R. R. Marett,journal-article,Philosophy,15,60,438-438,10.1017/s0031819100036676,https://doi.org/10.1017/s0031819100036676,,Lovejoy primitive philosophy
Crossref,1944,The Gros Ventre Shaking Tent,Regina Flannery,journal-article,Primitive Man,17,3/4,54,10.2307/3316314,https://doi.org/10.2307/3316314,,Lovejoy primitive philosophy
Crossref,1933,An Indian Method of Treating Hysteria,Diamond Jenness,journal-article,Primitive Man,6,1,13,10.2307/3316221,https://doi.org/10.2307/3316221,,Lovejoy primitive philosophy
Crossref,1939,Antropologie: Die Primitive Geselschaft (Anthropology: Primitive Society),Alexander Godin; A. Mandel,journal-article,Books Abroad,13,2,260,10.2307/40081014,https://doi.org/10.2307/40081014,,Lovejoy primitive philosophy
Crossref,1937,A Note on Sicilian Cross-Cousin Marriage,Vincenzo Petrullo,journal-article,Primitive Man,10,1,8,10.2307/3316240,https://doi.org/10.2307/3316240,,Lovejoy primitive philosophy
Crossref,1934,The Position of Woman among the Wanguru,Thomas McVicar,journal-article,Primitive Man,7,2,17,10.2307/3316194,https://doi.org/10.2307/3316194,,Lovejoy primitive philosophy
Crossref,1936,Some Aspects of James Bay Recreative Culture,Regina Flannery,journal-article,Primitive Man,9,4,49,10.2307/3316249,https://doi.org/10.2307/3316249,,Lovejoy primitive philosophy
Crossref,1951,The Negro in the Civil Wars of Peru,Noel Gray,journal-article,Primitive Man,24,4,55,10.2307/3316254,https://doi.org/10.2307/3316254,,Lovejoy primitive philosophy
Crossref,1929,Racial Mentality and the Missionary,Berard Haile,journal-article,Primitive Man,2,1/2,18,10.2307/3316478,https://doi.org/10.2307/3316478,,Lovejoy primitive philosophy
Crossref,1939,A Note on Adjustment and Culture,John M. Cooper,journal-article,Primitive Man,12,2,57,10.2307/3316472,https://doi.org/10.2307/3316472,,Lovejoy primitive philosophy
Crossref,1942,Temporal Concepts of The Ten'a,Robert J. Sullivan,journal-article,Primitive Man,15,3/4,57,10.2307/3316379,https://doi.org/10.2307/3316379,,Lovejoy primitive philosophy
Crossref,1936,Chippewa Pre-Natal Food and Conduct Taboos,M. Inez Hilger,journal-article,Primitive Man,9,3,46,10.2307/3316158,https://doi.org/10.2307/3316158,,Lovejoy primitive philosophy
Crossref,1945,Bhil Wisdom in Proverbs and Phrases,Leonhard Jungblut,journal-article,Primitive Man,18,3/4,56,10.2307/3316331,https://doi.org/10.2307/3316331,,Lovejoy primitive philosophy
Crossref,1929,Sacrifices among the Bago-Igorot,Charles J. Beurms,journal-article,Primitive Man,2,1/2,27,10.2307/3316482,https://doi.org/10.2307/3316482,,Lovejoy primitive philosophy
Crossref,1938,The Mweso Game among the Basoga,M. Anna,journal-article,Primitive Man,11,3/4,71,10.2307/3316215,https://doi.org/10.2307/3316215,,Lovejoy primitive philosophy
Crossref,1936,The Parent-Child Relationship among the Yoruba,Edward Ward,journal-article,Primitive Man,9,4,56,10.2307/3316250,https://doi.org/10.2307/3316250,,Lovejoy primitive philosophy
Crossref,1934,Peace and War in Chinese Culture,Thomas Tseng Mien,journal-article,Primitive Man,7,3,45,10.2307/3316325,https://doi.org/10.2307/3316325,,Lovejoy primitive philosophy
Crossref,1947,Burial among the Koma of Western Abyssinia,Vinigi L. Grottanelli,journal-article,Primitive Man,20,4,71,10.2307/3316443,https://doi.org/10.2307/3316443,,Lovejoy primitive philosophy
Crossref,1949,Another Eagle Dance for Gahéhdagowa (F.G.S.),William N. Fenton,journal-article,Primitive Man,22,3/4,60,10.2307/3316302,https://doi.org/10.2307/3316302,,Lovejoy primitive philosophy
Crossref,1940,The Cultural Position of the Spanish River Indians,Regina Flannery,journal-article,Primitive Man,13,1,1,10.2307/3316350,https://doi.org/10.2307/3316350,,Lovejoy primitive philosophy
Crossref,1945,Proverbs and Sayings of the Ordos Mongols,Joseph Kler,journal-article,Primitive Man,18,3/4,47,10.2307/3316330,https://doi.org/10.2307/3316330,,Lovejoy primitive philosophy
Crossref,1937,A Note on Iloko Death and Burial Customs and Beliefs,,journal-article,Primitive Man,10,2,30,10.2307/3316169,https://doi.org/10.2307/3316169,,Lovejoy primitive philosophy
Crossref,1912,Sal vet swine book,F. D. Coburn; Robert. Evans; A. J. Lovejoy; E.C. Stone,monograph,,,,,10.5962/bhl.title.43687,https://doi.org/10.5962/bhl.title.43687,,Lovejoy primitive philosophy
Crossref,1933,Mental Disorders among the James Bay Cree,J. E. Saindon,journal-article,Primitive Man,6,1,1,10.2307/3316220,https://doi.org/10.2307/3316220,,Lovejoy primitive philosophy
Crossref,1930,Witiko among the Tete-de-Boule,Joseph E. Guinard,journal-article,Primitive Man,3,3/4,69,10.2307/3316416,https://doi.org/10.2307/3316416,,Lovejoy primitive philosophy
Crossref,1929,Religion and Magic among Cass Lake Ojibwa,M. Bernard,journal-article,Primitive Man,2,3/4,52,10.2307/3316395,https://doi.org/10.2307/3316395,,Lovejoy primitive philosophy
Crossref,1928,Present-Day Anthropology: Its Spirit and Trend,J. M. C.,journal-article,Primitive Man,1,1,3,10.2307/3316337,https://doi.org/10.2307/3316337,,Lovejoy primitive philosophy
Crossref,1935,The Position of Woman among the Eastern Cree,Regina Flannery,journal-article,Primitive Man,8,4,81,10.2307/3316438,https://doi.org/10.2307/3316438,,Lovejoy primitive philosophy
Crossref,1966,Primitive Money,,edited-book,,,,,10.1016/c2013-0-01961-5,https://doi.org/10.1016/c2013-0-01961-5,,Lovejoy primitive philosophy
Crossref,1930,The Early History of the Family,John M. Cooper,journal-article,Primitive Man,3,3/4,56,10.2307/3316415,https://doi.org/10.2307/3316415,,Lovejoy primitive philosophy
Crossref,1938,The Marriage Ceremonies of the Philippine Peoples,Eva Gabrielle Bielouss,journal-article,Primitive Man,11,3/4,37,10.2307/3316212,https://doi.org/10.2307/3316212,,Lovejoy primitive philosophy
Crossref,1938,Cross-Cousin Marriage among the Saskatchewan Cree,M. Rossignol,journal-article,Primitive Man,11,1/2,26,10.2307/3316200,https://doi.org/10.2307/3316200,,Lovejoy primitive philosophy
Crossref,1942,Notes on Animism in the Bismarck Archipelago,Joseph Meier,journal-article,Primitive Man,15,3/4,66,10.2307/3316380,https://doi.org/10.2307/3316380,,Lovejoy primitive philosophy
Crossref,1939,"Catawba Religious Beliefs, Mortuary Customs, and Dances",Frank G. Speck,journal-article,Primitive Man,12,2,21,10.2307/3316471,https://doi.org/10.2307/3316471,,Lovejoy primitive philosophy
Crossref,1952,Some Observations on Lamaism among the Ordos Mongols,Joseph Kler,journal-article,Primitive Man,25,4,73,10.2307/3316452,https://doi.org/10.2307/3316452,,Lovejoy primitive philosophy
Crossref,1948,"Iloko Hunting and Fishing, Basketry and Netting",Morice Vanoverbergh,journal-article,Primitive Man,21,3/4,39,10.2307/3316186,https://doi.org/10.2307/3316186,,Lovejoy primitive philosophy
Crossref,1929,The Origin and Early History of Religion,J. M. C.,journal-article,Primitive Man,2,3/4,33,10.2307/3316393,https://doi.org/10.2307/3316393,,Lovejoy primitive philosophy
Crossref,1946,Chiricahua Apache Material Relating to Sorcery,Morris Edward Opler,journal-article,Primitive Man,19,3/4,81,10.2307/3316347,https://doi.org/10.2307/3316347,,Lovejoy primitive philosophy
Crossref,1937,Corrections and Additions: Mundurucú Moieties Corrections and Additions: Mundurucu Moieties,,journal-article,Primitive Man,10,1,16,10.2307/3316245,https://doi.org/10.2307/3316245,,Lovejoy primitive philosophy
Crossref,1936,Bark-Cloth Making among the Baganda of East Africa,M. Anna,journal-article,Primitive Man,9,1,12,10.2307/3316400,https://doi.org/10.2307/3316400,,Lovejoy primitive philosophy
Crossref,1934,A Kalinga Legend: The Origin of Unpounded Rice,Francis Billiet,journal-article,Primitive Man,7,1,14,10.2307/3316229,https://doi.org/10.2307/3316229,,Lovejoy primitive philosophy
Crossref,1932,The Position of Woman in Samoan Culture,Joseph Deihl,journal-article,Primitive Man,5,2/3,21,10.2307/3316370,https://doi.org/10.2307/3316370,,Lovejoy primitive philosophy
Crossref,1945,Death Rites among the Waluguru and Wanguru,Thomas McVicar,journal-article,Primitive Man,18,1/2,26,10.2307/3316426,https://doi.org/10.2307/3316426,,Lovejoy primitive philosophy
Crossref,1939,Notes on Mixtec Indian Land and Farming Practices,Emma Reh,journal-article,Primitive Man,12,1,1,10.2307/3316272,https://doi.org/10.2307/3316272,,Lovejoy primitive philosophy
Crossref,1949,A Cayuga Bear Society Curing Rite,Ernest S. Dodge,journal-article,Primitive Man,22,3/4,65,10.2307/3316303,https://doi.org/10.2307/3316303,,Lovejoy primitive philosophy
Crossref,1940,The Funeral Rites of the Nimar Balahis,Stephen Fuchs,journal-article,Primitive Man,13,3/4,49,10.2307/3316180,https://doi.org/10.2307/3316180,,Lovejoy primitive philosophy
Crossref,1939,Property Concepts among the Cree of the Rocks,M. Rossignol,journal-article,Primitive Man,12,3,61,10.2307/3316410,https://doi.org/10.2307/3316410,,Lovejoy primitive philosophy
Crossref,1932,Notes on Age-Classes among the Northern Arapaho,Albert Muntsch,journal-article,Primitive Man,5,2/3,49,10.2307/3316374,https://doi.org/10.2307/3316374,,Lovejoy primitive philosophy
Crossref,1948,Infancy and Childhood among the Mohave Indians,William J. Wallace,journal-article,Primitive Man,21,1/2,19,10.2307/3316262,https://doi.org/10.2307/3316262,,Lovejoy primitive philosophy
Crossref,1937,The Religion of the Ojibwa of Northern Minnesota,Bernard Coleman,journal-article,Primitive Man,10,3/4,33,10.2307/3316455,https://doi.org/10.2307/3316455,,Lovejoy primitive philosophy
Crossref,1936,Child-Training among the Wanguru. III. Moral Education,Charles T. Dooley,journal-article,Primitive Man,9,1,1,10.2307/3316399,https://doi.org/10.2307/3316399,,Lovejoy primitive philosophy
Crossref,1938,"Birth, Infancy and Childhood among the Ordos Mongols",Joseph Kler,journal-article,Primitive Man,11,3/4,58,10.2307/3316213,https://doi.org/10.2307/3316213,,Lovejoy primitive philosophy
Crossref,1940,Notes on the Preparation of Food in Buganda,Mother M. Anna,journal-article,Primitive Man,13,1,26,10.2307/3316351,https://doi.org/10.2307/3316351,,Lovejoy primitive philosophy
Crossref,1951,The Negro in the Exploration and Conquest of Peru,Noel Gray,journal-article,Primitive Man,24,1,1,10.2307/3316283,https://doi.org/10.2307/3316283,,Lovejoy primitive philosophy
Crossref,1929,Notes on the Kaska and Upper Liard Indians,E. Allard,journal-article,Primitive Man,2,1/2,24,10.2307/3316481,https://doi.org/10.2307/3316481,,Lovejoy primitive philosophy
Crossref,1935,The Scientific Evidence Bearing upon Human Evolution,John M. Cooper,journal-article,Primitive Man,8,1/2,1,10.2307/3316291,https://doi.org/10.2307/3316291,,Lovejoy primitive philosophy
Crossref,1941,The Dearly-Loved Child among the Gros Ventres of Montana,Regina Flannery,journal-article,Primitive Man,14,3,33,10.2307/3316447,https://doi.org/10.2307/3316447,,Lovejoy primitive philosophy
Crossref,1931,Religion and Morality among the Ibo of Southern Nigeria,William E. O'Donnell,journal-article,Primitive Man,4,4,54,10.2307/3316175,https://doi.org/10.2307/3316175,,Lovejoy primitive philosophy
Crossref,1937,Functioning Units in Ha(rh)ndea(ng) Society,George Devereux,journal-article,Primitive Man,10,1,1,10.2307/3316239,https://doi.org/10.2307/3316239,,Lovejoy primitive philosophy
Crossref,1951,Some Ideological Aspects of Present Day Seneca Folklore,George S. Snyderman,journal-article,Primitive Man,24,3,37,10.2307/3316151,https://doi.org/10.2307/3316151,,Lovejoy primitive philosophy
Crossref,1934,Child-Training among the Wanguru. I. Physical Education,Charles T. Dooley,journal-article,Primitive Man,7,2,22,10.2307/3316195,https://doi.org/10.2307/3316195,,Lovejoy primitive philosophy
Crossref,1929,The Religion of the Central Eskimo,Arsène Turquetil; Arsene Turquetil,journal-article,Primitive Man,2,3/4,57,10.2307/3316397,https://doi.org/10.2307/3316397,,Lovejoy primitive philosophy
Crossref,1935,"Sibs, Privileged Familiarity, and Cross-Cousin Marriage among the Waluguru",Thomas McVicar,journal-article,Primitive Man,8,3,57,10.2307/3316295,https://doi.org/10.2307/3316295,,Lovejoy primitive philosophy
Crossref,1951,"Family Hunting Grounds in the Kippewa Area, Quebec",John T. McGee,journal-article,Primitive Man,24,3,47,10.2307/3316152,https://doi.org/10.2307/3316152,,Lovejoy primitive philosophy
Crossref,1932,The Position of Woman among the Mescalero Apache,Regina Flannery,journal-article,Primitive Man,5,2/3,26,10.2307/3316371,https://doi.org/10.2307/3316371,,Lovejoy primitive philosophy
Crossref,1930,Why the Crow Has Black Feathers: An Ibaloi Tale,Alfonso Claerhoudt,journal-article,Primitive Man,3,3/4,75,10.2307/3316418,https://doi.org/10.2307/3316418,,Lovejoy primitive philosophy
Crossref,1939,The Shaking-Tent Rite among the Montagnais of James Bay,Regina Flannery,journal-article,Primitive Man,12,1,11,10.2307/3316273,https://doi.org/10.2307/3316273,,Lovejoy primitive philosophy
Crossref,1951,Some Customs Related to Arikara Indian Child Life,M. Inez Hilger,journal-article,Primitive Man,24,4,67,10.2307/3316255,https://doi.org/10.2307/3316255,,Lovejoy primitive philosophy
Crossref,1934,The Relations between Religion and Morality among the Wanguru,Thomas McVicar,journal-article,Primitive Man,7,1,1,10.2307/3316225,https://doi.org/10.2307/3316225,,Lovejoy primitive philosophy
Crossref,1951,"Some Customs of the Aetas of the Baler Area, Philippines",Damian Amazona,journal-article,Primitive Man,24,2,21,10.2307/3316360,https://doi.org/10.2307/3316360,,Lovejoy primitive philosophy
Crossref,1940,The Frameless Plank Canoe of the California Coast,Robert F. Heizer,journal-article,Primitive Man,13,3/4,80,10.2307/3316181,https://doi.org/10.2307/3316181,,Lovejoy primitive philosophy
Crossref,1938,The Religion of the Saskatchewan and Western Manitoba Cree,M. Rossignol,journal-article,Primitive Man,11,3/4,67,10.2307/3316214,https://doi.org/10.2307/3316214,,Lovejoy primitive philosophy
Crossref,1936,"<i>A Documentary History of Primitivism and Related Ideas. Volume I: Primitivism and Related Ideas in Antiquity</i>. Arthur O. Lovejoy , George Boas",George Sarton,journal-article,Isis,25,1,169-172,10.1086/347079,https://doi.org/10.1086/347079,,Lovejoy primitivism
Crossref,1936,Primitivism and Related Ideas in Antiquity,George Depue Hadzsits; Arthur O. Lovejoy; George Boas,journal-article,The Classical Weekly,30,7,73,10.2307/4339823,https://doi.org/10.2307/4339823,,Lovejoy primitivism
Crossref,1923,"The Supposed Primitivism of Rousseau's ""Discourse on Inequality""",Arthur O. Lovejoy,journal-article,Modern Philology,21,2,165-186,10.1086/387491,https://doi.org/10.1086/387491,,Lovejoy primitivism
Crossref,1937,Primitivism and Related Ideas in Antiquity.,George R. Havens; Arthur O. Lovejoy; George Boas,journal-article,Modern Language Notes,52,6,421,10.2307/2911724,https://doi.org/10.2307/2911724,,Lovejoy primitivism
Crossref,1936,"A Documentary History of Primitivism and Related Ideas. Volume I, Primitivism and Related Ideas in Antiquity",R. K. Hack; Arthur O. Lovejoy; Gilbert Chinard; George Boas; Ronald S. Crane,journal-article,The American Historical Review,41,4,728,10.2307/1842611,https://doi.org/10.2307/1842611,,Lovejoy primitivism
Crossref,1936,Primitivism and Related Ideas in Antiquity.,Robert K. Merton; Arthur O. Lovejoy; George Boas,journal-article,American Sociological Review,1,1,156,10.2307/2083882,https://doi.org/10.2307/2083882,,Lovejoy primitivism
Crossref,1936,Primitivism and Related Ideas in Antiquity.,H. T. C.; Arthur O. Lovejoy; George Boas,journal-article,The Journal of Philosophy,33,7,192,10.2307/2016444,https://doi.org/10.2307/2016444,,Lovejoy primitivism
Crossref,1936,A Documentary History of Primitivism and Related Ideas. Vol. I. Primitivism and Related Ideas in Antiquity,I. M. Linforth; Arthur O. Lovejoy; Gilbert Chinard; George Boas; Ronald S. Crane; W. F. Albright; P.-E. Dumont,journal-article,The American Journal of Philology,57,2,197,10.2307/290479,https://doi.org/10.2307/290479,,Lovejoy primitivism
Crossref,1937,A Documentary History of Primitivism and Related Ideas.,Clinton W. Keyes; Arthur O. Lovejoy; George Boas; W. F. Albright; P. E. Dumont,journal-article,The Philosophical Review,46,1,93,10.2307/2180659,https://doi.org/10.2307/2180659,,Lovejoy primitivism
Crossref,1947,2. Cultural Primitivism,,book-chapter,First Follow Nature,,,28-94,10.7312/fitz91152-002,https://doi.org/10.7312/fitz91152-002,,Lovejoy primitivism
Crossref,1936,"Primitivism and Related Ideas in Antiquity. By Arthur O. Lovejoy and George Boas. With supplementary essays by W. F. Albright and P. E. Dumont. (Baltimore: Johns Hopkins Press; London: Oxford University Press, Humphrey Milford. 1935. Pp. xv + 482. Price $5; 22s.)",J. R. de la H. Marett,journal-article,Philosophy,11,42,248-249,10.1017/s0031819100033878,https://doi.org/10.1017/s0031819100033878,,Lovejoy primitivism
Crossref,1936,"The Noble Savage - A. O. Lovejoy and G. Boas: Primitivism and Related Ideas in Antiquity. With supplementary papers by W. F. Allright and P.-E. Dumont. Pp. xiii + 482. Baltimore: Johns Hopkins Press (London: Milford), 1935. Cloth, $5 or 22s. 6d.",A. W. Gomme,journal-article,The Classical Review,50,2,77-78,10.1017/s0009840x0007623x,https://doi.org/10.1017/s0009840x0007623x,,Lovejoy primitivism
Crossref,1911,"Lovejoy, A. O. Schopenhauer as an Evolutionist",A.O. Lovejoy,journal-article,Kant-Studien,16,1-3,,10.1515/kant-1911-0177,https://doi.org/10.1515/kant-1911-0177,,Lovejoy primitivism
Crossref,1911,"Lovejoy, Α. O. Kant and Evolution",A.O. Lovejoy,journal-article,Kant-Studien,16,1-3,,10.1515/kant-1911-0176,https://doi.org/10.1515/kant-1911-0176,,Lovejoy primitivism
Crossref,1919,"Hogs, by A.J. Lovejoy, with supplementary chapters on feeding by John M. Evvard ...",A. J. Lovejoy; John M. Evvard,monograph,,,,,10.5962/bhl.title.20972,https://doi.org/10.5962/bhl.title.20972,,Lovejoy primitivism
Crossref,1947,Preface,,book-chapter,First Follow Nature,,,VII-X,10.7312/fitz91152-prf,https://doi.org/10.7312/fitz91152-prf,,Lovejoy primitivism
Crossref,1947,2. Aesthetics,,book-chapter,First Follow Nature,,,124-159,10.7312/fitz91152-004,https://doi.org/10.7312/fitz91152-004,,Lovejoy primitivism
Crossref,1947,3. Ethics,,book-chapter,First Follow Nature,,,160-196,10.7312/fitz91152-005,https://doi.org/10.7312/fitz91152-005,,Lovejoy primitivism
Crossref,1947,Notes,,book-chapter,First Follow Nature,,,214-255,10.7312/fitz91152-007,https://doi.org/10.7312/fitz91152-007,,Lovejoy primitivism
Crossref,1947,Frontmatter,,book-chapter,First Follow Nature,,,I-VI,10.7312/fitz91152-fm,https://doi.org/10.7312/fitz91152-fm,,Lovejoy primitivism
Crossref,1947,First Follow Nature,Margaret M. Fitzgerald,edited-book,,,,,10.7312/fitz91152,https://doi.org/10.7312/fitz91152,,Lovejoy primitivism
Crossref,1947,Contents,,book-chapter,First Follow Nature,,,XI-XII,10.7312/fitz91152-toc,https://doi.org/10.7312/fitz91152-toc,,Lovejoy primitivism
Crossref,1947,Index,,book-chapter,First Follow Nature,,,265-272,10.7312/fitz91152-009,https://doi.org/10.7312/fitz91152-009,,Lovejoy primitivism
Crossref,1947,"1. Chronological and, Cultural",,book-chapter,First Follow Nature,,,1-27,10.7312/fitz91152-001,https://doi.org/10.7312/fitz91152-001,,Lovejoy primitivism
Crossref,1947,Bibliography,,book-chapter,First Follow Nature,,,256-264,10.7312/fitz91152-008,https://doi.org/10.7312/fitz91152-008,,Lovejoy primitivism
Crossref,1947,Abbreviations Used in the Notes,,book-chapter,First Follow Nature,,,211-213,10.7312/fitz91152-006,https://doi.org/10.7312/fitz91152-006,,Lovejoy primitivism
Crossref,1934,Distribtism and Primitivism,Jacobin,journal-article,Blackfriars,15,169,284-287,10.1111/j.1741-2005.1934.tb04222.x,https://doi.org/10.1111/j.1741-2005.1934.tb04222.x,,Lovejoy primitivism
Crossref,1934,Distributism and Primitivism,H. Robbins,journal-article,Blackfriars,15,170,355-356,10.1111/j.1741-2005.1934.tb04234.x,https://doi.org/10.1111/j.1741-2005.1934.tb04234.x,,Lovejoy primitivism
Crossref,1962,VI. New Forms of Primitivism,,book-chapter,"Worship and Theology in England, Volume IV",,,139-172,10.1515/9781400879878-009,https://doi.org/10.1515/9781400879878-009,,Lovejoy primitivism
Crossref,1947,1. Philosophical Aspects,,book-chapter,First Follow Nature,,,97-123,10.7312/fitz91152-003,https://doi.org/10.7312/fitz91152-003,,Lovejoy primitivism
Crossref,1961,Arnold Bennett: Primitivism and Taste,David Sanders; James Hall,journal-article,Books Abroad,35,2,185,10.2307/40115728,https://doi.org/10.2307/40115728,,Lovejoy primitivism
Crossref,1968,Primitivism in Modern Art,Burton Wasserman; Robert Goldwater,journal-article,Art Education,21,2,42,10.2307/3191120,https://doi.org/10.2307/3191120,,Lovejoy primitivism
Crossref,1920,Michigan's millions of idle acres,P. S. Lovejoy; Fred E. Janette,monograph,,,,,10.5962/bhl.title.26795,https://doi.org/10.5962/bhl.title.26795,,Lovejoy primitivism
Crossref,1960,Arnold Bennett: Primitivism and Taste,Frederick J. Hoffman,journal-article,Modern Language Quarterly,21,4,377-379,10.1215/00267929-21-4-377,https://doi.org/10.1215/00267929-21-4-377,,Lovejoy primitivism
Crossref,1950,"Cultural Primitivism in William Faulkner's ""The Bear""",Kenneth LaBudde,journal-article,American Quarterly,2,4,322,10.2307/3031223,https://doi.org/10.2307/3031223,,Lovejoy primitivism
Crossref,1933,"IV. Signs of Change, 1760–1800: I, Primitivism",,book-chapter,The Transition in English Historical Writing 1760–1830,,,103-126,10.7312/pear94278-004,https://doi.org/10.7312/pear94278-004,,Lovejoy primitivism
Crossref,1909,The child in industry,Owen R. Lovejoy,dataset,PsycEXTRA Dataset,,,,10.1037/e533612009-121,https://doi.org/10.1037/e533612009-121,,Lovejoy primitivism
Crossref,1936,A Documentary History of Primitivism and Related Ideas,,journal-article,Nature,138,3483,187-187,10.1038/138187d0,https://doi.org/10.1038/138187d0,,Lovejoy primitivism
Crossref,1938,"Primitivism in Modern Painting, by Robert J. Gold-water",,journal-article,Parnassus,10,7,34-34,10.1080/15436314.1938.11666528,https://doi.org/10.1080/15436314.1938.11666528,,Lovejoy primitivism
Crossref,1927,The Primitivism of Joseph Warton,Audley L. Smith,journal-article,Modern Language Notes,42,8,501,10.2307/2914018,https://doi.org/10.2307/2914018,,Lovejoy primitivism
Crossref,1948,Primitivism and Related Ideas in Sturm Und Drang Literature,Stuart Atkins,journal-article,Modern Language Quarterly,9,3,376-377,10.1215/00267929-9-3-376,https://doi.org/10.1215/00267929-9-3-376,,Lovejoy primitivism
Crossref,1955,Primitivism in Virgil,Margaret E. Taylor,journal-article,The American Journal of Philology,76,3,261,10.2307/292089,https://doi.org/10.2307/292089,,Lovejoy primitivism
Crossref,1947,Progress and Primitivism in Lucretius,Margaret Taylor,journal-article,The American Journal of Philology,68,2,180,10.2307/290952,https://doi.org/10.2307/290952,,Lovejoy primitivism
Crossref,1961,Galdos's Concept of Primitivism: A Romantic View of the Character of Fortunata,Louise Nelson Calley,journal-article,Hispania,44,4,663,10.2307/336612,https://doi.org/10.2307/336612,,Lovejoy primitivism
Crossref,1961,Arnold Bennett: Primitivism and Taste,Miriam Allott; James Hall,journal-article,The Modern Language Review,56,2,256,10.2307/3721930,https://doi.org/10.2307/3721930,,Lovejoy primitivism
Crossref,1912,Sal vet swine book,F. D. Coburn; Robert. Evans; A. J. Lovejoy; E.C. Stone,monograph,,,,,10.5962/bhl.title.43687,https://doi.org/10.5962/bhl.title.43687,,Lovejoy primitivism
Crossref,1956,Notes on Primitivism in Vergil,E. Adelaide Hahn,journal-article,The American Journal of Philology,77,3,288,10.2307/292293,https://doi.org/10.2307/292293,,Lovejoy primitivism
Crossref,1950,Essays on Primitivism and Related Ideas in the Middle Ages,"Grover Cronin,",journal-article,Thought,25,3,572-574,10.5840/thought1950253166,https://doi.org/10.5840/thought1950253166,,Lovejoy primitivism
Crossref,1937,A Documentary History of Primitivism and Related Ideas,M. I. Finkelstein,journal-article,Zeitschrift für Sozialforschung,6,2,440-441,10.5840/zfs19376294,https://doi.org/10.5840/zfs19376294,,Lovejoy primitivism
Crossref,1965,Lovejoy: Martyr to Freedom (review),,journal-article,Civil War History,11,3,290-291,10.1353/cwh.1965.0093,https://doi.org/10.1353/cwh.1965.0093,,Lovejoy primitivism
Crossref,1958,Primitivism in Saxo Grammaticus,Kemp Malone,journal-article,Journal of the History of Ideas,19,1,94,10.2307/2707955,https://doi.org/10.2307/2707955,,Lovejoy primitivism
Crossref,1949,"First Follow Nature: Primitivism in English Poetry, 1725–1750",Richard C. Boys,journal-article,Modern Language Quarterly,10,1,116-118,10.1215/00267929-10-1-116,https://doi.org/10.1215/00267929-10-1-116,,Lovejoy primitivism
Crossref,1961,I. PRIMITIVISM,,book-chapter,"""Propalladia"" and Other Works of Bartolome de Torres Naharro, Volume 4",,,3-57,10.9783/9781512801927-002,https://doi.org/10.9783/9781512801927-002,,Lovejoy primitivism
Crossref,1951,404. To Messrs. Lovejoy. 27 February.,Anthony Trollope,book-chapter,The Letters of Anthony Trollope,,,,10.1093/oseo/instance.00193543,https://doi.org/10.1093/oseo/instance.00193543,,Lovejoy primitivism
Crossref,1965,"Herder, Primitivism and the Age of Poetry",Eugene E. Reed,journal-article,The Modern Language Review,60,4,553,10.2307/3720155,https://doi.org/10.2307/3720155,,Lovejoy primitivism
Crossref,1914,Reply to Professor Lovejoy,James H. Leuba,journal-article,Ethics,24,4,452,10.1086/206853,https://doi.org/10.1086/206853,,Lovejoy primitivism
Crossref,1940,Coleridge and Kant's Two Worlds,Arthur O. Lovejoy,journal-article,ELH,7,4,341,10.2307/2871524,https://doi.org/10.2307/2871524,,Lovejoy primitivism
Crossref,1968,Owen Lovejoy: Abolitionist in Congress (review),,journal-article,Civil War History,14,2,188-189,10.1353/cwh.1968.0014,https://doi.org/10.1353/cwh.1968.0014,,Lovejoy primitivism
Crossref,1911,The Import of Vitalism,A. O. Lovejoy,journal-article,Science,34,864,75-80,10.1126/science.34.864.75.b,https://doi.org/10.1126/science.34.864.75.b,,Lovejoy primitivism
Crossref,1907,Professor Ormond's philosophy.,Arthur O. Lovejoy,journal-article,Psychological Bulletin,4,11,339-349,10.1037/h0075121,https://doi.org/10.1037/h0075121,,Lovejoy primitivism
Crossref,1948,Primitivism and Related Ideas in Sturm und Drang Literature.,Bernhard Blume; Edith Amelie Runge,journal-article,Modern Language Notes,63,8,557,10.2307/2909817,https://doi.org/10.2307/2909817,,Lovejoy primitivism
Crossref,1933,America’s Wandering Boys,Owen R. Lovejoy,journal-article,Current History,37,5,565-570,10.1525/curh.1933.37.5.565,https://doi.org/10.1525/curh.1933.37.5.565,,Lovejoy primitivism
Crossref,1909,Das Kausalitatsproblem der Biologie,A. O. Lovejoy,journal-article,Science,30,778,761-766,10.1126/science.30.778.761-a,https://doi.org/10.1126/science.30.778.761-a,,Lovejoy primitivism
Crossref,1965,"Methods of Estimating Reserves of Crude Oil, Natural Gas, and Natural Gas Liquids",Wallce Lovejoy,edited-book,,,,,10.56021/9780801803987,https://doi.org/10.56021/9780801803987,,Lovejoy primitivism
Crossref,1962,"Aerosols, Bronchodilators and Mucolytic Agents",Frank W. Lovejoy; Paul E. Morrow,journal-article,Anesthesiology,23,4,460-472,10.1097/00000542-196207000-00006,https://doi.org/10.1097/00000542-196207000-00006,,Lovejoy primitivism
Crossref,1948,Primitivism and Related Ideas in Sturm und Drang Literature,Carl Hammer; Edith Amelie Runge,journal-article,The German Quarterly,21,2,139,10.2307/400652,https://doi.org/10.2307/400652,,Lovejoy primitivism
Crossref,1951,523. To Mr. Lovejoy. 23 July. Athenaeum Club.,Anthony Trollope,book-chapter,The Letters of Anthony Trollope,,,,10.1093/oseo/instance.00193666,https://doi.org/10.1093/oseo/instance.00193666,,Lovejoy primitivism
Crossref,1952,"A-Humanism, Primitivism, and the Art of the Future",Alan Gowans,journal-article,College Art Journal,11,4,226-239,10.1080/15436322.1952.10795613,https://doi.org/10.1080/15436322.1952.10795613,,Lovejoy primitivism
Crossref,1924,Committees,Arthur O. Lovejoy,journal-article,Bulletin of the American Association of University Professors,10,6,11,10.2307/40217333,https://doi.org/10.2307/40217333,,Lovejoy primitivism
Crossref,1911,William James as Philosopher,Arthur O. Lovejoy,journal-article,Ethics,21,2,125,10.1086/206575,https://doi.org/10.1086/206575,,Lovejoy primitivism
Crossref,1923,Rousseau's Pessimist,Arthur O. Lovejoy,journal-article,Modern Language Notes,38,8,449,10.2307/2915231,https://doi.org/10.2307/2915231,,Lovejoy primitivism
Crossref,1963,The Great Chain of Being,Arthur O. Lovejoy,edited-book,,,,,10.4159/9780674040335,https://doi.org/10.4159/9780674040335,,Lovejoy primitivism
Crossref,1906,On Kant’s Reply to Hume.,Arthur Lovejoy,journal-article,Archiv für Geschichte der Philosophie,19,3,,10.1515/agph.1906.19.3.380,https://doi.org/10.1515/agph.1906.19.3.380,,Lovejoy primitivism
Crossref,1961,Gas Rate Fundamentals,Wallace F. Lovejoy,journal-article,Southern Economic Journal,27,3,254,10.2307/1055102,https://doi.org/10.2307/1055102,,Lovejoy primitivism
Crossref,1905,Hobbes.,A. O. Lovejoy; Leslie Stephen,journal-article,The Philosophical Review,14,1,97,10.2307/2176433,https://doi.org/10.2307/2176433,,Lovejoy primitivism
Crossref,1911,The Import of Vitalism,A. O. Lovejoy,journal-article,Science,34,864,75-80,10.1126/science.34.864.75-b,https://doi.org/10.1126/science.34.864.75-b,,Lovejoy primitivism
Crossref,1962,Nuclear orientation of Tb156,C.A. Lovejoy; D.A. Shirley,journal-article,Nuclear Physics,30,,452-461,10.1016/0029-5582(62)90069-x,https://doi.org/10.1016/0029-5582(62)90069-x,,Lovejoy primitivism
Crossref,1913,The Practical Tendencies of Bergsonism. II,Arthur O. Lovejoy,journal-article,Ethics,23,4,419,10.1086/206767,https://doi.org/10.1086/206767,,Lovejoy primitivism
Crossref,1930,Ethics.,Arthur O. Lovejoy; Frank Chapman Sharp,journal-article,The Philosophical Review,39,6,613,10.2307/2179689,https://doi.org/10.2307/2179689,,Lovejoy primitivism
Crossref,1964,The Modern Family.,Albert Lovejoy; Robert F. Winch,journal-article,Social Forces,43,1,114,10.2307/2575980,https://doi.org/10.2307/2575980,,Lovejoy primitivism
Crossref,1920,Lafayette College,Arthur O. Lovejoy,journal-article,Bulletin of the American Association of University Professors,6,6,10,10.2307/40216992,https://doi.org/10.2307/40216992,,Lovejoy primitivism
Crossref,1933,Monboddo and Rousseau,Arthur O. Lovejoy,journal-article,Modern Philology,30,3,275-296,10.1086/388043,https://doi.org/10.1086/388043,,Lovejoy primitivism
Crossref,1936,Primitivism and the Idea of Progress in English Popular Literature of the Eighteenth Century,Frederick L. Ryan; Lois Whitney,journal-article,Books Abroad,10,3,356,10.2307/40075655,https://doi.org/10.2307/40075655,,Lovejoy primitivism
Crossref,1911,The Meaning of Vitalism,Arthur O. Lovejoy,journal-article,Science,33,851,610-614,10.1126/science.33.851.610,https://doi.org/10.1126/science.33.851.610,,Lovejoy primitivism
Crossref,1948,Essays on Primitivism and Related Ideas in the Middle Ages.,Norman Cohn; George Boas,journal-article,The Philosophical Review,57,6,611,10.2307/2181801,https://doi.org/10.2307/2181801,,Lovejoy primitivism
Crossref,1945,Alva Bush Lovejoy,,journal-article,The Annals of Iowa,26,3,241-242,10.17077/0003-4827.6382,https://doi.org/10.17077/0003-4827.6382,,Lovejoy primitivism
Crossref,1921,Profit-Sharing and Industrial Peace,Arthur O. Lovejoy,journal-article,Ethics,31,3,241,10.1086/207291,https://doi.org/10.1086/207291,,Lovejoy primitivism
Crossref,1914,The Association of University Professors,Arthur O. Lovejoy,journal-article,Science,40,1038,744-745,10.1126/science.40.1038.744,https://doi.org/10.1126/science.40.1038.744,,Lovejoy primitivism
Crossref,1947,Primitivism and Related Ideas in 'Sturm und Drang' Literature,August Closs; A. Runge,journal-article,The Modern Language Review,42,1,147,10.2307/3716973,https://doi.org/10.2307/3716973,,Lovejoy primitivism
Crossref,1948,"First Follow Nature: Primitivism in English Poetry, 1725-1750.",Roy Harvey Pearce; Margaret M. Fitzgerald,journal-article,Modern Language Notes,63,8,562,10.2307/2909820,https://doi.org/10.2307/2909820,,Lovejoy primitivism
Crossref,1922,Reply to Professor Babbitt,Arthur O. Lovejoy,journal-article,Modern Language Notes,37,5,268,10.2307/2915200,https://doi.org/10.2307/2915200,,Lovejoy primitivism
Crossref,1951,"Primitivism and Related Ideas in Eighteenth Century German Lyric Poetry, 1680-1740",Erich Eichholz; Erich August Gottlieb Albrecht,journal-article,Books Abroad,25,4,386,10.2307/40095808,https://doi.org/10.2307/40095808,,Lovejoy primitivism
Crossref,1913,The Practical Tendencies of Bergsonism. I,Arthur O. Lovejoy,journal-article,Ethics,23,3,253,10.1086/206744,https://doi.org/10.1086/206744,,Lovejoy primitivism
Crossref,1912,The duty of superintendents in the enforcement of child-labor laws,Owen R. Lovejoy,dataset,PsycEXTRA Dataset,,,,10.1037/e533642009-053,https://doi.org/10.1037/e533642009-053,,Lovejoy primitivism
Crossref,1924,Pastness and Transcendence,Arthur O. Lovejoy,journal-article,The Journal of Philosophy,21,22,601,10.2307/2014483,https://doi.org/10.2307/2014483,,Lovejoy primitivism
Crossref,1920,Rousseau and Romanticism.,Arthur O. Lovejoy; Irving Babbitt,journal-article,Modern Language Notes,35,5,302,10.2307/2914839,https://doi.org/10.2307/2914839,,Lovejoy primitivism
Crossref,1927,"The Meanings of ""Emergence"" and its Modes",Arthur O. Lovejoy,book-chapter,Proceedings of the Sixth International Congress of Philosophy,,,20-33,10.5840/wcp6192720,https://doi.org/10.5840/wcp6192720,,Lovejoy primitivism
Crossref,1917,Progress in Philosophical Inquiry,Arthur O. Lovejoy,journal-article,The Philosophical Review,26,5,537,10.2307/2178048,https://doi.org/10.2307/2178048,,Lovejoy primitivism
Crossref,1927,""" Nature "" as Aesthetic Norm",Arthur O. Lovejoy,journal-article,Modern Language Notes,42,7,444,10.2307/2913933,https://doi.org/10.2307/2913933,,Lovejoy primitivism
Crossref,1917,Forest Biology,P. S. Lovejoy,journal-article,Journal of Forestry,15,2,203-214,10.1093/jof/15.2.203,https://doi.org/10.1093/jof/15.2.203,,Lovejoy primitivism
Crossref,1917,Forest Biology,P. S. Lovejoy,journal-article,Journal of Forestry,15,2,203-214,10.1093/jof/15.2.203,https://doi.org/10.1093/jof/15.2.203,,Lovejoy primitivism
Crossref,1921,'Pride' in Eighteenth-Century Thought,Arthur O. Lovejoy,journal-article,Modern Language Notes,36,1,31,10.2307/2914820,https://doi.org/10.2307/2914820,,Lovejoy primitivism
Crossref,1909,The Obsolescence of the Eternal,Arthur O. Lovejoy,journal-article,The Philosophical Review,18,5,479,10.2307/2177450,https://doi.org/10.2307/2177450,,Lovejoy primitivism
Crossref,1928,Accounting Procedure for School Systems (Book).,Philip Lovejoy,journal-article,The Accounting Review,3,2,219-220,10.2308/tar-8591785,https://doi.org/10.2308/tar-8591785,,Lovejoy primitivism
Crossref,1923,IV.—‘REPRESENTATIVE IDEAS’ IN MALEBRANCHE AND ARNAULD,A. O. LOVEJOY,journal-article,Mind,XXXII,128,449-461,10.1093/mind/xxxii.128.449,https://doi.org/10.1093/mind/xxxii.128.449,,Lovejoy primitivism
Crossref,1937,Milton and the Paradox of the Fortunate Fall,Arthur O. Lovejoy,journal-article,ELH,4,3,161,10.2307/2871531,https://doi.org/10.2307/2871531,,Lovejoy primitivism
Crossref,1913,The Metamorphosis of the Carnegie Foundation,Arthur O. Lovejoy,journal-article,Science,37,954,546-552,10.1126/science.37.954.546,https://doi.org/10.1126/science.37.954.546,,Lovejoy primitivism
Crossref,1937,Primitivism and Decadence. A Study of American Experimental Poetry,Elizabeth Drew; Yvor Winters,journal-article,The Modern Language Review,32,4,627,10.2307/3715283,https://doi.org/10.2307/3715283,,Lovejoy primitivism
Crossref,1961,"Owen R. Lovejoy, 1866-1961",,journal-article,Social Service Review,35,4,439-439,10.1086/641149,https://doi.org/10.1086/641149,,Lovejoy primitivism
Crossref,1946,Ellsworth Lovejoy Redfern,,journal-article,The Annals of Iowa,27,3,254-255,10.17077/0003-4827.6461,https://doi.org/10.17077/0003-4827.6461,,Lovejoy primitivism
Crossref,1942,John Lovejoy Elliott: 1868-1942,,journal-article,Social Service Review,16,2,341-341,10.1086/634006,https://doi.org/10.1086/634006,,Lovejoy primitivism
Crossref,1965,SURPRISED BY LOVEJOY,MARK ROBERTS,journal-article,Essays in Criticism,XV,1,118-130,10.1093/eic/xv.1.118,https://doi.org/10.1093/eic/xv.1.118,,Lovejoy primitivism
Crossref,1933,Morris's Six Theories of Mind,Arthur O. Lovejoy,journal-article,The Philosophical Review,42,6,617,10.2307/2180010,https://doi.org/10.2307/2180010,,Lovejoy primitivism
Crossref,1950,Essays on Primitivism and Related Ideas in the Middle Ages.,W. H. Hay; George Boas,journal-article,Philosophy and Phenomenological Research,11,1,124,10.2307/2103722,https://doi.org/10.2307/2103722,,Lovejoy primitivism
Crossref,1933,CERTAIN SAMARITANS,ESTHER POHL LOVEJOY,journal-article,"AJN, American Journal of Nursing",33,10,1016,10.1097/00000446-193310000-00050,https://doi.org/10.1097/00000446-193310000-00050,,Lovejoy primitivism
Crossref,1966,Analysis of the overlearning reversal effect.,Elijah Lovejoy,journal-article,Psychological Review,73,1,87-103,10.1037/h0022687,https://doi.org/10.1037/h0022687,,Lovejoy primitivism
Crossref,1936,Primitivism and Related Ideas in Antiquity,John M. Cooper,journal-article,New Scholasticism,10,3,280-281,10.5840/newscholas193610346,https://doi.org/10.5840/newscholas193610346,,Lovejoy primitivism
Crossref,1889,Is Man Left-Legged?,Fred'k A. Lovejoy; Francis H. Allen,journal-article,Science,ns-14,358,412-412,10.1126/science.ns-14.358.412-b,https://doi.org/10.1126/science.ns-14.358.412-b,,Lovejoy primitivism
Crossref,1932,The Parallel of Deism and Classicism,Arthur O. Lovejoy,journal-article,Modern Philology,29,3,281-299,10.1086/387970,https://doi.org/10.1086/387970,,Lovejoy primitivism
Crossref,1906,IV.—KANT'S ANTITHESIS OF DOGMATISM AND CRITICISM,ARTHUR O. LOVEJOY,journal-article,Mind,XV,58,191-214,10.1093/mind/xv.58.191,https://doi.org/10.1093/mind/xv.58.191,,Lovejoy primitivism
Crossref,1963,Thomson's<i>seasons</i>and Virgil's<i>georgics:</i>The problem of primitivism and progress,John Chaucer,journal-article,Studia Neophilologica,35,1,41-56,10.1080/00393276308587276,https://doi.org/10.1080/00393276308587276,,Lovejoy primitivism
Crossref,1931,Book Review:The Revolt Against Dualism. Arthur O. Lovejoy,Arthur E. Murphy,journal-article,Ethics,41,2,265,10.1086/207879,https://doi.org/10.1086/207879,,Lovejoy primitivism
Crossref,1962,"Temperature scales above 1,000°C",D. R. Lovejoy,journal-article,Pure and Applied Chemistry,5,3-4,565-578,10.1351/pac196205030565,https://doi.org/10.1351/pac196205030565,,Lovejoy primitivism
Crossref,1949,Essays on Primitivism and Related Ideas in the Middle Ages,J. L. B.; George Boas,journal-article,The Journal of Philosophy,46,22,720,10.2307/2020246,https://doi.org/10.2307/2020246,,Lovejoy primitivism
Crossref,1950,Terminal and Adjectival Values,Arthur O. Lovejoy,journal-article,The Journal of Philosophy,47,21,593,10.2307/2021804,https://doi.org/10.2307/2021804,,Lovejoy primitivism
Crossref,1951,326. To Mr. Lovejoy. 27 February. Waltham Cross.,Anthony Trollope,book-chapter,The Letters of Anthony Trollope,,,196-196,10.1093/oseo/instance.00193463,https://doi.org/10.1093/oseo/instance.00193463,,Lovejoy primitivism
Crossref,1925,Reconstruction of Filters at Louisville,W. H. Lovejoy,journal-article,Journal AWWA,14,4,352-356,10.1002/j.1551-8833.1925.tb13336.x,https://doi.org/10.1002/j.1551-8833.1925.tb13336.x,,Lovejoy primitivism
Crossref,1911,Schopenhauer as an Evolutionist,Arthur O. Lovejoy,journal-article,Monist,21,2,195-222,10.5840/monist191121240,https://doi.org/10.5840/monist191121240,,Lovejoy primitivism
Crossref,1922,Child Labor in the United States,Owen R. Lovejoy,journal-article,Current History,16,4,617-620,10.1525/curh.1922.16.4.617,https://doi.org/10.1525/curh.1922.16.4.617,,Lovejoy primitivism
Crossref,1922,The Paradox of the Thinking Behaviorist,Arthur O. Lovejoy,journal-article,The Philosophical Review,31,2,135,10.2307/2178913,https://doi.org/10.2307/2178913,,Lovejoy primitivism
Crossref,1936,Primitivism and the Idea of Progress,Daniel C. O’Grady,journal-article,New Scholasticism,10,4,405-408,10.5840/newscholas193610475,https://doi.org/10.5840/newscholas193610475,,Lovejoy primitivism
Crossref,1955,American Painting in Early Nineteenth-Century Gift Books,David S. Lovejoy,journal-article,American Quarterly,7,4,345,10.2307/2710429,https://doi.org/10.2307/2710429,,Lovejoy primitivism
Crossref,1938,<i>The Great Chain of Being</i>. Arthur O. Lovejoy,,journal-article,Isis,28,2,537-540,10.1086/347375,https://doi.org/10.1086/347375,,Lovejoy primitivism
Crossref,1922,Pragmatism and the New Materialism,Arthur O. Lovejoy,journal-article,The Journal of Philosophy,19,1,5,10.2307/2939682,https://doi.org/10.2307/2939682,,Lovejoy primitivism
Crossref,1925,James Harrington's Oceana.,Arthur O. Lovejoy; S. B. Liljegren,journal-article,Modern Language Notes,40,4,245,10.2307/2914292,https://doi.org/10.2307/2914292,,Lovejoy primitivism
Crossref,1927,The Meanings of ‘emergence’ and Its Modes,Arthur O. Lovejoy,journal-article,Philosophy,2,6,167-181,10.1017/s0031819100015199,https://doi.org/10.1017/s0031819100015199,,Lovejoy primitivism
Crossref,1947,A Rejoinder to Professor Lovejoy,Henry Veatch,journal-article,Philosophy and Phenomenological Research,7,4,622,10.2307/2102987,https://doi.org/10.2307/2102987,,Lovejoy primitivism
Crossref,1948,Comment on Mr. Pegis's Rejoinder,Arthur O. Lovejoy,journal-article,Philosophy and Phenomenological Research,9,2,284,10.2307/2103394,https://doi.org/10.2307/2103394,,Lovejoy primitivism
Crossref,1937,Correction: [Milton and the Paradox of the Fortunate Fall],Arthur O. Lovejoy,journal-article,ELH,4,4,330,10.2307/2871637,https://doi.org/10.2307/2871637,,Lovejoy primitivism
Crossref,1945,ROY ARNOLD LOVEJOY,,journal-article,Medical Journal of Australia,1,6,164-164,10.5694/j.1326-5377.1945.tb54540.x,https://doi.org/10.5694/j.1326-5377.1945.tb54540.x,,Lovejoy primitivism
Crossref,1913,Error and the New Realism,A. O. Lovejoy,journal-article,The Philosophical Review,22,4,410,10.2307/2178389,https://doi.org/10.2307/2178389,,Lovejoy primitivism
Crossref,1911,Easter Carol,George Newell Lovejoy,journal-article,Journal of Education,73,15,399-399,10.1177/002205741107301503,https://doi.org/10.1177/002205741107301503,,Lovejoy primitivism
Crossref,1938,Professional Association or Trade Union?,Arthur O. Lovejoy,journal-article,Bulletin of the American Association of University Professors,24,5,409,10.2307/40219424,https://doi.org/10.2307/40219424,,Lovejoy primitivism
Crossref,1907,Breaker Boys in Pennsylvania,Owen R. Lovejoy,journal-article,Journal of Education,66,15,410-411,10.1177/002205740706601521,https://doi.org/10.1177/002205740706601521,,Lovejoy primitivism
Crossref,1920,Schiller and the Genesis of Romanticism,Arthur O. Lovejoy,journal-article,Modern Language Notes,35,1,1,10.2307/2915339,https://doi.org/10.2307/2915339,,Lovejoy primitivism
Crossref,1932,"The Travels of Peter, Paul, and Zebedee",Arthur O. Lovejoy,journal-article,The Philosophical Review,41,5,498,10.2307/2180063,https://doi.org/10.2307/2180063,,Lovejoy primitivism
Crossref,1923,Child Labor and Education,Owen R. Lovejoy,journal-article,Journal of Education,97,24,656-659,10.1177/002205742309702404,https://doi.org/10.1177/002205742309702404,,Lovejoy primitivism
Crossref,1968,Anhydrous iron(III) nitrate,D. J. Lovejoy; A. J. Vosper,journal-article,Chemical Communications (London),,20,1208a,10.1039/c1968001208a,https://doi.org/10.1039/c1968001208a,,Lovejoy primitivism
Crossref,1919,An Uncommon Ice Formation,Frederick A. Lovejoy; Francis H. Allen,journal-article,Science,49,1257,119-120,10.1126/science.49.1257.119-b,https://doi.org/10.1126/science.49.1257.119-b,,Lovejoy primitivism
Crossref,1919,An Uncommon Ice Formation,Frederick A. Lovejoy; Francis H. Allen,journal-article,Science,49,1257,119-120,10.1126/science.49.1257.119.b,https://doi.org/10.1126/science.49.1257.119.b,,Lovejoy primitivism
Crossref,1966,The Debate on Primitivism in Ancient Rhetoric,E. H. Gombrich,journal-article,Journal of the Warburg and Courtauld Institutes,29,1,24-38,10.2307/750707,https://doi.org/10.2307/750707,,Lovejoy primitivism
Crossref,1889,Is Man Left-Legged?,Fred'k A. Lovejoy; Francis H. Allen,journal-article,Science,ns-14,358,412-412,10.1126/science.ns-14.358.412.b,https://doi.org/10.1126/science.ns-14.358.412.b,,Lovejoy primitivism
Crossref,1961,Sensitive Diaphragm Type Pressure Transducer,D. R. Lovejoy,journal-article,Review of Scientific Instruments,32,1,41-43,10.1063/1.1717141,https://doi.org/10.1063/1.1717141,,Lovejoy primitivism
Crossref,1910,The Retrospective Anticipations of the Carnegie Foundation,Arthur O. Lovejoy,journal-article,Science,31,794,414-415,10.1126/science.31.794.414,https://doi.org/10.1126/science.31.794.414,,Lovejoy primitivism
Crossref,1967,Premarital Sex in a Changing Society.,Albert E. Lovejoy; Robert R. Bell,journal-article,Social Forces,46,1,143,10.2307/2575372,https://doi.org/10.2307/2575372,,Lovejoy primitivism
Crossref,1931,The Paradox of the Time-Retarding Journey,Arthur O. Lovejoy,journal-article,The Philosophical Review,40,2,152,10.2307/2180201,https://doi.org/10.2307/2180201,,Lovejoy primitivism
Crossref,1932,Dualisms Good and Bad (II),Arthur O. Lovejoy,journal-article,The Journal of Philosophy,29,14,375,10.2307/2016371,https://doi.org/10.2307/2016371,,Lovejoy primitivism
Crossref,1914,Forty years' experience of a practical hog man; a practical book for the pure bred swine breeder and farmer,Andrew James Lovejoy,monograph,,,,,10.5962/bhl.title.42519,https://doi.org/10.5962/bhl.title.42519,,Lovejoy primitivism
Crossref,1907,Kant's Classification of the Forms of Judgment,Arthur O. Lovejoy,journal-article,The Philosophical Review,16,6,588,10.2307/2177294,https://doi.org/10.2307/2177294,,Lovejoy primitivism
Crossref,1915,Organization of the American Association of University Professors,A. O. Lovejoy,journal-article,Science,41,1048,151-154,10.1126/science.41.1048.151,https://doi.org/10.1126/science.41.1048.151,,Lovejoy primitivism
Crossref,1963,Some Boiling and Triple Points Below 0° C,D. R. LOVEJOY,journal-article,Nature,197,4865,353-354,10.1038/197353a0,https://doi.org/10.1038/197353a0,,Lovejoy primitivism
Crossref,1949,"<i>First Follow Nature: Primitivism in English Poetry, 1725-1750</i> by Margaret M. Fitzgerald",Samuel Kliger,journal-article,South Atlantic Quarterly,48,2,323-323,10.1215/00382876-48-2-323,https://doi.org/10.1215/00382876-48-2-323,,Lovejoy primitivism
Crossref,1925,MYCETOMA,EDWARD D. LOVEJOY,journal-article,Archives of Dermatology and Syphilology,11,1,71,10.1001/archderm.1925.02370010084004,https://doi.org/10.1001/archderm.1925.02370010084004,,Lovejoy primitivism
Crossref,1963,Reflections on Human Nature.,I. G. Wallace; Arthur O. Lovejoy,journal-article,The Philosophical Quarterly,13,53,369,10.2307/2955534,https://doi.org/10.2307/2955534,,Lovejoy primitivism
Crossref,1963,Reflections on Human Nature.,W. T. Stace; Arthur O. Lovejoy,journal-article,The Philosophical Review,72,1,111,10.2307/2183069,https://doi.org/10.2307/2183069,,Lovejoy primitivism
Crossref,1952,Report on Quality Factors in Processed Vege-Table Products,Rodney D Lovejoy,journal-article,Journal of AOAC INTERNATIONAL,35,2,179-181,10.1093/jaoac/35.2.179a,https://doi.org/10.1093/jaoac/35.2.179a,,Lovejoy primitivism
Crossref,1931,<i>The Revolt against Dualism</i>. Arthur O. Lovejoy,H. T. Davis,journal-article,Isis,15,1,190-193,10.1086/346554,https://doi.org/10.1086/346554,,Lovejoy primitivism
Crossref,1942,On The Criteria and Limits of Meaning,Arthur O. Lovejoy,book-chapter,Philosophical Essays,,,3-23,10.9783/9781512815245-002,https://doi.org/10.9783/9781512815245-002,,Lovejoy primitivism
Crossref,1928,<i>Certain Samaritans</i>. Esther Pohl Lovejoy,,journal-article,Social Service Review,2,3,528-528,10.1086/630431,https://doi.org/10.1086/630431,,Lovejoy primitivism
Crossref,1931,The Time-Retarding Journey: A Reply,Arthur O. Lovejoy,journal-article,The Philosophical Review,40,6,549,10.2307/2180043,https://doi.org/10.2307/2180043,,Lovejoy primitivism
Crossref,1923,Amend the Constitution,Owes R. Lovejoy,journal-article,Journal of Education,97,9,237-237,10.1177/002205742309700906,https://doi.org/10.1177/002205742309700906,,Lovejoy primitivism
Crossref,1935,Primitivism and the Idea of Progress in English Popular Literature of the Eighteenth Century,F. E. Budd; Lois Whitney,journal-article,The Modern Language Review,30,4,526,10.2307/3716270,https://doi.org/10.2307/3716270,,Lovejoy primitivism
Crossref,1932,Dualisms Good and Bad (I),Arthur O. Lovejoy,journal-article,The Journal of Philosophy,29,13,337,10.2307/2016777,https://doi.org/10.2307/2016777,,Lovejoy primitivism
Crossref,1914,The Concept of Consciousness.,Arthur O. Lovejoy; Edwin B. Holt,journal-article,The Philosophical Review,23,6,664,10.2307/2178138,https://doi.org/10.2307/2178138,,Lovejoy primitivism
Crossref,1942,Evidence: Admissibility of Hospital Records as Business Entries,Robert C. Lovejoy,journal-article,Michigan Law Review,40,7,1105,10.2307/1282871,https://doi.org/10.2307/1282871,,Lovejoy primitivism
Crossref,1914,Bergson and Romantic Evolutionism.,Nann Clark Barr; A. O. Lovejoy,journal-article,The Philosophical Review,23,5,576,10.2307/2178597,https://doi.org/10.2307/2178597,,Lovejoy primitivism
Crossref,1942,Youth Work Programs: Problems and Policies.,Gordon W. Lovejoy; Lewis L. Lorwin,journal-article,Social Forces,20,3,416,10.2307/3005654,https://doi.org/10.2307/3005654,,Lovejoy primitivism
Crossref,1932,Communications: Genesis of the Association,Arthur O. Lovejoy,journal-article,Bulletin of the American Association of University Professors,18,4,305,10.2307/40218899,https://doi.org/10.2307/40218899,,Lovejoy primitivism
Crossref,1962,Pulmonary Function in Diaphragmatic Paralysis,M. McCredie; F. W. Lovejoy; N. L. Kaltreider,journal-article,Thorax,17,3,213-217,10.1136/thx.17.3.213,https://doi.org/10.1136/thx.17.3.213,,Lovejoy primitivism
Crossref,1934,Primitivism and the Idea of Progress in English Popular Literature of the Eighteenth Centrury.,H. A. L.; Lois Whitney,journal-article,The Journal of Philosophy,31,21,579,10.2307/2015392,https://doi.org/10.2307/2015392,,Lovejoy primitivism
Crossref,1924,Effect of Back Pressure on Wells in Brock Field,J.M. Lovejoy,journal-article,Transactions of the AIME,70,01,1153-1158,10.2118/924153-g,https://doi.org/10.2118/924153-g,,Lovejoy primitivism
Crossref,1919,Annual Message of the President,Arthur O. Lovejoy,journal-article,Bulletin of the American Association of University Professors,5,7/8,10,10.2307/40216934,https://doi.org/10.2307/40216934,,Lovejoy primitivism
Crossref,1949,Essays in the History of Ideas.,Arnold Isenberg; Arthur O. Lovejoy,journal-article,The Philosophical Review,58,4,372,10.2307/2182084,https://doi.org/10.2307/2182084,,Lovejoy primitivism
Crossref,1933,Dualism and the Paradox of Reference,Arthur O. Lovejoy,journal-article,The Journal of Philosophy,30,22,589,10.2307/2016901,https://doi.org/10.2307/2016901,,Lovejoy primitivism
Crossref,1909,Professor Lovejoy on “Der vorchristliche Jesus”,W. B. Smith,journal-article,Monist,19,3,409-420,10.5840/monist190919311,https://doi.org/10.5840/monist190919311,,Lovejoy primitivism
Crossref,1920,"Schiller and the Genesis of Romanticism, Part II",Arthur O. Lovejoy,journal-article,Modern Language Notes,35,3,136,10.2307/2915501,https://doi.org/10.2307/2915501,,Lovejoy primitivism
Crossref,1912,The Meaning of Driesch and the Meaning of Vitalism,Arthur O. Lovejoy,journal-article,Science,36,933,672-675,10.1126/science.36.933.672,https://doi.org/10.1126/science.36.933.672,,Lovejoy primitivism
Crossref,1931,The Paradox of the Time-Retarding Journey (I.),Arthur O. Lovejoy,journal-article,The Philosophical Review,40,1,48,10.2307/2180278,https://doi.org/10.2307/2180278,,Lovejoy primitivism
Crossref,1926,The Worst-First Theory,P. S. Lovejoy,journal-article,Journal of Forestry,24,4,351-357,10.1093/jof/24.4.351,https://doi.org/10.1093/jof/24.4.351,,Lovejoy primitivism
Crossref,1910,Review of The Idea of the Soul.,Arthur O. Lovejoy,journal-article,Psychological Bulletin,7,10,354-358,10.1037/h0066407,https://doi.org/10.1037/h0066407,,Lovejoy primitivism
Crossref,1939,Present Standpoints and Past History,Arthur O. Lovejoy,journal-article,The Journal of Philosophy,36,18,477,10.2307/2017901,https://doi.org/10.2307/2017901,,Lovejoy primitivism
Crossref,1949,<i>Essays on Primitivism and Related Ideas in the Middle Ages</i>. George Boas,"Lynn White,",journal-article,The Journal of Religion,29,2,167-167,10.1086/483861,https://doi.org/10.1086/483861,,Lovejoy primitivism
Crossref,1963,Reflections on Human Nature,R. L. Brett; Arthur O. Lovejoy,journal-article,The Modern Language Review,58,2,243,10.2307/3721266,https://doi.org/10.2307/3721266,,Lovejoy primitivism
Crossref,1917,On Some Conditions of Progress in Philosophical Inquiry,Arthur O. Lovejoy,journal-article,The Philosophical Review,26,2,123,10.2307/2178425,https://doi.org/10.2307/2178425,,Lovejoy primitivism
Crossref,1954,"Lovewell's Fight and Hawthorne's ""Roger Malvin's Burial""",David S. Lovejoy,journal-article,The New England Quarterly,27,4,527,10.2307/362120,https://doi.org/10.2307/362120,,Lovejoy primitivism
Crossref,1947,Analogy and Contradiction: A Surrejoinder,Arthur O. Lovejoy,journal-article,Philosophy and Phenomenological Research,7,4,626,10.2307/2102988,https://doi.org/10.2307/2102988,,Lovejoy primitivism
Crossref,1941,Equity: Specific Performance of Contract to Lend Money,Robert C. Lovejoy,journal-article,Michigan Law Review,40,2,303,10.2307/1282729,https://doi.org/10.2307/1282729,,Lovejoy primitivism
Crossref,1968,Owen Lovejoy: Abolitionist in Congress,Larry Gara; Edward Magdol,journal-article,The American Historical Review,73,3,921,10.2307/1870843,https://doi.org/10.2307/1870843,,Lovejoy primitivism
Crossref,1937,Freedom of Speech,A. J. Carlson; A. O. Lovejoy,journal-article,Bulletin of the American Association of University Professors,23,1,26,10.2307/40219811,https://doi.org/10.2307/40219811,,Lovejoy primitivism
Crossref,1930,The Dialectical Argument against Absolute Simultaneity. II,Arthur O. Lovejoy,journal-article,The Journal of Philosophy,27,24,645,10.2307/2016326,https://doi.org/10.2307/2016326,,Lovejoy primitivism
Crossref,1950,Essays in the History of Ideas.,A. O. Aldridge; Arthur O. Lovejoy,journal-article,Modern Language Notes,65,8,545,10.2307/2909304,https://doi.org/10.2307/2909304,,Lovejoy primitivism
Crossref,1914,Reply to Professor Lovejoy,James H. Leuba,journal-article,The International Journal of Ethics,24,4,452-452,10.1086/intejethi.24.4.2376779,https://doi.org/10.1086/intejethi.24.4.2376779,,Lovejoy primitivism
Crossref,1968,"Labor Productivity in Italian Agriculture, 1951–1973",Robert M. Lovejoy,journal-article,ILR Review,21,4,570-580,10.1177/001979396802100406,https://doi.org/10.1177/001979396802100406,,Lovejoy primitivism
Crossref,1906,The Fundamental Concept of Primitive Philosophy,Arthur O. Lovejoy,journal-article,Monist,16,3,357-382,10.5840/monist190616324,https://doi.org/10.5840/monist190616324,,Lovejoy primitivism
Crossref,1938,The Relativity Paradoxes: A Footnote to the Lovejoy-McGilvary Controversy,Nathaniel H. Stevens,journal-article,The Philosophical Review,47,6,624,10.2307/2180705,https://doi.org/10.2307/2180705,,Lovejoy primitivism
Crossref,1962,Anomalous Quadrupole Coupling in Europium Ethylsulfate,B. R. Judd; C. A. Lovejoy; D. A. Shirley,journal-article,Physical Review,128,4,1733-1740,10.1103/physrev.128.1733,https://doi.org/10.1103/physrev.128.1733,,Lovejoy primitivism
Crossref,1949,<i>Essays in the History of Ideas</i>. Arthur O. Lovejoy,Harry Levin,journal-article,Isis,40,1,85-87,10.1086/349023,https://doi.org/10.1086/349023,,Lovejoy primitivism
Crossref,1911,William James as Philosopher,Arthur O. Lovejoy,journal-article,The International Journal of Ethics,21,2,125-153,10.1086/intejethi.21.2.2377028,https://doi.org/10.1086/intejethi.21.2.2377028,,Lovejoy primitivism
Crossref,1969,Letter to the Editor,Frederick H. Lovejoy; J. Roger Hollister; Thomas K. McInerny,journal-article,Pediatrics,43,6,1050-1050,10.1542/peds.43.6.1050,https://doi.org/10.1542/peds.43.6.1050,,Lovejoy primitivism
Crossref,1967,"Samuel Hopkins: Religion, Slavery, and the Revolution",David S. Lovejoy,journal-article,The New England Quarterly,40,2,227,10.2307/363769,https://doi.org/10.2307/363769,,Lovejoy primitivism
Crossref,1916,On the Meaning of 'Romantic' in Early German Romanticism,A. O. Lovejoy,journal-article,Modern Language Notes,31,7,385,10.2307/2915437,https://doi.org/10.2307/2915437,,Lovejoy primitivism
Crossref,1963,<i>Reflections on Human Nature</i> by Arthur O. Lovejoy,James Doolittle,journal-article,South Atlantic Quarterly,62,1,148-149,10.1215/00382876-62-1-148,https://doi.org/10.1215/00382876-62-1-148,,Lovejoy primitivism
Crossref,1908,Pragmatism and Theology,Arthur O. Lovejoy,journal-article,The American Journal of Theology,12,1,116-143,10.1086/478735,https://doi.org/10.1086/478735,,Lovejoy primitivism
Crossref,1912,The Problem of Time in Recent French Philosophy,Arthur O. Lovejoy,journal-article,The Philosophical Review,21,5,527,10.2307/2177176,https://doi.org/10.2307/2177176,,Lovejoy primitivism
Crossref,1912,The Problem of Time in Recent French Philosophy. I.,Arthur O. Lovejoy,journal-article,The Philosophical Review,21,1,11,10.2307/2177595,https://doi.org/10.2307/2177595,,Lovejoy primitivism
Crossref,1923,A Three Year Cycle for Social Work Conferences,O. R. Lovejoy,journal-article,Social Forces,1,2,129-130,10.2307/3004909,https://doi.org/10.2307/3004909,,Lovejoy primitivism
Crossref,1963,"The Reason, the Understanding and Time",Paul Roubiczek; Arthur O. Lovejoy,journal-article,The Modern Language Review,58,2,292,10.2307/3721310,https://doi.org/10.2307/3721310,,Lovejoy primitivism
Crossref,1967,Infrared Spectrum of Germylacetylene,R. W. Lovejoy; D. R. Baker,journal-article,The Journal of Chemical Physics,46,2,658-665,10.1063/1.1840722,https://doi.org/10.1063/1.1840722,,Lovejoy primitivism
Crossref,1912,The Problem of Time in Recent French Philosophy. II.,Arthur O. Lovejoy,journal-article,The Philosophical Review,21,3,322,10.2307/2177714,https://doi.org/10.2307/2177714,,Lovejoy primitivism
Crossref,1948,My Friend Lovejoy,William Pepperell Montague,journal-article,Journal of the History of Ideas,9,4,424,10.2307/2707215,https://doi.org/10.2307/2707215,,Lovejoy primitivism
Crossref,1930,The Dialectical Argument Against Absolute Simultaneity. I,Arthur O. Lovejoy,journal-article,The Journal of Philosophy,27,23,617,10.2307/2016868,https://doi.org/10.2307/2016868,,Lovejoy primitivism
Crossref,1932,The First Gothic Revival and the Return to Nature,Arthur O. Lovejoy,journal-article,Modern Language Notes,47,7,419,10.2307/2913411,https://doi.org/10.2307/2913411,,Lovejoy primitivism
Crossref,1904,The Philosophy of Hobbes.,Arthur O. Lovejoy; Frederick J. E. Woodbridge,journal-article,The Philosophical Review,13,3,385,10.2307/2176296,https://doi.org/10.2307/2176296,,Lovejoy primitivism
Crossref,1962,Cyclical Sensitivity of Public Utilities: 1947-59,Wallace F. Lovejoy; David A. Bowers,journal-article,Land Economics,38,4,327,10.2307/3144491,https://doi.org/10.2307/3144491,,Lovejoy primitivism
Crossref,1909,The Meaning of Φυσις in the Greek Physiologers,Arthur O. Lovejoy,journal-article,The Philosophical Review,18,4,369,10.2307/2177774,https://doi.org/10.2307/2177774,,Lovejoy primitivism
Crossref,1938,The Great Chain of Being.,John Herman Randall; Arthur O. Lovejoy,journal-article,The Philosophical Review,47,2,214,10.2307/2180858,https://doi.org/10.2307/2180858,,Lovejoy primitivism
Crossref,1930,The Revolt against Dualism <i>By Arthur O. Lovejoy</i>,,journal-article,Parnassus,2,7,40-40,10.1080/15436314.1930.11666362,https://doi.org/10.1080/15436314.1930.11666362,,Lovejoy primitivism
Crossref,1923,State Land Policy in Michigan,P. S. Lovejoy,journal-article,Journal of Forestry,21,1,1-9,10.1093/jof/21.1.1,https://doi.org/10.1093/jof/21.1.1,,Lovejoy primitivism
Crossref,1965,An attention theory of discrimination learning,Elijah Lovejoy,journal-article,Journal of Mathematical Psychology,2,2,342-362,10.1016/0022-2496(65)90009-x,https://doi.org/10.1016/0022-2496(65)90009-x,,Lovejoy primitivism
Crossref,1929,Anti-Evolution Laws and the Principle of Religious Neutrality,Arthur O. Lovejoy,journal-article,Bulletin of the American Association of University Professors,15,4,307,10.2307/40218129,https://doi.org/10.2307/40218129,,Lovejoy primitivism
Crossref,1910,Some New Saprophytic Fungi of the Middle Rocky Mountain Region,Ruth Harrison Lovejoy,journal-article,Botanical Gazette,50,5,383-385,10.1086/330381,https://doi.org/10.1086/330381,,Lovejoy primitivism
Crossref,1927,Man and the State,Arthur O. Lovejoy; William Ernest Hocking,journal-article,The Yale Law Journal,36,5,723,10.2307/789801,https://doi.org/10.2307/789801,,Lovejoy primitivism
Crossref,1955,"Rhode Island, a Brief History",David S. Lovejoy; Earl C. Tanner,journal-article,The New England Quarterly,28,2,275,10.2307/362790,https://doi.org/10.2307/362790,,Lovejoy primitivism
Crossref,1937,The Freedom of the Teacher,Arthur O. Lovejoy; Howard K. Beale,journal-article,Bulletin of the American Association of University Professors,23,5,401,10.2307/40219896,https://doi.org/10.2307/40219896,,Lovejoy primitivism
Crossref,1924,Miscellany,C. A. Lovejoy,journal-article,The Boston Medical and Surgical Journal,190,26,1148-1148,10.1056/nejm192406261902621,https://doi.org/10.1056/nejm192406261902621,,Lovejoy primitivism
Crossref,1967,Acute Phenothiazine Toxicity in Childhood: A Five-Year Survey,J. M. GUPTA; F. H. LOVEJOY,journal-article,Pediatrics,39,5,771-774,10.1542/peds.39.5.771,https://doi.org/10.1542/peds.39.5.771,,Lovejoy primitivism
Crossref,1921,Profit-Sharing and Industrial Peace,Arthur O. Lovejoy,journal-article,The International Journal of Ethics,31,3,241-263,10.1086/intejethi.31.3.2377579,https://doi.org/10.1086/intejethi.31.3.2377579,,Lovejoy primitivism
Crossref,1905,Abhandlungen der Fries'schen Schule.,Arthur O. Lovejoy; G. Hessenberg; K. Kaiser; Leonard Nelson,journal-article,The Philosophical Review,14,5,617,10.2307/2177498,https://doi.org/10.2307/2177498,,Lovejoy primitivism
Crossref,1906,Abhandlungen der Fries'schen Schule.,Arthur O. Lovejoy; Gerhard Hessenberg; Karl Kaiser; Leonard Nelson,journal-article,The Philosophical Review,15,2,216,10.2307/2177744,https://doi.org/10.2307/2177744,,Lovejoy primitivism
Crossref,1967,Owen Lovejoy: Abolitionist in Congress,Louis Filler; Edward Magdol,journal-article,The Journal of American History,54,3,665,10.2307/2937459,https://doi.org/10.2307/2937459,,Lovejoy primitivism
Crossref,1968,"Legend Unending, Beginnings Unknown: P. S. Lovejoy on “Paul Bunyon”",,journal-article,Forest History Newsletter,11,4,37-38,10.2307/3982904,https://doi.org/10.2307/3982904,,Lovejoy primitivism
Crossref,1902,Religion and the Time-Process,Arthur O. Lovejoy,journal-article,The American Journal of Theology,6,3,439-472,10.1086/478108,https://doi.org/10.1086/478108,,Lovejoy primitivism
Crossref,1912,The Philosophy of John Norris of Bemerton.,A. O. Lovejoy; Flora Isabel MacKinnon,journal-article,The Philosophical Review,21,2,256,10.2307/2177365,https://doi.org/10.2307/2177365,,Lovejoy primitivism
Crossref,1911,"Three Philosophical Poets--Lucretius, Dante, and Goethe.",A. O. Lovejoy; George Santayana,journal-article,Modern Language Notes,26,8,244,10.2307/2916804,https://doi.org/10.2307/2916804,,Lovejoy primitivism
Crossref,1933,Certain Samaritans,Nina D. Gage; Esther Pohl Lovejoy,journal-article,The American Journal of Nursing,33,10,1016,10.2307/3412870,https://doi.org/10.2307/3412870,,Lovejoy primitivism
Crossref,1963,Arthur O. Lovejoy and the History of Ideas,John Herman Randall,journal-article,Philosophy and Phenomenological Research,23,4,475,10.2307/2104513,https://doi.org/10.2307/2104513,,Lovejoy primitivism
Crossref,1919,Review of Lumber Industry Affairs,P. S. Lovejoy,journal-article,Journal of Forestry,17,3,245-259,10.1093/jof/17.3.245,https://doi.org/10.1093/jof/17.3.245,,Lovejoy primitivism
Crossref,1918,A STUDY OF SOUTHERN CALIFORNIA PLACE NAMES,ORA A. LOVEJOY,journal-article,Annual Publication of the Historical Society of Southern California,11,1,44-50,10.2307/41168758,https://doi.org/10.2307/41168758,,Lovejoy primitivism
Crossref,1946,A Note on Peirce's Evolutionism,Arthur O. Lovejoy,journal-article,Journal of the History of Ideas,7,3,351,10.2307/2707405,https://doi.org/10.2307/2707405,,Lovejoy primitivism
Crossref,1925,Prolegomena to an Idealist Theory of Knowledge.,Arthur O. Lovejoy; Norman Kemp Smith,journal-article,The Philosophical Review,34,2,185,10.2307/2179466,https://doi.org/10.2307/2179466,,Lovejoy primitivism
Crossref,1959,Rhode Island Politics and the American Revolution: 1760-1776,Milton Cantor; David S. Lovejoy,journal-article,American Quarterly,11,3,431,10.2307/2710397,https://doi.org/10.2307/2710397,,Lovejoy primitivism
Crossref,1964,"""Cyclical Sensitivity of Public Utilities: 1947-59"": Rejoinder",Wallace F. Lovejoy; David A. Bowers,journal-article,Land Economics,40,3,338,10.2307/3144744,https://doi.org/10.2307/3144744,,Lovejoy primitivism
Crossref,1931,La Pensee de Jean-Jacques Rousseau; Essai d'interpretation nouvelle.,Arthur O. Lovejoy; Albert Schinz,journal-article,Modern Language Notes,46,1,41,10.2307/2913517,https://doi.org/10.2307/2913517,,Lovejoy primitivism
Crossref,1952,On a Supposed Resurgence of Vicious Intellectualism,Arthur O. Lovejoy,journal-article,The Journal of Philosophy,49,4,85,10.2307/2021577,https://doi.org/10.2307/2021577,,Lovejoy primitivism
Crossref,1937,<i>The Great Chain of Being</i>. Arthur O. Lovejoy,H. T. Davis,journal-article,Isis,27,1,111-114,10.1086/347235,https://doi.org/10.1086/347235,,Lovejoy primitivism
Crossref,1949,Counseling Youth for College,CLARENCE E. LOVEJOY,journal-article,Occupations: The Vocational Guidance Journal,27,6,381-386,10.1002/j.2164-5892.1949.tb01531.x,https://doi.org/10.1002/j.2164-5892.1949.tb01531.x,,Lovejoy primitivism
Crossref,1915,Conditions at the University of Utah,John Dewey; A. O. Lovejoy; Edwin R. A. Seligman,journal-article,Science,41,1062,685-685,10.1126/science.41.1062.685-a,https://doi.org/10.1126/science.41.1062.685-a,,Lovejoy primitivism
Crossref,1948,Autonomy and Necessity: A Rejoinder to Professor Lovejoy,A. C. Pegis,journal-article,Philosophy and Phenomenological Research,9,1,89,10.2307/2103853,https://doi.org/10.2307/2103853,,Lovejoy primitivism
Crossref,1970,The Taxonomic Status of the 'Meganthropus' Mandibular Fragments from the Djetis Beds of Java,C. Owen Lovejoy,journal-article,Man,5,2,228,10.2307/2799649,https://doi.org/10.2307/2799649,,Lovejoy primitivism
Crossref,1955,SURFACE TENSION OF He<sup>3</sup>,D. R. LoveJoy,journal-article,Canadian Journal of Physics,33,2,49-53,10.1139/p55-008,https://doi.org/10.1139/p55-008,,Lovejoy primitivism
Crossref,1944,Reply to Professor Spitzer,Arthur O. Lovejoy,journal-article,Journal of the History of Ideas,5,2,204,10.2307/2707385,https://doi.org/10.2307/2707385,,Lovejoy primitivism
Crossref,1939,Communications: Professional Association or Trade Union?,George A. Coe; Auther O. Lovejoy,journal-article,Bulletin of the American Association of University Professors,25,3,344,10.2307/40219344,https://doi.org/10.2307/40219344,,Lovejoy primitivism
Crossref,1917,On the Meaning of 'Romantic' in Early German Romanticism Part II,A. O. Lovejoy,journal-article,Modern Language Notes,32,2,65,10.2307/2915747,https://doi.org/10.2307/2915747,,Lovejoy primitivism
Crossref,1968,A Technique for Mist-Netting in the Forest Canopy,Philip S. Humphrey; David Bridge; Thomas E. Lovejoy,journal-article,Bird-Banding,39,1,43,10.2307/4511439,https://doi.org/10.2307/4511439,,Lovejoy primitivism
Crossref,1922,"Time, Meaning and Transcendence--II.: Professor Dewey's Tertium Quid",Arthur O. Lovejoy,journal-article,The Journal of Philosophy,19,20,533,10.2307/2939326,https://doi.org/10.2307/2939326,,Lovejoy primitivism
Crossref,1952,In Defense of Individualistic Empiricism: Rejoinder to Mr. Lowe,Arthur O. Lovejoy,journal-article,The Journal of Philosophy,49,4,111,10.2307/2021580,https://doi.org/10.2307/2021580,,Lovejoy primitivism
Crossref,1950,Essays in the History of Ideas,H. T. C.; Arthur O. Lovejoy,journal-article,The Journal of Philosophy,47,1,22,10.2307/2019435,https://doi.org/10.2307/2019435,,Lovejoy primitivism
Crossref,1911,Book Review:A Beginner's History of Philosophy: Vol. II. Modern Philosophy. Herbert Ernest Cushman,Arthur O. Lovejoy,journal-article,Ethics,22,1,111,10.1086/206636,https://doi.org/10.1086/206636,,Lovejoy primitivism
Crossref,1942,The Communism of Saint Ambrose,Arthur O. Lovejoy,journal-article,Journal of the History of Ideas,3,4,458,10.2307/2707318,https://doi.org/10.2307/2707318,,Lovejoy primitivism
Crossref,1968,Owen Lovejoy: Abolitionist in Congress.,Bertram Wyatt-Brown; Edward Magdol,journal-article,The Journal of Southern History,34,1,123,10.2307/2205497,https://doi.org/10.2307/2205497,,Lovejoy primitivism
Crossref,1915,CONDITIONS AT THE UNIVERSITY OF UTAH,J. Dewey; A. O. Lovejoy; E. R. A. Seligman,journal-article,Science,41,1062,685-685,10.1126/science.41.1062.685,https://doi.org/10.1126/science.41.1062.685,,Lovejoy primitivism
Crossref,1935,<i>Primitivism and the Idea of Progress in English Popular Literature of the Eighteenth Century</i>. Lois Whitney,Moody E. Prior,journal-article,Modern Philology,33,1,99-101,10.1086/388179,https://doi.org/10.1086/388179,,Lovejoy primitivism
Crossref,1961,Which College for You?,Clarence E. Lovejoy,journal-article,The Journal of Higher Education,32,4,236-237,10.1080/00221546.1961.11777697,https://doi.org/10.1080/00221546.1961.11777697,,Lovejoy primitivism
Crossref,1908,The Theory of a Pre-Christian Cult of Jesus,Arthur O. Lovejoy,journal-article,Monist,18,4,597-609,10.5840/monist190818440,https://doi.org/10.5840/monist190818440,,Lovejoy primitivism
Crossref,1968,Cenozoic Crustal Movements in the Sierra Nevada: Discussion,EARL M. P. LOVEJOY,journal-article,Geological Society of America Bulletin,79,1,153,10.1130/0016-7606(1968)79[153:ccmits]2.0.co;2,https://doi.org/10.1130/0016-7606(1968)79[153:ccmits]2.0.co;2,,Lovejoy primitivism
Crossref,1906,Leibniz's Hauptschriften zur Grundlegung der Philosophie.,Arthur O. Lovejoy; A. Buchenau; Ernst Cassirer,journal-article,The Philosophical Review,15,4,437,10.2307/2177901,https://doi.org/10.2307/2177901,,Lovejoy primitivism
Crossref,1949,Essays in the History of Ideas,Sidney Ratner; Arthur O. Lovejoy,journal-article,The American Historical Review,54,4,850,10.2307/1844306,https://doi.org/10.2307/1844306,,Lovejoy primitivism
Crossref,1911,L'espace et le Temps Chez Leibniz et Chez Kant.,A. O. Lovejoy; Emile Van Biema,journal-article,The Philosophical Review,20,3,313,10.2307/2177854,https://doi.org/10.2307/2177854,,Lovejoy primitivism
Crossref,1948,A. O. Lovejoy as Teacher,Marjorie Nicolson,journal-article,Journal of the History of Ideas,9,4,428,10.2307/2707216,https://doi.org/10.2307/2707216,,Lovejoy primitivism
Crossref,1969,Attention in Discrimination Learning,Douglas H. Lawrence; Elijah Lovejoy,journal-article,The American Journal of Psychology,82,4,549,10.2307/1420450,https://doi.org/10.2307/1420450,,Lovejoy primitivism
Crossref,1933,Concepts and Contours in Land Utilization,P. S. Lovejoy,journal-article,Journal of Forestry,31,4,381-391,10.1093/jof/31.4.381,https://doi.org/10.1093/jof/31.4.381,,Lovejoy primitivism
Crossref,1915,Conditions at the University of Utah,John Dewey; A. O. Lovejoy; Edwin R. A. Seligman,journal-article,Science,41,1062,685-685,10.1126/science.41.1062.685.a,https://doi.org/10.1126/science.41.1062.685.a,,Lovejoy primitivism
Crossref,1958,Hearing Conservation in New York State,H. T. Lovejoy,journal-article,American Industrial Hygiene Association Journal,19,5,392-394,10.1080/00028895809343615,https://doi.org/10.1080/00028895809343615,,Lovejoy primitivism
Crossref,1924,Facts First then Common Sense,P. S. Lovejoy,journal-article,Journal of Forestry,22,7,780-789,10.1093/jof/22.7.780,https://doi.org/10.1093/jof/22.7.780,,Lovejoy primitivism
Crossref,1936,"<i>A Documentary History of Primitwism and Related Ideas</i>. General Editors, <scp>Arthur O. Lovejoy, Gilbert Chinard, George Boas, Ronald S. Crane</scp>. Volume I, <i>Primitwism and Related Ideas in Antiquity</i>. By <scp>Arthur O. Lovejoy, George Boas</scp>, <scp>Ronald S. Crane</scp>. Volume I, <i>Primitwism and Related Ideas in Antiquity</i>. By <scp>Arthur O. Lovejoy, George Boas</scp>. With Supplementary Essays by <scp>W. F. Albright</scp> and <scp>P. E. Dumont</scp>. (Baltimore: Johns Hopkins Press. 1935. Pp. xv, 482. $5.00.)",R. K. Hack,journal-article,The American Historical Review,41,4,728-730,10.1086/ahr/41.4.728,https://doi.org/10.1086/ahr/41.4.728,,Lovejoy primitivism
Crossref,1951,Report on Quality Factors in Processed Vegetables,B M Gutterman; R D Lovejoy; L M Beacham,journal-article,Journal of AOAC INTERNATIONAL,34,2,231-232,10.1093/jaoac/34.2.231,https://doi.org/10.1093/jaoac/34.2.231,,Lovejoy primitivism
Crossref,1957,Clinical and Hemodynamic Studies of Myocardial Fibrosis,ROBERT E. NYE; FRANK W. LOVEJOY; PAUL N. YU,journal-article,Circulation,16,3,332-338,10.1161/01.cir.16.3.332,https://doi.org/10.1161/01.cir.16.3.332,,Lovejoy primitivism
Crossref,1909,<i>On the Interpretation of Empedocles</i>. Clara Elizabeth Millerd,Arthur O. Lovejoy,journal-article,Classical Philology,4,3,332-334,10.1086/359313,https://doi.org/10.1086/359313,,Lovejoy primitivism
Crossref,1916,The Cost of Forest Improvement Systems,P. S. Lovejoy,journal-article,Journal of Forestry,14,2,238-254,10.1093/jof/14.2.238,https://doi.org/10.1093/jof/14.2.238,,Lovejoy primitivism
Crossref,1906,Les Notions d'Essence et d'Existence dans la Philosophie de Spinoza.,Arthur O. Lovejoy; Albert Rivaud,journal-article,The Philosophical Review,15,4,436,10.2307/2177900,https://doi.org/10.2307/2177900,,Lovejoy primitivism
Crossref,1916,"Meeting for Organization of the Association: New York, January, 1915",A. O. Lovejoy,journal-article,Bulletin of the American Association of University Professors,2,1,14,10.2307/40216737,https://doi.org/10.2307/40216737,,Lovejoy primitivism
Crossref,1922,The Length of Human Infancy in Eighteenth-Century Thought,Arthur O. Lovejoy,journal-article,The Journal of Philosophy,19,14,381,10.2307/2939649,https://doi.org/10.2307/2939649,,Lovejoy primitivism
Crossref,1968,"Labor Productivity in Italian Agriculture, 1951-1973",Robert M. Lovejoy,journal-article,Industrial and Labor Relations Review,21,4,570,10.2307/2520758,https://doi.org/10.2307/2520758,,Lovejoy primitivism
Crossref,1913,The Practical Tendencies of Bergsonism. I,Arthur O. Lovejoy,journal-article,The International Journal of Ethics,23,3,253-275,10.1086/intejethi.23.3.2376671,https://doi.org/10.1086/intejethi.23.3.2376671,,Lovejoy primitivism
Crossref,1911,Dogmatism and Evolution: Studies in Modern Philosophy.,Arthur O. Lovejoy; Theodore DeLaguna; Grace Andrus DeLaguna,journal-article,The Philosophical Review,20,5,535,10.2307/2177619,https://doi.org/10.2307/2177619,,Lovejoy primitivism
Crossref,1913,I.—SOME ANTECEDENTS OF THE PHILOSOPHY OF BERGSON,ARTHUR O. LOVEJOY,journal-article,Mind,XXII,10,465-483,10.1093/mind/xxii.10.465,https://doi.org/10.1093/mind/xxii.10.465,,Lovejoy primitivism
Crossref,1940,Reflections on the History of Ideas,Arthur O. Lovejoy,journal-article,Journal of the History of Ideas,1,1,3,10.2307/2707007,https://doi.org/10.2307/2707007,,Lovejoy primitivism
Crossref,1953,"The Archeology of World Religions: The Background of Primitivism, Zoroastrianism, Hinduism, Jainism, Buddhism, Confucianism, Taoism, Shinto, Islam, and Sikhism",Joseph M. Kitagawa; Jack Finegan,journal-article,The American Historical Review,58,3,577,10.2307/1843951,https://doi.org/10.2307/1843951,,Lovejoy primitivism
Crossref,1914,"Book Review:A Psychological Study of Religion: Its Origin, Function and Future. James H. Leuba",Arthur O. Lovejoy,journal-article,Ethics,24,2,216,10.1086/206807,https://doi.org/10.1086/206807,,Lovejoy primitivism
Crossref,1960,Integration and Competition in the Petroleum Industry,Wallace F. Lovejoy; Melvin G. de Chazeau; Alfred E. Kahn,journal-article,Land Economics,36,3,304,10.2307/3144506,https://doi.org/10.2307/3144506,,Lovejoy primitivism
OpenAlex,1936,"<i>A Documentary History of Primitivism and Related Ideas. Volume I: Primitivism and Related Ideas in Antiquity</i>. Arthur O. Lovejoy , George Boas",George Sarton,article,Isis,,,,https://doi.org/10.1086/347079,https://openalex.org/W2078051090,https://doi.org/10.1086/347079,Lovejoy related ideas
OpenAlex,1936,"<i>A Documentary History of Primitwism and Related Ideas</i>. General Editors, <scp>Arthur O. Lovejoy, Gilbert Chinard, George Boas, Ronald S. Crane</scp>. Volume I, <i>Primitwism and Related Ideas in Antiquity</i>. By <scp>Arthur O. Lovejoy, George Boas</scp>, <scp>Ronald S. Crane</scp>. Volume I, <i>Primitwism and Related Ideas in Antiquity</i>. By <scp>Arthur O. Lovejoy, George Boas</scp>. With Supplementary Essays by <scp>W. F. Albright</scp> and <scp>P. E. Dumont</scp>. (Baltimore: Johns Hopkins Press. 1935. Pp. xv, 482. $5.00.)",R. K. Hack,article,The American Historical Review,,,,https://doi.org/10.1086/ahr/41.4.728,https://openalex.org/W4242587055,https://doi.org/10.1086/ahr/41.4.728,Lovejoy related ideas
OpenAlex,1935,"A documentary history of primitivism and related ideas General editors Arthur O. Lovejoy, Gilbert Chinard, George Boas, Ronald S. Crane","Lovejoy, Arthur O. 1873-1962",article,,,,,,https://openalex.org/W7113132094,,Lovejoy related ideas
OpenAlex,1936,"The Noble Savage - A. O. Lovejoy and G. Boas: Primitivism and Related Ideas in Antiquity. With supplementary papers by W. F. Allright and P.-E. Dumont. Pp. xiii + 482. Baltimore: Johns Hopkins Press (London: Milford), 1935. Cloth, $5 or 22s. 6d.",A. W. Gomme,article,The Classical Review,,,,https://doi.org/10.1017/s0009840x0007623x,https://openalex.org/W1974519719,https://doi.org/10.1017/s0009840x0007623x,Lovejoy related ideas
OpenAlex,1936,"Primitivism and Related Ideas in Antiquity. By Arthur O. Lovejoy and George Boas. With supplementary essays by W. F. Albright and P. E. Dumont. (Baltimore: Johns Hopkins Press; London: Oxford University Press, Humphrey Milford. 1935. Pp. xv + 482. Price $5; 22s.)",J. R. de la H. Marett,article,Philosophy,,,,https://doi.org/10.1017/s0031819100033878,https://openalex.org/W2108917390,https://doi.org/10.1017/s0031819100033878,Lovejoy related ideas
OpenAlex,1914,Forty years' experience of a practical hog man; a practical book for the pure bred swine breeder and farmer. Written from actual experience of forty years in successfully handling a large herd of pure bred hogs,Andrew James Lovejoy,book,Biodiversity Heritage Library (Smithsonian Institution),,,,https://doi.org/10.5962/bhl.title.56192,https://openalex.org/W4234832402,https://doi.org/10.5962/bhl.title.56192; https://www.biodiversitylibrary.org/bibliography/56192; https://www.biodiversitylibrary.org/item/116939; https://www.biodiversitylibrary.org/item/93082,Lovejoy related ideas
OpenAlex,1961,Gas Conservation and Public Utility Regulation in Our National Fuels Policy,Wallace F. Lovejoy,article,Natural resources journal; UNM’s Digital Repository (University of New Mexico),,,,,https://openalex.org/W2793706390,https://digitalrepository.unm.edu/cgi/viewcontent.cgi?article=3949&context=nrj; https://digitalrepository.unm.edu/nrj/vol1/iss2/5,Lovejoy related ideas
OpenAlex,1912,Sal vet swine book,F. D. Coburn; Robert. Evans; Ann Lovejoy; Elliott Stone,book,Biodiversity Heritage Library (Smithsonian Institution),,,,https://doi.org/10.5962/bhl.title.43687,https://openalex.org/W2481176577,https://doi.org/10.5962/bhl.title.43687; https://www.biodiversitylibrary.org/item/94799,Lovejoy related ideas
Crossref,1936,"<i>A Documentary History of Primitivism and Related Ideas. Volume I: Primitivism and Related Ideas in Antiquity</i>. Arthur O. Lovejoy , George Boas",George Sarton,journal-article,Isis,25,1,169-172,10.1086/347079,https://doi.org/10.1086/347079,,Lovejoy related ideas
Crossref,1936,Primitivism and Related Ideas in Antiquity,George Depue Hadzsits; Arthur O. Lovejoy; George Boas,journal-article,The Classical Weekly,30,7,73,10.2307/4339823,https://doi.org/10.2307/4339823,,Lovejoy related ideas
Crossref,1936,"A Documentary History of Primitivism and Related Ideas. Volume I, Primitivism and Related Ideas in Antiquity",R. K. Hack; Arthur O. Lovejoy; Gilbert Chinard; George Boas; Ronald S. Crane,journal-article,The American Historical Review,41,4,728,10.2307/1842611,https://doi.org/10.2307/1842611,,Lovejoy related ideas
Crossref,1936,Primitivism and Related Ideas in Antiquity.,Robert K. Merton; Arthur O. Lovejoy; George Boas,journal-article,American Sociological Review,1,1,156,10.2307/2083882,https://doi.org/10.2307/2083882,,Lovejoy related ideas
Crossref,1937,Primitivism and Related Ideas in Antiquity.,George R. Havens; Arthur O. Lovejoy; George Boas,journal-article,Modern Language Notes,52,6,421,10.2307/2911724,https://doi.org/10.2307/2911724,,Lovejoy related ideas
Crossref,1936,"<i>A Documentary History of Primitwism and Related Ideas</i>. General Editors, <scp>Arthur O. Lovejoy, Gilbert Chinard, George Boas, Ronald S. Crane</scp>. Volume I, <i>Primitwism and Related Ideas in Antiquity</i>. By <scp>Arthur O. Lovejoy, George Boas</scp>, <scp>Ronald S. Crane</scp>. Volume I, <i>Primitwism and Related Ideas in Antiquity</i>. By <scp>Arthur O. Lovejoy, George Boas</scp>. With Supplementary Essays by <scp>W. F. Albright</scp> and <scp>P. E. Dumont</scp>. (Baltimore: Johns Hopkins Press. 1935. Pp. xv, 482. $5.00.)",R. K. Hack,journal-article,The American Historical Review,41,4,728-730,10.1086/ahr/41.4.728,https://doi.org/10.1086/ahr/41.4.728,,Lovejoy related ideas
Crossref,1936,Primitivism and Related Ideas in Antiquity.,H. T. C.; Arthur O. Lovejoy; George Boas,journal-article,The Journal of Philosophy,33,7,192,10.2307/2016444,https://doi.org/10.2307/2016444,,Lovejoy related ideas
Crossref,1940,Reflections on the History of Ideas,Arthur O. Lovejoy,journal-article,Journal of the History of Ideas,1,1,3,10.2307/2707007,https://doi.org/10.2307/2707007,,Lovejoy related ideas
Crossref,1936,A Documentary History of Primitivism and Related Ideas. Vol. I. Primitivism and Related Ideas in Antiquity,I. M. Linforth; Arthur O. Lovejoy; Gilbert Chinard; George Boas; Ronald S. Crane; W. F. Albright; P.-E. Dumont,journal-article,The American Journal of Philology,57,2,197,10.2307/290479,https://doi.org/10.2307/290479,,Lovejoy related ideas
Crossref,1948,My Friend Lovejoy,William Pepperell Montague,journal-article,Journal of the History of Ideas,9,4,424,10.2307/2707215,https://doi.org/10.2307/2707215,,Lovejoy related ideas
Crossref,1948,Lovejoy's Essays in the History of Ideas,Theodore Spencer; Arthur O. Lovejoy,journal-article,Journal of the History of Ideas,9,4,439,10.2307/2707217,https://doi.org/10.2307/2707217,,Lovejoy related ideas
Crossref,1941,The Meaning of Romanticism for the Historian of Ideas,Arthur O. Lovejoy,journal-article,Journal of the History of Ideas,2,3,257,10.2307/2707131,https://doi.org/10.2307/2707131,,Lovejoy related ideas
Crossref,1937,A Documentary History of Primitivism and Related Ideas.,Clinton W. Keyes; Arthur O. Lovejoy; George Boas; W. F. Albright; P. E. Dumont,journal-article,The Philosophical Review,46,1,93,10.2307/2180659,https://doi.org/10.2307/2180659,,Lovejoy related ideas
Crossref,1944,Reply to Professor Spitzer,Arthur O. Lovejoy,journal-article,Journal of the History of Ideas,5,2,204,10.2307/2707385,https://doi.org/10.2307/2707385,,Lovejoy related ideas
Crossref,1946,A Note on Peirce's Evolutionism,Arthur O. Lovejoy,journal-article,Journal of the History of Ideas,7,3,351,10.2307/2707405,https://doi.org/10.2307/2707405,,Lovejoy related ideas
Crossref,1942,The Communism of Saint Ambrose,Arthur O. Lovejoy,journal-article,Journal of the History of Ideas,3,4,458,10.2307/2707318,https://doi.org/10.2307/2707318,,Lovejoy related ideas
Crossref,1948,A. O. Lovejoy as Teacher,Marjorie Nicolson,journal-article,Journal of the History of Ideas,9,4,428,10.2307/2707216,https://doi.org/10.2307/2707216,,Lovejoy related ideas
Crossref,1949,Historiography and Evaluation: A Disclaimer,Arthur O. Lovejoy,journal-article,Journal of the History of Ideas,10,1,141,10.2307/2707206,https://doi.org/10.2307/2707206,,Lovejoy related ideas
Crossref,1946,Goldsmith and the Chain of Being,Arthur O. Lovejoy,journal-article,Journal of the History of Ideas,7,1,91,10.2307/2707270,https://doi.org/10.2307/2707270,,Lovejoy related ideas
Crossref,1963,In Memory of A. O. Lovejoy,Ludwig Edelstein,journal-article,Journal of the History of Ideas,24,4,451,10.2307/2707977,https://doi.org/10.2307/2707977,,Lovejoy related ideas
Crossref,1948,A. O. Lovejoy as Historian of Philosophy,George Boas,journal-article,Journal of the History of Ideas,9,4,404,10.2307/2707213,https://doi.org/10.2307/2707213,,Lovejoy related ideas
Crossref,1948,Arthur O. Lovejoy and the Theory of Historiography,Maurice Mandelbaum,journal-article,Journal of the History of Ideas,9,4,412,10.2307/2707214,https://doi.org/10.2307/2707214,,Lovejoy related ideas
Crossref,1923,IV.—‘REPRESENTATIVE IDEAS’ IN MALEBRANCHE AND ARNAULD,A. O. LOVEJOY,journal-article,Mind,XXXII,128,449-461,10.1093/mind/xxxii.128.449,https://doi.org/10.1093/mind/xxxii.128.449,,Lovejoy related ideas
Crossref,1949,Essays in the History of Ideas.,Arnold Isenberg; Arthur O. Lovejoy,journal-article,The Philosophical Review,58,4,372,10.2307/2182084,https://doi.org/10.2307/2182084,,Lovejoy related ideas
Crossref,1950,Essays in the History of Ideas.,A. O. Aldridge; Arthur O. Lovejoy,journal-article,Modern Language Notes,65,8,545,10.2307/2909304,https://doi.org/10.2307/2909304,,Lovejoy related ideas
Crossref,1949,<i>Essays in the History of Ideas</i>. Arthur O. Lovejoy,Harry Levin,journal-article,Isis,40,1,85-87,10.1086/349023,https://doi.org/10.1086/349023,,Lovejoy related ideas
Crossref,1963,Arthur O. Lovejoy and the History of Ideas,John Herman Randall,journal-article,Philosophy and Phenomenological Research,23,4,475,10.2307/2104513,https://doi.org/10.2307/2104513,,Lovejoy related ideas
Crossref,1949,Essays in the History of Ideas,Sidney Ratner; Arthur O. Lovejoy,journal-article,The American Historical Review,54,4,850,10.2307/1844306,https://doi.org/10.2307/1844306,,Lovejoy related ideas
Crossref,1950,Essays in the History of Ideas,H. T. C.; Arthur O. Lovejoy,journal-article,The Journal of Philosophy,47,1,22,10.2307/2019435,https://doi.org/10.2307/2019435,,Lovejoy related ideas
Crossref,1951,Essays in the History of Ideas by Arthur O. Lovejoy,A. J. McNicholl,journal-article,The Thomist: A Speculative Quarterly Review,14,3,407-412,10.1353/tho.1951.0016,https://doi.org/10.1353/tho.1951.0016,,Lovejoy related ideas
Crossref,1951,<i>Essays in the History of Ideas</i>. Arthur O. Lovejoy,James Luther Adams,journal-article,The Journal of Religion,31,1,56-58,10.1086/484075,https://doi.org/10.1086/484075,,Lovejoy related ideas
Crossref,1936,"Primitivism and Related Ideas in Antiquity. By Arthur O. Lovejoy and George Boas. With supplementary essays by W. F. Albright and P. E. Dumont. (Baltimore: Johns Hopkins Press; London: Oxford University Press, Humphrey Milford. 1935. Pp. xv + 482. Price $5; 22s.)",J. R. de la H. Marett,journal-article,Philosophy,11,42,248-249,10.1017/s0031819100033878,https://doi.org/10.1017/s0031819100033878,,Lovejoy related ideas
Crossref,1949,<i>Essays in the History of Ideas</i>. Arthur O. Lovejoy,Crane Brinton,journal-article,The Journal of Modern History,21,4,344-345,10.1086/237298,https://doi.org/10.1086/237298,,Lovejoy related ideas
Crossref,1936,"The Noble Savage - A. O. Lovejoy and G. Boas: Primitivism and Related Ideas in Antiquity. With supplementary papers by W. F. Allright and P.-E. Dumont. Pp. xiii + 482. Baltimore: Johns Hopkins Press (London: Milford), 1935. Cloth, $5 or 22s. 6d.",A. W. Gomme,journal-article,The Classical Review,50,2,77-78,10.1017/s0009840x0007623x,https://doi.org/10.1017/s0009840x0007623x,,Lovejoy related ideas
Crossref,1949,"Essays in the History of Ideas. By <i>Arthur O. Lovejoy</i>. (Baltimore: Johns Hopkins Press. 1948. Pp. xvii, 359. $5.00.)",Sidney Ratner,journal-article,The American Historical Review,54,4,850-851,10.1086/ahr/54.4.850,https://doi.org/10.1086/ahr/54.4.850,,Lovejoy related ideas
Crossref,1951,"Essays in the History of Ideas. By Arthur O. Lovejoy. (The Johns Hopkins Press, Baltimore; London, Cumberlege. 1948. Pp. 354. Price 27s. 6d.",D. J. Allan,journal-article,Philosophy,26,97,173-176,10.1017/s0031819100026929,https://doi.org/10.1017/s0031819100026929,,Lovejoy related ideas
Crossref,1911,"Lovejoy, A. O. Schopenhauer as an Evolutionist",A.O. Lovejoy,journal-article,Kant-Studien,16,1-3,,10.1515/kant-1911-0177,https://doi.org/10.1515/kant-1911-0177,,Lovejoy related ideas
Crossref,1911,"Lovejoy, Α. O. Kant and Evolution",A.O. Lovejoy,journal-article,Kant-Studien,16,1-3,,10.1515/kant-1911-0176,https://doi.org/10.1515/kant-1911-0176,,Lovejoy related ideas
Crossref,1956,FUNDAMENTAL STATISTICAL IDEAS AS RELATED TO EXPLOSIVE SENSITIVITY TESTS,L. D. Hampton,report,,,,,10.21236/ad0114064,https://doi.org/10.21236/ad0114064,,Lovejoy related ideas
Crossref,1931,The Revolt against Dualism: an Inquiry concerning the Existence of Ideas. By Arthur O. Lovejoy. (London: George Allen &amp; Unwin Ltd.1930. Pp. xii + 325. Price 15s.),L. S. Stebbing,journal-article,Philosophy,6,22,240-242,10.1017/s0031819100045277,https://doi.org/10.1017/s0031819100045277,,Lovejoy related ideas
Crossref,1900,Modern ideas of evolution as related to revelation and science /,John William Dawson,monograph,,,,,10.5962/bhl.title.167542,https://doi.org/10.5962/bhl.title.167542,,Lovejoy related ideas
Crossref,1919,"Hogs, by A.J. Lovejoy, with supplementary chapters on feeding by John M. Evvard ...",A. J. Lovejoy; John M. Evvard,monograph,,,,,10.5962/bhl.title.20972,https://doi.org/10.5962/bhl.title.20972,,Lovejoy related ideas
Crossref,1890,Modern ideas of evolution as related to revelation and science,J. W. Dawson,monograph,,,,,10.5962/bhl.title.18937,https://doi.org/10.5962/bhl.title.18937,,Lovejoy related ideas
Crossref,1949,"Arthur O. Lovejoy, <i>Essays in the History of Ideas</i>",René Wellek,journal-article,"The Germanic Review: Literature, Culture, Theory",24,4,306-310,10.1080/19306962.1949.11786443,https://doi.org/10.1080/19306962.1949.11786443,,Lovejoy related ideas
Crossref,1966,Origins of Current Ideas About Calcification,MARSHALL R. URIST,journal-article,Clinical Orthopaedics and Related Research,44,,13???40,10.1097/00003086-196600440-00003,https://doi.org/10.1097/00003086-196600440-00003,,Lovejoy related ideas
Crossref,1966,Origins of Current Ideas About Calcification,MARSHALL R. URIST,journal-article,Clinical Orthopaedics and Related Research,44,1,13???40,10.1097/00003086-196601000-00003,https://doi.org/10.1097/00003086-196601000-00003,,Lovejoy related ideas
Crossref,1936,A Documentary History of Primitivism and Related Ideas,,journal-article,Nature,138,3483,187-187,10.1038/138187d0,https://doi.org/10.1038/138187d0,,Lovejoy related ideas
Crossref,1962,4. Immune Reactions Not Related to Antibody,,book-chapter,The Integrity of the Body,,,42-50,10.4159/harvard.9780674731370.c4,https://doi.org/10.4159/harvard.9780674731370.c4,,Lovejoy related ideas
Crossref,1920,Michigan's millions of idle acres,P. S. Lovejoy; Fred E. Janette,monograph,,,,,10.5962/bhl.title.26795,https://doi.org/10.5962/bhl.title.26795,,Lovejoy related ideas
Crossref,1950,Essays on Primitivism and Related Ideas in the Middle Ages,"Grover Cronin,",journal-article,Thought,25,3,572-574,10.5840/thought1950253166,https://doi.org/10.5840/thought1950253166,,Lovejoy related ideas
Crossref,1953,"IV. Corporatism and Related Schools, 1870–1918",,book-chapter,"French Corporative Theory, 1789–1948",,,97-121,10.7312/elbo91224-005,https://doi.org/10.7312/elbo91224-005,,Lovejoy related ideas
Crossref,1909,The child in industry,Owen R. Lovejoy,dataset,PsycEXTRA Dataset,,,,10.1037/e533612009-121,https://doi.org/10.1037/e533612009-121,,Lovejoy related ideas
Crossref,1948,Primitivism and Related Ideas in Sturm Und Drang Literature,Stuart Atkins,journal-article,Modern Language Quarterly,9,3,376-377,10.1215/00267929-9-3-376,https://doi.org/10.1215/00267929-9-3-376,,Lovejoy related ideas
Crossref,1968,The Administrator and His Problems Related to Sex,Glenn C. Atkyns,journal-article,"The Clearing House: A Journal of Educational Strategies, Issues and Ideas",42,6,372-375,10.1080/00098655.1968.11477518,https://doi.org/10.1080/00098655.1968.11477518,,Lovejoy related ideas
Crossref,1937,A Documentary History of Primitivism and Related Ideas,M. I. Finkelstein,journal-article,Zeitschrift für Sozialforschung,6,2,440-441,10.5840/zfs19376294,https://doi.org/10.5840/zfs19376294,,Lovejoy related ideas
Crossref,1912,Sal vet swine book,F. D. Coburn; Robert. Evans; A. J. Lovejoy; E.C. Stone,monograph,,,,,10.5962/bhl.title.43687,https://doi.org/10.5962/bhl.title.43687,,Lovejoy related ideas
Crossref,1969,The Eightness of Adam and Related “Gnostic” Ideas in the Paracelsian Corpus,Walter Pagel; Marianne Winder,journal-article,Ambix,16,3,119-139,10.1179/000269869790223232,https://doi.org/10.1179/000269869790223232,,Lovejoy related ideas
Crossref,1948,Primitivism and Related Ideas in Sturm und Drang Literature,Carl Hammer; Edith Amelie Runge,journal-article,The German Quarterly,21,2,139,10.2307/400652,https://doi.org/10.2307/400652,,Lovejoy related ideas
Crossref,1948,Essays on Primitivism and Related Ideas in the Middle Ages.,Norman Cohn; George Boas,journal-article,The Philosophical Review,57,6,611,10.2307/2181801,https://doi.org/10.2307/2181801,,Lovejoy related ideas
Crossref,1951,"Primitivism and Related Ideas in Eighteenth Century German Lyric Poetry, 1680-1740",Erich Eichholz; Erich August Gottlieb Albrecht,journal-article,Books Abroad,25,4,386,10.2307/40095808,https://doi.org/10.2307/40095808,,Lovejoy related ideas
Crossref,1948,Primitivism and Related Ideas in Sturm und Drang Literature.,Bernhard Blume; Edith Amelie Runge,journal-article,Modern Language Notes,63,8,557,10.2307/2909817,https://doi.org/10.2307/2909817,,Lovejoy related ideas
Crossref,1965,Lovejoy: Martyr to Freedom (review),,journal-article,Civil War History,11,3,290-291,10.1353/cwh.1965.0093,https://doi.org/10.1353/cwh.1965.0093,,Lovejoy related ideas
Crossref,1966,A study of creative reasoning facility and other variables as related to Academic Achievement,Newell Van Pelt,journal-article,"The Clearing House: A Journal of Educational Strategies, Issues and Ideas",41,3,170-171,10.1080/00098655.1966.11477335,https://doi.org/10.1080/00098655.1966.11477335,,Lovejoy related ideas
Crossref,1951,404. To Messrs. Lovejoy. 27 February.,Anthony Trollope,book-chapter,The Letters of Anthony Trollope,,,,10.1093/oseo/instance.00193543,https://doi.org/10.1093/oseo/instance.00193543,,Lovejoy related ideas
Crossref,1947,Primitivism and Related Ideas in 'Sturm und Drang' Literature,August Closs; A. Runge,journal-article,The Modern Language Review,42,1,147,10.2307/3716973,https://doi.org/10.2307/3716973,,Lovejoy related ideas
Crossref,1969,The Eightness of Adam and Related “Gnostic” Ideas in the Paracelsian Corpus,Walter Pagel; Marianne Winder,journal-article,Ambix,16,3,119-139,10.1179/amb.1969.16.3.119,https://doi.org/10.1179/amb.1969.16.3.119,,Lovejoy related ideas
Crossref,1914,Reply to Professor Lovejoy,James H. Leuba,journal-article,Ethics,24,4,452,10.1086/206853,https://doi.org/10.1086/206853,,Lovejoy related ideas
Crossref,1940,Coleridge and Kant's Two Worlds,Arthur O. Lovejoy,journal-article,ELH,7,4,341,10.2307/2871524,https://doi.org/10.2307/2871524,,Lovejoy related ideas
Crossref,1968,Owen Lovejoy: Abolitionist in Congress (review),,journal-article,Civil War History,14,2,188-189,10.1353/cwh.1968.0014,https://doi.org/10.1353/cwh.1968.0014,,Lovejoy related ideas
Crossref,1911,The Import of Vitalism,A. O. Lovejoy,journal-article,Science,34,864,75-80,10.1126/science.34.864.75.b,https://doi.org/10.1126/science.34.864.75.b,,Lovejoy related ideas
Crossref,1907,Professor Ormond's philosophy.,Arthur O. Lovejoy,journal-article,Psychological Bulletin,4,11,339-349,10.1037/h0075121,https://doi.org/10.1037/h0075121,,Lovejoy related ideas
Crossref,1918,The Demon of Noonday and Some Related Ideas,William H. Worrell,journal-article,Journal of the American Oriental Society,38,,160,10.2307/592600,https://doi.org/10.2307/592600,,Lovejoy related ideas
Crossref,1933,America’s Wandering Boys,Owen R. Lovejoy,journal-article,Current History,37,5,565-570,10.1525/curh.1933.37.5.565,https://doi.org/10.1525/curh.1933.37.5.565,,Lovejoy related ideas
Crossref,1909,Das Kausalitatsproblem der Biologie,A. O. Lovejoy,journal-article,Science,30,778,761-766,10.1126/science.30.778.761-a,https://doi.org/10.1126/science.30.778.761-a,,Lovejoy related ideas
Crossref,1965,"Methods of Estimating Reserves of Crude Oil, Natural Gas, and Natural Gas Liquids",Wallce Lovejoy,edited-book,,,,,10.56021/9780801803987,https://doi.org/10.56021/9780801803987,,Lovejoy related ideas
Crossref,1936,Primitivism and Related Ideas in Antiquity,John M. Cooper,journal-article,New Scholasticism,10,3,280-281,10.5840/newscholas193610346,https://doi.org/10.5840/newscholas193610346,,Lovejoy related ideas
Crossref,1969,III. SYMBOLIC REPRESENTATION AND ITS STRUCTURAL VARIETIES IN THE LINGUISTIC EXPRESSION AS RELATED TO THE NUCLEAR HYPOTHESIS,,book-chapter,A structural inquiry into the symbolic representation of ideas,,,83-139,10.1515/9783111655390-005,https://doi.org/10.1515/9783111655390-005,,Lovejoy related ideas
Crossref,1962,"Aerosols, Bronchodilators and Mucolytic Agents",Frank W. Lovejoy; Paul E. Morrow,journal-article,Anesthesiology,23,4,460-472,10.1097/00000542-196207000-00006,https://doi.org/10.1097/00000542-196207000-00006,,Lovejoy related ideas
Crossref,1951,523. To Mr. Lovejoy. 23 July. Athenaeum Club.,Anthony Trollope,book-chapter,The Letters of Anthony Trollope,,,,10.1093/oseo/instance.00193666,https://doi.org/10.1093/oseo/instance.00193666,,Lovejoy related ideas
Crossref,1924,Committees,Arthur O. Lovejoy,journal-article,Bulletin of the American Association of University Professors,10,6,11,10.2307/40217333,https://doi.org/10.2307/40217333,,Lovejoy related ideas
Crossref,1911,William James as Philosopher,Arthur O. Lovejoy,journal-article,Ethics,21,2,125,10.1086/206575,https://doi.org/10.1086/206575,,Lovejoy related ideas
Crossref,1923,Rousseau's Pessimist,Arthur O. Lovejoy,journal-article,Modern Language Notes,38,8,449,10.2307/2915231,https://doi.org/10.2307/2915231,,Lovejoy related ideas
Crossref,1949,Essays on Primitivism and Related Ideas in the Middle Ages,J. L. B.; George Boas,journal-article,The Journal of Philosophy,46,22,720,10.2307/2020246,https://doi.org/10.2307/2020246,,Lovejoy related ideas
Crossref,1963,The Great Chain of Being,Arthur O. Lovejoy,edited-book,,,,,10.4159/9780674040335,https://doi.org/10.4159/9780674040335,,Lovejoy related ideas
Crossref,1950,Essays on Primitivism and Related Ideas in the Middle Ages.,W. H. Hay; George Boas,journal-article,Philosophy and Phenomenological Research,11,1,124,10.2307/2103722,https://doi.org/10.2307/2103722,,Lovejoy related ideas
Crossref,1906,On Kant’s Reply to Hume.,Arthur Lovejoy,journal-article,Archiv für Geschichte der Philosophie,19,3,,10.1515/agph.1906.19.3.380,https://doi.org/10.1515/agph.1906.19.3.380,,Lovejoy related ideas
Crossref,1961,Gas Rate Fundamentals,Wallace F. Lovejoy,journal-article,Southern Economic Journal,27,3,254,10.2307/1055102,https://doi.org/10.2307/1055102,,Lovejoy related ideas
Crossref,1905,Hobbes.,A. O. Lovejoy; Leslie Stephen,journal-article,The Philosophical Review,14,1,97,10.2307/2176433,https://doi.org/10.2307/2176433,,Lovejoy related ideas
Crossref,1911,The Import of Vitalism,A. O. Lovejoy,journal-article,Science,34,864,75-80,10.1126/science.34.864.75-b,https://doi.org/10.1126/science.34.864.75-b,,Lovejoy related ideas
Crossref,1962,Nuclear orientation of Tb156,C.A. Lovejoy; D.A. Shirley,journal-article,Nuclear Physics,30,,452-461,10.1016/0029-5582(62)90069-x,https://doi.org/10.1016/0029-5582(62)90069-x,,Lovejoy related ideas
Crossref,1913,The Practical Tendencies of Bergsonism. II,Arthur O. Lovejoy,journal-article,Ethics,23,4,419,10.1086/206767,https://doi.org/10.1086/206767,,Lovejoy related ideas
Crossref,1930,Ethics.,Arthur O. Lovejoy; Frank Chapman Sharp,journal-article,The Philosophical Review,39,6,613,10.2307/2179689,https://doi.org/10.2307/2179689,,Lovejoy related ideas
Crossref,1964,The Modern Family.,Albert Lovejoy; Robert F. Winch,journal-article,Social Forces,43,1,114,10.2307/2575980,https://doi.org/10.2307/2575980,,Lovejoy related ideas
Crossref,1920,Lafayette College,Arthur O. Lovejoy,journal-article,Bulletin of the American Association of University Professors,6,6,10,10.2307/40216992,https://doi.org/10.2307/40216992,,Lovejoy related ideas
Crossref,1933,Monboddo and Rousseau,Arthur O. Lovejoy,journal-article,Modern Philology,30,3,275-296,10.1086/388043,https://doi.org/10.1086/388043,,Lovejoy related ideas
Crossref,1911,The Meaning of Vitalism,Arthur O. Lovejoy,journal-article,Science,33,851,610-614,10.1126/science.33.851.610,https://doi.org/10.1126/science.33.851.610,,Lovejoy related ideas
Crossref,1967,High school students' ideas with respect to certain concepts related to chemical formulas and equations,Seymour Glassman,journal-article,Science Education,51,1,84-103,10.1002/sce.3730510119,https://doi.org/10.1002/sce.3730510119,,Lovejoy related ideas
Crossref,1945,Alva Bush Lovejoy,,journal-article,The Annals of Iowa,26,3,241-242,10.17077/0003-4827.6382,https://doi.org/10.17077/0003-4827.6382,,Lovejoy related ideas
Crossref,1921,Profit-Sharing and Industrial Peace,Arthur O. Lovejoy,journal-article,Ethics,31,3,241,10.1086/207291,https://doi.org/10.1086/207291,,Lovejoy related ideas
Crossref,1914,The Association of University Professors,Arthur O. Lovejoy,journal-article,Science,40,1038,744-745,10.1126/science.40.1038.744,https://doi.org/10.1126/science.40.1038.744,,Lovejoy related ideas
Crossref,1922,Reply to Professor Babbitt,Arthur O. Lovejoy,journal-article,Modern Language Notes,37,5,268,10.2307/2915200,https://doi.org/10.2307/2915200,,Lovejoy related ideas
Crossref,1913,The Practical Tendencies of Bergsonism. I,Arthur O. Lovejoy,journal-article,Ethics,23,3,253,10.1086/206744,https://doi.org/10.1086/206744,,Lovejoy related ideas
Crossref,1912,The duty of superintendents in the enforcement of child-labor laws,Owen R. Lovejoy,dataset,PsycEXTRA Dataset,,,,10.1037/e533642009-053,https://doi.org/10.1037/e533642009-053,,Lovejoy related ideas
Crossref,1924,Pastness and Transcendence,Arthur O. Lovejoy,journal-article,The Journal of Philosophy,21,22,601,10.2307/2014483,https://doi.org/10.2307/2014483,,Lovejoy related ideas
Crossref,1920,Rousseau and Romanticism.,Arthur O. Lovejoy; Irving Babbitt,journal-article,Modern Language Notes,35,5,302,10.2307/2914839,https://doi.org/10.2307/2914839,,Lovejoy related ideas
Crossref,1927,"The Meanings of ""Emergence"" and its Modes",Arthur O. Lovejoy,book-chapter,Proceedings of the Sixth International Congress of Philosophy,,,20-33,10.5840/wcp6192720,https://doi.org/10.5840/wcp6192720,,Lovejoy related ideas
Crossref,1912,Book Review: I. Church History: The Evolution of Infant Baptism and Related Ideas,W. T. Whitley,journal-article,Review &amp; Expositor,9,4,571-572,10.1177/003463731200900408,https://doi.org/10.1177/003463731200900408,,Lovejoy related ideas
Crossref,1917,Progress in Philosophical Inquiry,Arthur O. Lovejoy,journal-article,The Philosophical Review,26,5,537,10.2307/2178048,https://doi.org/10.2307/2178048,,Lovejoy related ideas
Crossref,1927,""" Nature "" as Aesthetic Norm",Arthur O. Lovejoy,journal-article,Modern Language Notes,42,7,444,10.2307/2913933,https://doi.org/10.2307/2913933,,Lovejoy related ideas
Crossref,1917,Forest Biology,P. S. Lovejoy,journal-article,Journal of Forestry,15,2,203-214,10.1093/jof/15.2.203,https://doi.org/10.1093/jof/15.2.203,,Lovejoy related ideas
Crossref,1921,'Pride' in Eighteenth-Century Thought,Arthur O. Lovejoy,journal-article,Modern Language Notes,36,1,31,10.2307/2914820,https://doi.org/10.2307/2914820,,Lovejoy related ideas
Crossref,1909,The Obsolescence of the Eternal,Arthur O. Lovejoy,journal-article,The Philosophical Review,18,5,479,10.2307/2177450,https://doi.org/10.2307/2177450,,Lovejoy related ideas
Crossref,1928,Accounting Procedure for School Systems (Book).,Philip Lovejoy,journal-article,The Accounting Review,3,2,219-220,10.2308/tar-8591785,https://doi.org/10.2308/tar-8591785,,Lovejoy related ideas
Crossref,1913,The Metamorphosis of the Carnegie Foundation,Arthur O. Lovejoy,journal-article,Science,37,954,546-552,10.1126/science.37.954.546,https://doi.org/10.1126/science.37.954.546,,Lovejoy related ideas
Crossref,1937,Milton and the Paradox of the Fortunate Fall,Arthur O. Lovejoy,journal-article,ELH,4,3,161,10.2307/2871531,https://doi.org/10.2307/2871531,,Lovejoy related ideas
Crossref,1946,Ellsworth Lovejoy Redfern,,journal-article,The Annals of Iowa,27,3,254-255,10.17077/0003-4827.6461,https://doi.org/10.17077/0003-4827.6461,,Lovejoy related ideas
Crossref,1942,John Lovejoy Elliott: 1868-1942,,journal-article,Social Service Review,16,2,341-341,10.1086/634006,https://doi.org/10.1086/634006,,Lovejoy related ideas
Crossref,1965,SURPRISED BY LOVEJOY,MARK ROBERTS,journal-article,Essays in Criticism,XV,1,118-130,10.1093/eic/xv.1.118,https://doi.org/10.1093/eic/xv.1.118,,Lovejoy related ideas
Crossref,1961,"Owen R. Lovejoy, 1866-1961",,journal-article,Social Service Review,35,4,439-439,10.1086/641149,https://doi.org/10.1086/641149,,Lovejoy related ideas
Crossref,1933,Morris's Six Theories of Mind,Arthur O. Lovejoy,journal-article,The Philosophical Review,42,6,617,10.2307/2180010,https://doi.org/10.2307/2180010,,Lovejoy related ideas
Crossref,1933,CERTAIN SAMARITANS,ESTHER POHL LOVEJOY,journal-article,"AJN, American Journal of Nursing",33,10,1016,10.1097/00000446-193310000-00050,https://doi.org/10.1097/00000446-193310000-00050,,Lovejoy related ideas
Crossref,1966,Analysis of the overlearning reversal effect.,Elijah Lovejoy,journal-article,Psychological Review,73,1,87-103,10.1037/h0022687,https://doi.org/10.1037/h0022687,,Lovejoy related ideas
Crossref,1955,6. Race and Related Ideas in the Near East,Albert Hourani,book-chapter,Race Relations in World Perspective,,,116-144,10.1515/9780824884772-007,https://doi.org/10.1515/9780824884772-007,,Lovejoy related ideas
Crossref,1906,IV.—KANT'S ANTITHESIS OF DOGMATISM AND CRITICISM,ARTHUR O. LOVEJOY,journal-article,Mind,XV,58,191-214,10.1093/mind/xv.58.191,https://doi.org/10.1093/mind/xv.58.191,,Lovejoy related ideas
Crossref,1889,Is Man Left-Legged?,Fred'k A. Lovejoy; Francis H. Allen,journal-article,Science,ns-14,358,412-412,10.1126/science.ns-14.358.412-b,https://doi.org/10.1126/science.ns-14.358.412-b,,Lovejoy related ideas
Crossref,1932,The Parallel of Deism and Classicism,Arthur O. Lovejoy,journal-article,Modern Philology,29,3,281-299,10.1086/387970,https://doi.org/10.1086/387970,,Lovejoy related ideas
Crossref,1931,Book Review:The Revolt Against Dualism. Arthur O. Lovejoy,Arthur E. Murphy,journal-article,Ethics,41,2,265,10.1086/207879,https://doi.org/10.1086/207879,,Lovejoy related ideas
Crossref,1962,"Temperature scales above 1,000°C",D. R. Lovejoy,journal-article,Pure and Applied Chemistry,5,3-4,565-578,10.1351/pac196205030565,https://doi.org/10.1351/pac196205030565,,Lovejoy related ideas
Crossref,1950,Terminal and Adjectival Values,Arthur O. Lovejoy,journal-article,The Journal of Philosophy,47,21,593,10.2307/2021804,https://doi.org/10.2307/2021804,,Lovejoy related ideas
Crossref,1951,326. To Mr. Lovejoy. 27 February. Waltham Cross.,Anthony Trollope,book-chapter,The Letters of Anthony Trollope,,,196-196,10.1093/oseo/instance.00193463,https://doi.org/10.1093/oseo/instance.00193463,,Lovejoy related ideas
Crossref,1911,Schopenhauer as an Evolutionist,Arthur O. Lovejoy,journal-article,Monist,21,2,195-222,10.5840/monist191121240,https://doi.org/10.5840/monist191121240,,Lovejoy related ideas
Crossref,1925,Reconstruction of Filters at Louisville,W. H. Lovejoy,journal-article,Journal AWWA,14,4,352-356,10.1002/j.1551-8833.1925.tb13336.x,https://doi.org/10.1002/j.1551-8833.1925.tb13336.x,,Lovejoy related ideas
Crossref,1922,The Paradox of the Thinking Behaviorist,Arthur O. Lovejoy,journal-article,The Philosophical Review,31,2,135,10.2307/2178913,https://doi.org/10.2307/2178913,,Lovejoy related ideas
Crossref,1955,American Painting in Early Nineteenth-Century Gift Books,David S. Lovejoy,journal-article,American Quarterly,7,4,345,10.2307/2710429,https://doi.org/10.2307/2710429,,Lovejoy related ideas
Crossref,1938,<i>The Great Chain of Being</i>. Arthur O. Lovejoy,,journal-article,Isis,28,2,537-540,10.1086/347375,https://doi.org/10.1086/347375,,Lovejoy related ideas
Crossref,1922,Pragmatism and the New Materialism,Arthur O. Lovejoy,journal-article,The Journal of Philosophy,19,1,5,10.2307/2939682,https://doi.org/10.2307/2939682,,Lovejoy related ideas
Crossref,1947,A Rejoinder to Professor Lovejoy,Henry Veatch,journal-article,Philosophy and Phenomenological Research,7,4,622,10.2307/2102987,https://doi.org/10.2307/2102987,,Lovejoy related ideas
Crossref,1925,James Harrington's Oceana.,Arthur O. Lovejoy; S. B. Liljegren,journal-article,Modern Language Notes,40,4,245,10.2307/2914292,https://doi.org/10.2307/2914292,,Lovejoy related ideas
Crossref,1927,The Meanings of ‘emergence’ and Its Modes,Arthur O. Lovejoy,journal-article,Philosophy,2,6,167-181,10.1017/s0031819100015199,https://doi.org/10.1017/s0031819100015199,,Lovejoy related ideas
Crossref,1948,Comment on Mr. Pegis's Rejoinder,Arthur O. Lovejoy,journal-article,Philosophy and Phenomenological Research,9,2,284,10.2307/2103394,https://doi.org/10.2307/2103394,,Lovejoy related ideas
Crossref,1937,Correction: [Milton and the Paradox of the Fortunate Fall],Arthur O. Lovejoy,journal-article,ELH,4,4,330,10.2307/2871637,https://doi.org/10.2307/2871637,,Lovejoy related ideas
Crossref,1945,ROY ARNOLD LOVEJOY,,journal-article,Medical Journal of Australia,1,6,164-164,10.5694/j.1326-5377.1945.tb54540.x,https://doi.org/10.5694/j.1326-5377.1945.tb54540.x,,Lovejoy related ideas
Crossref,1913,Error and the New Realism,A. O. Lovejoy,journal-article,The Philosophical Review,22,4,410,10.2307/2178389,https://doi.org/10.2307/2178389,,Lovejoy related ideas
Crossref,1911,Easter Carol,George Newell Lovejoy,journal-article,Journal of Education,73,15,399-399,10.1177/002205741107301503,https://doi.org/10.1177/002205741107301503,,Lovejoy related ideas
Crossref,1922,Child Labor in the United States,Owen R. Lovejoy,journal-article,Current History,16,4,617-620,10.1525/curh.1922.16.4.617,https://doi.org/10.1525/curh.1922.16.4.617,,Lovejoy related ideas
Crossref,1938,Professional Association or Trade Union?,Arthur O. Lovejoy,journal-article,Bulletin of the American Association of University Professors,24,5,409,10.2307/40219424,https://doi.org/10.2307/40219424,,Lovejoy related ideas
Crossref,1907,Breaker Boys in Pennsylvania,Owen R. Lovejoy,journal-article,Journal of Education,66,15,410-411,10.1177/002205740706601521,https://doi.org/10.1177/002205740706601521,,Lovejoy related ideas
Crossref,1920,Schiller and the Genesis of Romanticism,Arthur O. Lovejoy,journal-article,Modern Language Notes,35,1,1,10.2307/2915339,https://doi.org/10.2307/2915339,,Lovejoy related ideas
Crossref,1949,<i>Essays on Primitivism and Related Ideas in the Middle Ages</i>. George Boas,"Lynn White,",journal-article,The Journal of Religion,29,2,167-167,10.1086/483861,https://doi.org/10.1086/483861,,Lovejoy related ideas
Crossref,1932,"The Travels of Peter, Paul, and Zebedee",Arthur O. Lovejoy,journal-article,The Philosophical Review,41,5,498,10.2307/2180063,https://doi.org/10.2307/2180063,,Lovejoy related ideas
Crossref,1923,Child Labor and Education,Owen R. Lovejoy,journal-article,Journal of Education,97,24,656-659,10.1177/002205742309702404,https://doi.org/10.1177/002205742309702404,,Lovejoy related ideas
Crossref,1968,Anhydrous iron(III) nitrate,D. J. Lovejoy; A. J. Vosper,journal-article,Chemical Communications (London),,20,1208a,10.1039/c1968001208a,https://doi.org/10.1039/c1968001208a,,Lovejoy related ideas
Crossref,1964,Mill's History of His Ideas,Robert D. Cumming,journal-article,Journal of the History of Ideas,25,2,235,10.2307/2708014,https://doi.org/10.2307/2708014,,Lovejoy related ideas
Crossref,1919,An Uncommon Ice Formation,Frederick A. Lovejoy; Francis H. Allen,journal-article,Science,49,1257,119-120,10.1126/science.49.1257.119-b,https://doi.org/10.1126/science.49.1257.119-b,,Lovejoy related ideas
Crossref,1919,An Uncommon Ice Formation,Frederick A. Lovejoy; Francis H. Allen,journal-article,Science,49,1257,119-120,10.1126/science.49.1257.119.b,https://doi.org/10.1126/science.49.1257.119.b,,Lovejoy related ideas
Crossref,1961,Sensitive Diaphragm Type Pressure Transducer,D. R. Lovejoy,journal-article,Review of Scientific Instruments,32,1,41-43,10.1063/1.1717141,https://doi.org/10.1063/1.1717141,,Lovejoy related ideas
Crossref,1910,The Retrospective Anticipations of the Carnegie Foundation,Arthur O. Lovejoy,journal-article,Science,31,794,414-415,10.1126/science.31.794.414,https://doi.org/10.1126/science.31.794.414,,Lovejoy related ideas
Crossref,1889,Is Man Left-Legged?,Fred'k A. Lovejoy; Francis H. Allen,journal-article,Science,ns-14,358,412-412,10.1126/science.ns-14.358.412.b,https://doi.org/10.1126/science.ns-14.358.412.b,,Lovejoy related ideas
Crossref,1967,Premarital Sex in a Changing Society.,Albert E. Lovejoy; Robert R. Bell,journal-article,Social Forces,46,1,143,10.2307/2575372,https://doi.org/10.2307/2575372,,Lovejoy related ideas
Crossref,1931,The Paradox of the Time-Retarding Journey,Arthur O. Lovejoy,journal-article,The Philosophical Review,40,2,152,10.2307/2180201,https://doi.org/10.2307/2180201,,Lovejoy related ideas
Crossref,1932,Dualisms Good and Bad (II),Arthur O. Lovejoy,journal-article,The Journal of Philosophy,29,14,375,10.2307/2016371,https://doi.org/10.2307/2016371,,Lovejoy related ideas
Crossref,1914,Forty years' experience of a practical hog man; a practical book for the pure bred swine breeder and farmer,Andrew James Lovejoy,monograph,,,,,10.5962/bhl.title.42519,https://doi.org/10.5962/bhl.title.42519,,Lovejoy related ideas
Crossref,1907,Kant's Classification of the Forms of Judgment,Arthur O. Lovejoy,journal-article,The Philosophical Review,16,6,588,10.2307/2177294,https://doi.org/10.2307/2177294,,Lovejoy related ideas
Crossref,1915,Organization of the American Association of University Professors,A. O. Lovejoy,journal-article,Science,41,1048,151-154,10.1126/science.41.1048.151,https://doi.org/10.1126/science.41.1048.151,,Lovejoy related ideas
Crossref,1963,Some Boiling and Triple Points Below 0° C,D. R. LOVEJOY,journal-article,Nature,197,4865,353-354,10.1038/197353a0,https://doi.org/10.1038/197353a0,,Lovejoy related ideas
Crossref,1953,Montesquieu's Religious Ideas,Roger B. Oake,journal-article,Journal of the History of Ideas,14,4,548,10.2307/2707701,https://doi.org/10.2307/2707701,,Lovejoy related ideas
Crossref,1963,Reflections on Human Nature.,W. T. Stace; Arthur O. Lovejoy,journal-article,The Philosophical Review,72,1,111,10.2307/2183069,https://doi.org/10.2307/2183069,,Lovejoy related ideas
Crossref,1925,MYCETOMA,EDWARD D. LOVEJOY,journal-article,Archives of Dermatology and Syphilology,11,1,71,10.1001/archderm.1925.02370010084004,https://doi.org/10.1001/archderm.1925.02370010084004,,Lovejoy related ideas
Crossref,1963,Reflections on Human Nature.,I. G. Wallace; Arthur O. Lovejoy,journal-article,The Philosophical Quarterly,13,53,369,10.2307/2955534,https://doi.org/10.2307/2955534,,Lovejoy related ideas
Crossref,1952,Report on Quality Factors in Processed Vege-Table Products,Rodney D Lovejoy,journal-article,Journal of AOAC INTERNATIONAL,35,2,179-181,10.1093/jaoac/35.2.179a,https://doi.org/10.1093/jaoac/35.2.179a,,Lovejoy related ideas
Crossref,1932,Dualisms Good and Bad (I),Arthur O. Lovejoy,journal-article,The Journal of Philosophy,29,13,337,10.2307/2016777,https://doi.org/10.2307/2016777,,Lovejoy related ideas
Crossref,1942,On The Criteria and Limits of Meaning,Arthur O. Lovejoy,book-chapter,Philosophical Essays,,,3-23,10.9783/9781512815245-002,https://doi.org/10.9783/9781512815245-002,,Lovejoy related ideas
Crossref,1928,<i>Certain Samaritans</i>. Esther Pohl Lovejoy,,journal-article,Social Service Review,2,3,528-528,10.1086/630431,https://doi.org/10.1086/630431,,Lovejoy related ideas
Crossref,1931,<i>The Revolt against Dualism</i>. Arthur O. Lovejoy,H. T. Davis,journal-article,Isis,15,1,190-193,10.1086/346554,https://doi.org/10.1086/346554,,Lovejoy related ideas
Crossref,1931,The Time-Retarding Journey: A Reply,Arthur O. Lovejoy,journal-article,The Philosophical Review,40,6,549,10.2307/2180043,https://doi.org/10.2307/2180043,,Lovejoy related ideas
Crossref,1923,Amend the Constitution,Owes R. Lovejoy,journal-article,Journal of Education,97,9,237-237,10.1177/002205742309700906,https://doi.org/10.1177/002205742309700906,,Lovejoy related ideas
Crossref,1945,Ideas of History During the Renaissance,Herbert Weisinger,journal-article,Journal of the History of Ideas,6,4,415,10.2307/2707343,https://doi.org/10.2307/2707343,,Lovejoy related ideas
Crossref,1949,Goethe and the History of Ideas,Walter A. Kaufmann,journal-article,Journal of the History of Ideas,10,4,503,10.2307/2707187,https://doi.org/10.2307/2707187,,Lovejoy related ideas
Crossref,1914,The Concept of Consciousness.,Arthur O. Lovejoy; Edwin B. Holt,journal-article,The Philosophical Review,23,6,664,10.2307/2178138,https://doi.org/10.2307/2178138,,Lovejoy related ideas
Crossref,1942,Evidence: Admissibility of Hospital Records as Business Entries,Robert C. Lovejoy,journal-article,Michigan Law Review,40,7,1105,10.2307/1282871,https://doi.org/10.2307/1282871,,Lovejoy related ideas
Crossref,1962,Some Ideas on Education before Locke,Constance I. Smith,journal-article,Journal of the History of Ideas,23,3,403,10.2307/2708075,https://doi.org/10.2307/2708075,,Lovejoy related ideas
Crossref,1914,Bergson and Romantic Evolutionism.,Nann Clark Barr; A. O. Lovejoy,journal-article,The Philosophical Review,23,5,576,10.2307/2178597,https://doi.org/10.2307/2178597,,Lovejoy related ideas
Crossref,1942,Youth Work Programs: Problems and Policies.,Gordon W. Lovejoy; Lewis L. Lorwin,journal-article,Social Forces,20,3,416,10.2307/3005654,https://doi.org/10.2307/3005654,,Lovejoy related ideas
Crossref,1932,Communications: Genesis of the Association,Arthur O. Lovejoy,journal-article,Bulletin of the American Association of University Professors,18,4,305,10.2307/40218899,https://doi.org/10.2307/40218899,,Lovejoy related ideas
Crossref,1962,Pulmonary Function in Diaphragmatic Paralysis,M. McCredie; F. W. Lovejoy; N. L. Kaltreider,journal-article,Thorax,17,3,213-217,10.1136/thx.17.3.213,https://doi.org/10.1136/thx.17.3.213,,Lovejoy related ideas
Crossref,1924,Effect of Back Pressure on Wells in Brock Field,J.M. Lovejoy,journal-article,Transactions of the AIME,70,01,1153-1158,10.2118/924153-g,https://doi.org/10.2118/924153-g,,Lovejoy related ideas
Crossref,1919,Annual Message of the President,Arthur O. Lovejoy,journal-article,Bulletin of the American Association of University Professors,5,7/8,10,10.2307/40216934,https://doi.org/10.2307/40216934,,Lovejoy related ideas
Crossref,1952,Wilhelm Dilthey and the History of Ideas,Gerhard Masur,journal-article,Journal of the History of Ideas,13,1,94,10.2307/2707727,https://doi.org/10.2307/2707727,,Lovejoy related ideas
Crossref,1970,Erratum: John Dewey's Ideas about the Great Depression,,journal-article,Journal of the History of Ideas,31,4,637,10.2307/2708270,https://doi.org/10.2307/2708270,,Lovejoy related ideas
Crossref,1958,Renaissance Ideas on Man's Upright Form,C. A. Patrides,journal-article,Journal of the History of Ideas,19,2,256,10.2307/2707939,https://doi.org/10.2307/2707939,,Lovejoy related ideas
Crossref,1933,Dualism and the Paradox of Reference,Arthur O. Lovejoy,journal-article,The Journal of Philosophy,30,22,589,10.2307/2016901,https://doi.org/10.2307/2016901,,Lovejoy related ideas
Crossref,1909,Professor Lovejoy on “Der vorchristliche Jesus”,W. B. Smith,journal-article,Monist,19,3,409-420,10.5840/monist190919311,https://doi.org/10.5840/monist190919311,,Lovejoy related ideas
Crossref,1920,"Schiller and the Genesis of Romanticism, Part II",Arthur O. Lovejoy,journal-article,Modern Language Notes,35,3,136,10.2307/2915501,https://doi.org/10.2307/2915501,,Lovejoy related ideas
Crossref,1912,The Meaning of Driesch and the Meaning of Vitalism,Arthur O. Lovejoy,journal-article,Science,36,933,672-675,10.1126/science.36.933.672,https://doi.org/10.1126/science.36.933.672,,Lovejoy related ideas
Crossref,1968,The Origins of Western Ideas,John C. Moore; Irving Singer,journal-article,Journal of the History of Ideas,29,1,141,10.2307/2708472,https://doi.org/10.2307/2708472,,Lovejoy related ideas
Crossref,1926,The Worst-First Theory,P. S. Lovejoy,journal-article,Journal of Forestry,24,4,351-357,10.1093/jof/24.4.351,https://doi.org/10.1093/jof/24.4.351,,Lovejoy related ideas
Crossref,1931,The Paradox of the Time-Retarding Journey (I.),Arthur O. Lovejoy,journal-article,The Philosophical Review,40,1,48,10.2307/2180278,https://doi.org/10.2307/2180278,,Lovejoy related ideas
Crossref,1963,Reflections on Human Nature,R. L. Brett; Arthur O. Lovejoy,journal-article,The Modern Language Review,58,2,243,10.2307/3721266,https://doi.org/10.2307/3721266,,Lovejoy related ideas
Crossref,1941,Equity: Specific Performance of Contract to Lend Money,Robert C. Lovejoy,journal-article,Michigan Law Review,40,2,303,10.2307/1282729,https://doi.org/10.2307/1282729,,Lovejoy related ideas
Crossref,1968,Owen Lovejoy: Abolitionist in Congress,Larry Gara; Edward Magdol,journal-article,The American Historical Review,73,3,921,10.2307/1870843,https://doi.org/10.2307/1870843,,Lovejoy related ideas
Crossref,1940,Representations of Abstract Ideas in the Antioch Mosaics,Glanville Downey,journal-article,Journal of the History of Ideas,1,1,112,10.2307/2707013,https://doi.org/10.2307/2707013,,Lovejoy related ideas
Crossref,1917,On Some Conditions of Progress in Philosophical Inquiry,Arthur O. Lovejoy,journal-article,The Philosophical Review,26,2,123,10.2307/2178425,https://doi.org/10.2307/2178425,,Lovejoy related ideas
Crossref,1954,"Lovewell's Fight and Hawthorne's ""Roger Malvin's Burial""",David S. Lovejoy,journal-article,The New England Quarterly,27,4,527,10.2307/362120,https://doi.org/10.2307/362120,,Lovejoy related ideas
Crossref,1947,Analogy and Contradiction: A Surrejoinder,Arthur O. Lovejoy,journal-article,Philosophy and Phenomenological Research,7,4,626,10.2307/2102988,https://doi.org/10.2307/2102988,,Lovejoy related ideas
Crossref,1969,Cambridge Platonists and Locke on Innate Ideas,Robert L. Armstrong,journal-article,Journal of the History of Ideas,30,2,187,10.2307/2708432,https://doi.org/10.2307/2708432,,Lovejoy related ideas
Crossref,1940,A Problem in the History of Ideas,Frederick J. Teggart,journal-article,Journal of the History of Ideas,1,4,494,10.2307/2707126,https://doi.org/10.2307/2707126,,Lovejoy related ideas
Crossref,1941,Equity: Specific Performance of Contract to Lend Money,Robert C. Lovejoy,journal-article,Michigan Law Review,40,2,303,10.2307/1282729,https://doi.org/10.2307/1282729,,Lovejoy related ideas
Crossref,1968,Owen Lovejoy: Abolitionist in Congress,Larry Gara; Edward Magdol,journal-article,The American Historical Review,73,3,921,10.2307/1870843,https://doi.org/10.2307/1870843,,Lovejoy related ideas
Crossref,1937,Freedom of Speech,A. J. Carlson; A. O. Lovejoy,journal-article,Bulletin of the American Association of University Professors,23,1,26,10.2307/40219811,https://doi.org/10.2307/40219811,,Lovejoy related ideas
Crossref,1930,The Dialectical Argument against Absolute Simultaneity. II,Arthur O. Lovejoy,journal-article,The Journal of Philosophy,27,24,645,10.2307/2016326,https://doi.org/10.2307/2016326,,Lovejoy related ideas
Crossref,1914,Reply to Professor Lovejoy,James H. Leuba,journal-article,The International Journal of Ethics,24,4,452-452,10.1086/intejethi.24.4.2376779,https://doi.org/10.1086/intejethi.24.4.2376779,,Lovejoy related ideas
Crossref,1955,The Educational Ideas of Christine De Pisan,Astrik L. Gabriel,journal-article,Journal of the History of Ideas,16,1,3,10.2307/2707524,https://doi.org/10.2307/2707524,,Lovejoy related ideas
Crossref,1968,"Labor Productivity in Italian Agriculture, 1951–1973",Robert M. Lovejoy,journal-article,ILR Review,21,4,570-580,10.1177/001979396802100406,https://doi.org/10.1177/001979396802100406,,Lovejoy related ideas
Crossref,1970,On Introducing the History of Ideas,John Fisher; George Boas,journal-article,Journal of the History of Ideas,31,4,617,10.2307/2708266,https://doi.org/10.2307/2708266,,Lovejoy related ideas
Crossref,1959,History of Ideas in Latin America: Recent Works,Leopoldo Zea,journal-article,Journal of the History of Ideas,20,4,596,10.2307/2707895,https://doi.org/10.2307/2707895,,Lovejoy related ideas
Crossref,1906,The Fundamental Concept of Primitive Philosophy,Arthur O. Lovejoy,journal-article,Monist,16,3,357-382,10.5840/monist190616324,https://doi.org/10.5840/monist190616324,,Lovejoy related ideas
Crossref,1944,7 THE INFLUENCE OF EUROPEAN IDEAS IN NINETEENTH-CENTURY AMERICA,,book-chapter,Ideas in America,,,125-139,10.4159/harvard.9780674499379.c9,https://doi.org/10.4159/harvard.9780674499379.c9,,Lovejoy related ideas
Crossref,1938,The Relativity Paradoxes: A Footnote to the Lovejoy-McGilvary Controversy,Nathaniel H. Stevens,journal-article,The Philosophical Review,47,6,624,10.2307/2180705,https://doi.org/10.2307/2180705,,Lovejoy related ideas
Crossref,1962,Anomalous Quadrupole Coupling in Europium Ethylsulfate,B. R. Judd; C. A. Lovejoy; D. A. Shirley,journal-article,Physical Review,128,4,1733-1740,10.1103/physrev.128.1733,https://doi.org/10.1103/physrev.128.1733,,Lovejoy related ideas
Crossref,1955,Locke and the Seventeenth-Century Logic of Ideas,John W. Yolton,journal-article,Journal of the History of Ideas,16,4,431,10.2307/2707503,https://doi.org/10.2307/2707503,,Lovejoy related ideas
Crossref,1911,William James as Philosopher,Arthur O. Lovejoy,journal-article,The International Journal of Ethics,21,2,125-153,10.1086/intejethi.21.2.2377028,https://doi.org/10.1086/intejethi.21.2.2377028,,Lovejoy related ideas
Crossref,1961,Some Problems and Methods in the History of Ideas,Philip P. Wiener,journal-article,Journal of the History of Ideas,22,4,531,10.2307/2708029,https://doi.org/10.2307/2708029,,Lovejoy related ideas
Crossref,1964,Bias and the History of Ideas The Romantic Syndrome: Towards a New Method in Cultural Anthropology and History of Ideas.,George Boas; W. T. Jones,journal-article,Journal of the History of Ideas,25,3,451,10.2307/2707912,https://doi.org/10.2307/2707912,,Lovejoy related ideas
Crossref,1961,Extradeical and Intradeical Interpretations of Platonic Ideas,Harry A. Wolfson,journal-article,Journal of the History of Ideas,22,1,3,10.2307/2707871,https://doi.org/10.2307/2707871,,Lovejoy related ideas
Crossref,1967,"Samuel Hopkins: Religion, Slavery, and the Revolution",David S. Lovejoy,journal-article,The New England Quarterly,40,2,227,10.2307/363769,https://doi.org/10.2307/363769,,Lovejoy related ideas
Crossref,1916,On the Meaning of 'Romantic' in Early German Romanticism,A. O. Lovejoy,journal-article,Modern Language Notes,31,7,385,10.2307/2915437,https://doi.org/10.2307/2915437,,Lovejoy related ideas
Crossref,1969,Letter to the Editor,Frederick H. Lovejoy; J. Roger Hollister; Thomas K. McInerny,journal-article,Pediatrics,43,6,1050-1050,10.1542/peds.43.6.1050,https://doi.org/10.1542/peds.43.6.1050,,Lovejoy related ideas
Crossref,1912,The Problem of Time in Recent French Philosophy. I.,Arthur O. Lovejoy,journal-article,The Philosophical Review,21,1,11,10.2307/2177595,https://doi.org/10.2307/2177595,,Lovejoy related ideas
Crossref,1923,A Three Year Cycle for Social Work Conferences,O. R. Lovejoy,journal-article,Social Forces,1,2,129-130,10.2307/3004909,https://doi.org/10.2307/3004909,,Lovejoy related ideas
Crossref,1963,<i>Reflections on Human Nature</i> by Arthur O. Lovejoy,James Doolittle,journal-article,South Atlantic Quarterly,62,1,148-149,10.1215/00382876-62-1-148,https://doi.org/10.1215/00382876-62-1-148,,Lovejoy related ideas
Crossref,1904,The Philosophy of Hobbes.,Arthur O. Lovejoy; Frederick J. E. Woodbridge,journal-article,The Philosophical Review,13,3,385,10.2307/2176296,https://doi.org/10.2307/2176296,,Lovejoy related ideas
Crossref,1962,Cyclical Sensitivity of Public Utilities: 1947-59,Wallace F. Lovejoy; David A. Bowers,journal-article,Land Economics,38,4,327,10.2307/3144491,https://doi.org/10.2307/3144491,,Lovejoy related ideas
Crossref,1909,The Meaning of Φυσις in the Greek Physiologers,Arthur O. Lovejoy,journal-article,The Philosophical Review,18,4,369,10.2307/2177774,https://doi.org/10.2307/2177774,,Lovejoy related ideas
Crossref,1908,Pragmatism and Theology,Arthur O. Lovejoy,journal-article,The American Journal of Theology,12,1,116-143,10.1086/478735,https://doi.org/10.1086/478735,,Lovejoy related ideas
Crossref,1912,The Problem of Time in Recent French Philosophy,Arthur O. Lovejoy,journal-article,The Philosophical Review,21,5,527,10.2307/2177176,https://doi.org/10.2307/2177176,,Lovejoy related ideas
Crossref,1923,"The Supposed Primitivism of Rousseau's ""Discourse on Inequality""",Arthur O. Lovejoy,journal-article,Modern Philology,21,2,165-186,10.1086/387491,https://doi.org/10.1086/387491,,Lovejoy related ideas
Crossref,1963,"The Reason, the Understanding and Time",Paul Roubiczek; Arthur O. Lovejoy,journal-article,The Modern Language Review,58,2,292,10.2307/3721310,https://doi.org/10.2307/3721310,,Lovejoy related ideas
Crossref,1965,"The Political Ideas of William Cleghorn, Hume's Academic Rival",Douglas Nobbs,journal-article,Journal of the History of Ideas,26,4,575,10.2307/2708501,https://doi.org/10.2307/2708501,,Lovejoy related ideas
Crossref,1912,The Problem of Time in Recent French Philosophy. II.,Arthur O. Lovejoy,journal-article,The Philosophical Review,21,3,322,10.2307/2177714,https://doi.org/10.2307/2177714,,Lovejoy related ideas
Crossref,1948,A Note on Method in the History of Ideas,Roy Harvey Pearce,journal-article,Journal of the History of Ideas,9,3,372,10.2307/2707375,https://doi.org/10.2307/2707375,,Lovejoy related ideas
Crossref,1946,A Symposium: Levels of Meaning and the History of Ideas,Abraham Edel,journal-article,Journal of the History of Ideas,7,3,355,10.2307/2707406,https://doi.org/10.2307/2707406,,Lovejoy related ideas
Crossref,1944,Geistesgeschichte vs. History of Ideas as Applied to Hitlerism,Leo Spitzer,journal-article,Journal of the History of Ideas,5,2,191,10.2307/2707384,https://doi.org/10.2307/2707384,,Lovejoy related ideas
Crossref,1930,The Dialectical Argument Against Absolute Simultaneity. I,Arthur O. Lovejoy,journal-article,The Journal of Philosophy,27,23,617,10.2307/2016868,https://doi.org/10.2307/2016868,,Lovejoy related ideas
Crossref,1932,The First Gothic Revival and the Return to Nature,Arthur O. Lovejoy,journal-article,Modern Language Notes,47,7,419,10.2307/2913411,https://doi.org/10.2307/2913411,,Lovejoy related ideas
Crossref,1923,Chapter III. Michelet’s Ideas on Feminism,,book-chapter,Michelet and His Ideas on Social Reform,,,152-165,10.7312/pugh92564-008,https://doi.org/10.7312/pugh92564-008,,Lovejoy related ideas
Crossref,1967,Infrared Spectrum of Germylacetylene,R. W. Lovejoy; D. R. Baker,journal-article,The Journal of Chemical Physics,46,2,658-665,10.1063/1.1840722,https://doi.org/10.1063/1.1840722,,Lovejoy related ideas
Crossref,1930,The Revolt against Dualism <i>By Arthur O. Lovejoy</i>,,journal-article,Parnassus,2,7,40-40,10.1080/15436314.1930.11666362,https://doi.org/10.1080/15436314.1930.11666362,,Lovejoy related ideas
Crossref,1965,An attention theory of discrimination learning,Elijah Lovejoy,journal-article,Journal of Mathematical Psychology,2,2,342-362,10.1016/0022-2496(65)90009-x,https://doi.org/10.1016/0022-2496(65)90009-x,,Lovejoy related ideas
Crossref,1953,Ideas in Politics: The Conservation Policies of the Two Roosevelts,Whitney R. Cross,journal-article,Journal of the History of Ideas,14,3,421,10.2307/2707810,https://doi.org/10.2307/2707810,,Lovejoy related ideas
Crossref,1949,"Essays on Primitivism and related ideas in the Middle Ages. By George Boas. (Baltimore: The Johns Hopkins Press, 1948. Pp. xii + 227. $4.50.)",G. C. Stead,journal-article,Philosophy,24,90,271-272,10.1017/s0031819100007282,https://doi.org/10.1017/s0031819100007282,,Lovejoy related ideas
Crossref,1938,The Great Chain of Being.,John Herman Randall; Arthur O. Lovejoy,journal-article,The Philosophical Review,47,2,214,10.2307/2180858,https://doi.org/10.2307/2180858,,Lovejoy related ideas
Crossref,1929,Anti-Evolution Laws and the Principle of Religious Neutrality,Arthur O. Lovejoy,journal-article,Bulletin of the American Association of University Professors,15,4,307,10.2307/40218129,https://doi.org/10.2307/40218129,,Lovejoy related ideas
Crossref,1967,The Spread of Ibn Khaldun's Ideas on Climate and Culture,Warren E. Gates,journal-article,Journal of the History of Ideas,28,3,415,10.2307/2708627,https://doi.org/10.2307/2708627,,Lovejoy related ideas
Crossref,1910,Some New Saprophytic Fungi of the Middle Rocky Mountain Region,Ruth Harrison Lovejoy,journal-article,Botanical Gazette,50,5,383-385,10.1086/330381,https://doi.org/10.1086/330381,,Lovejoy related ideas
Crossref,1960,Lockean Ideas in Thomas Jefferson's Bill for Establishing Religious Freedom,S. Gerald Sandler,journal-article,Journal of the History of Ideas,21,1,110,10.2307/2708002,https://doi.org/10.2307/2708002,,Lovejoy related ideas
Crossref,1955,"Rhode Island, a Brief History",David S. Lovejoy; Earl C. Tanner,journal-article,The New England Quarterly,28,2,275,10.2307/362790,https://doi.org/10.2307/362790,,Lovejoy related ideas
Crossref,1921,Profit-Sharing and Industrial Peace,Arthur O. Lovejoy,journal-article,The International Journal of Ethics,31,3,241-263,10.1086/intejethi.31.3.2377579,https://doi.org/10.1086/intejethi.31.3.2377579,,Lovejoy related ideas
Crossref,1927,Man and the State,Arthur O. Lovejoy; William Ernest Hocking,journal-article,The Yale Law Journal,36,5,723,10.2307/789801,https://doi.org/10.2307/789801,,Lovejoy related ideas
Crossref,1949,The Influence of Eighteenth Century Ideas on the French Revolution,Henri Peyre,journal-article,Journal of the History of Ideas,10,1,63,10.2307/2707200,https://doi.org/10.2307/2707200,,Lovejoy related ideas
Crossref,1965,Resort Promotion New Ideas — New Ideas — New ideas!,C. DeWitt Coffman,journal-article,Cornell Hotel and Restaurant Administration Quarterly,6,3,51-56,10.1177/001088046500600310,https://doi.org/10.1177/001088046500600310,,Lovejoy related ideas
Crossref,1923,State Land Policy in Michigan,P. S. Lovejoy,journal-article,Journal of Forestry,21,1,1-9,10.1093/jof/21.1.1,https://doi.org/10.1093/jof/21.1.1,,Lovejoy related ideas
Crossref,1937,The Freedom of the Teacher,Arthur O. Lovejoy; Howard K. Beale,journal-article,Bulletin of the American Association of University Professors,23,5,401,10.2307/40219896,https://doi.org/10.2307/40219896,,Lovejoy related ideas
Crossref,1924,Miscellany,C. A. Lovejoy,journal-article,The Boston Medical and Surgical Journal,190,26,1148-1148,10.1056/nejm192406261902621,https://doi.org/10.1056/nejm192406261902621,,Lovejoy related ideas
Crossref,1967,Acute Phenothiazine Toxicity in Childhood: A Five-Year Survey,J. M. GUPTA; F. H. LOVEJOY,journal-article,Pediatrics,39,5,771-774,10.1542/peds.39.5.771,https://doi.org/10.1542/peds.39.5.771,,Lovejoy related ideas
Crossref,1905,Abhandlungen der Fries'schen Schule.,Arthur O. Lovejoy; G. Hessenberg; K. Kaiser; Leonard Nelson,journal-article,The Philosophical Review,14,5,617,10.2307/2177498,https://doi.org/10.2307/2177498,,Lovejoy related ideas
Crossref,1906,Abhandlungen der Fries'schen Schule.,Arthur O. Lovejoy; Gerhard Hessenberg; Karl Kaiser; Leonard Nelson,journal-article,The Philosophical Review,15,2,216,10.2307/2177744,https://doi.org/10.2307/2177744,,Lovejoy related ideas
Crossref,1967,Owen Lovejoy: Abolitionist in Congress,Louis Filler; Edward Magdol,journal-article,The Journal of American History,54,3,665,10.2307/2937459,https://doi.org/10.2307/2937459,,Lovejoy related ideas
Crossref,1968,"Legend Unending, Beginnings Unknown: P. S. Lovejoy on “Paul Bunyon”",,journal-article,Forest History Newsletter,11,4,37-38,10.2307/3982904,https://doi.org/10.2307/3982904,,Lovejoy related ideas
Crossref,1902,Religion and the Time-Process,Arthur O. Lovejoy,journal-article,The American Journal of Theology,6,3,439-472,10.1086/478108,https://doi.org/10.1086/478108,,Lovejoy related ideas
Crossref,1912,The Philosophy of John Norris of Bemerton.,A. O. Lovejoy; Flora Isabel MacKinnon,journal-article,The Philosophical Review,21,2,256,10.2307/2177365,https://doi.org/10.2307/2177365,,Lovejoy related ideas
Crossref,1911,"Three Philosophical Poets--Lucretius, Dante, and Goethe.",A. O. Lovejoy; George Santayana,journal-article,Modern Language Notes,26,8,244,10.2307/2916804,https://doi.org/10.2307/2916804,,Lovejoy related ideas
Crossref,1933,Certain Samaritans,Nina D. Gage; Esther Pohl Lovejoy,journal-article,The American Journal of Nursing,33,10,1016,10.2307/3412870,https://doi.org/10.2307/3412870,,Lovejoy related ideas
Crossref,1919,Review of Lumber Industry Affairs,P. S. Lovejoy,journal-article,Journal of Forestry,17,3,245-259,10.1093/jof/17.3.245,https://doi.org/10.1093/jof/17.3.245,,Lovejoy related ideas
Crossref,1918,A STUDY OF SOUTHERN CALIFORNIA PLACE NAMES,ORA A. LOVEJOY,journal-article,Annual Publication of the Historical Society of Southern California,11,1,44-50,10.2307/41168758,https://doi.org/10.2307/41168758,,Lovejoy related ideas
Crossref,1954,V. Politics and Political Ideas,,book-chapter,The Social Ideas of the Northern Evangelists 1826–1860,,,132-164,10.7312/cole94178-006,https://doi.org/10.7312/cole94178-006,,Lovejoy related ideas
Crossref,1964,Political Theory and the History of Ideas,Hans Kohn; Karl W. Deutsch; John Plamenatz,journal-article,Journal of the History of Ideas,25,2,303,10.2307/2708019,https://doi.org/10.2307/2708019,,Lovejoy related ideas
Crossref,1925,Prolegomena to an Idealist Theory of Knowledge.,Arthur O. Lovejoy; Norman Kemp Smith,journal-article,The Philosophical Review,34,2,185,10.2307/2179466,https://doi.org/10.2307/2179466,,Lovejoy related ideas
Crossref,1939,Ideas in Brief,,journal-article,"The Clearing House: A Journal of Educational Strategies, Issues and Ideas",14,4,216-217,10.1080/00098655.1939.11474956,https://doi.org/10.1080/00098655.1939.11474956,,Lovejoy related ideas
Crossref,1942,Giovanni Pico Della Mirandola: A Study in the History of Renaissance Ideas,Ernst Cassirer,journal-article,Journal of the History of Ideas,3,2,123,10.2307/2707173,https://doi.org/10.2307/2707173,,Lovejoy related ideas
Crossref,1959,Rhode Island Politics and the American Revolution: 1760-1776,Milton Cantor; David S. Lovejoy,journal-article,American Quarterly,11,3,431,10.2307/2710397,https://doi.org/10.2307/2710397,,Lovejoy related ideas
Crossref,1964,"""Cyclical Sensitivity of Public Utilities: 1947-59"": Rejoinder",Wallace F. Lovejoy; David A. Bowers,journal-article,Land Economics,40,3,338,10.2307/3144744,https://doi.org/10.2307/3144744,,Lovejoy related ideas
Crossref,1931,La Pensee de Jean-Jacques Rousseau; Essai d'interpretation nouvelle.,Arthur O. Lovejoy; Albert Schinz,journal-article,Modern Language Notes,46,1,41,10.2307/2913517,https://doi.org/10.2307/2913517,,Lovejoy related ideas
Crossref,1949,Counseling Youth for College,CLARENCE E. LOVEJOY,journal-article,Occupations: The Vocational Guidance Journal,27,6,381-386,10.1002/j.2164-5892.1949.tb01531.x,https://doi.org/10.1002/j.2164-5892.1949.tb01531.x,,Lovejoy related ideas
Crossref,1948,Autonomy and Necessity: A Rejoinder to Professor Lovejoy,A. C. Pegis,journal-article,Philosophy and Phenomenological Research,9,1,89,10.2307/2103853,https://doi.org/10.2307/2103853,,Lovejoy related ideas
Crossref,1955,The Idea of Progress in America: An Essay in Ideas and Method,Rush Welter,journal-article,Journal of the History of Ideas,16,3,401,10.2307/2707640,https://doi.org/10.2307/2707640,,Lovejoy related ideas
Crossref,1942,Giovanni Pico Della Mirandola: A Study in the History of Renaissance Ideas,Ernst Cassirer,journal-article,Journal of the History of Ideas,3,3,319,10.2307/2707307,https://doi.org/10.2307/2707307,,Lovejoy related ideas
Crossref,1952,On a Supposed Resurgence of Vicious Intellectualism,Arthur O. Lovejoy,journal-article,The Journal of Philosophy,49,4,85,10.2307/2021577,https://doi.org/10.2307/2021577,,Lovejoy related ideas
Crossref,1937,<i>The Great Chain of Being</i>. Arthur O. Lovejoy,H. T. Davis,journal-article,Isis,27,1,111-114,10.1086/347235,https://doi.org/10.1086/347235,,Lovejoy related ideas
Crossref,1970,The Taxonomic Status of the 'Meganthropus' Mandibular Fragments from the Djetis Beds of Java,C. Owen Lovejoy,journal-article,Man,5,2,228,10.2307/2799649,https://doi.org/10.2307/2799649,,Lovejoy related ideas
Crossref,1955,SURFACE TENSION OF He<sup>3</sup>,D. R. LoveJoy,journal-article,Canadian Journal of Physics,33,2,49-53,10.1139/p55-008,https://doi.org/10.1139/p55-008,,Lovejoy related ideas
Crossref,1939,Communications: Professional Association or Trade Union?,George A. Coe; Auther O. Lovejoy,journal-article,Bulletin of the American Association of University Professors,25,3,344,10.2307/40219344,https://doi.org/10.2307/40219344,,Lovejoy related ideas
Crossref,1917,On the Meaning of 'Romantic' in Early German Romanticism Part II,A. O. Lovejoy,journal-article,Modern Language Notes,32,2,65,10.2307/2915747,https://doi.org/10.2307/2915747,,Lovejoy related ideas
Crossref,1915,Conditions at the University of Utah,John Dewey; A. O. Lovejoy; Edwin R. A. Seligman,journal-article,Science,41,1062,685-685,10.1126/science.41.1062.685-a,https://doi.org/10.1126/science.41.1062.685-a,,Lovejoy related ideas
Crossref,1939,Ideas in Brief,,journal-article,"The Clearing House: A Journal of Educational Strategies, Issues and Ideas",14,3,152-153,10.1080/00098655.1939.11474936,https://doi.org/10.1080/00098655.1939.11474936,,Lovejoy related ideas
Crossref,1940,Ideas In Brief,The Staff,journal-article,"The Clearing House: A Journal of Educational Strategies, Issues and Ideas",14,6,342-343,10.1080/00098655.1940.11474992,https://doi.org/10.1080/00098655.1940.11474992,,Lovejoy related ideas
Crossref,1922,"Time, Meaning and Transcendence--II.: Professor Dewey's Tertium Quid",Arthur O. Lovejoy,journal-article,The Journal of Philosophy,19,20,533,10.2307/2939326,https://doi.org/10.2307/2939326,,Lovejoy related ideas
Crossref,1952,In Defense of Individualistic Empiricism: Rejoinder to Mr. Lowe,Arthur O. Lovejoy,journal-article,The Journal of Philosophy,49,4,111,10.2307/2021580,https://doi.org/10.2307/2021580,,Lovejoy related ideas
Crossref,1968,Owen Lovejoy: Abolitionist in Congress.,Bertram Wyatt-Brown; Edward Magdol,journal-article,The Journal of Southern History,34,1,123,10.2307/2205497,https://doi.org/10.2307/2205497,,Lovejoy related ideas
Crossref,1939,Ideas in Brief,,journal-article,"The Clearing House: A Journal of Educational Strategies, Issues and Ideas",14,1,34-35,10.1080/00098655.1939.11474899,https://doi.org/10.1080/00098655.1939.11474899,,Lovejoy related ideas
Crossref,1968,A Technique for Mist-Netting in the Forest Canopy,Philip S. Humphrey; David Bridge; Thomas E. Lovejoy,journal-article,Bird-Banding,39,1,43,10.2307/4511439,https://doi.org/10.2307/4511439,,Lovejoy related ideas
OpenAlex,1963,The Great Chain of Being,Arthur O. Lovejoy,book,Harvard University Press eBooks,,,,https://doi.org/10.2307/j.ctvjsf71g,https://openalex.org/W2334386038,https://data.bnf.fr/11993954/arthur_oncken_lovejoy_the_great_chain_of_being/; https://doi.org/10.2307/j.ctvjsf71g; https://doi.org/10.4159/9780674040335; https://www.amazon.com/Great-Chain-Torchbooks-Arthur-Lovejoy/dp/0061310093,Lovejoy great chain of being
OpenAlex,1938,<i>The Great Chain of Being</i>. Arthur O. Lovejoy,Henry V. S. Ogden,article,Isis,,,,https://doi.org/10.1086/347375,https://openalex.org/W4237557654,https://doi.org/10.1086/347375,Lovejoy great chain of being
OpenAlex,1937,<i>The Great Chain of Being</i>. Arthur O. Lovejoy,H. T. Davis,article,Isis,,,,https://doi.org/10.1086/347235,https://openalex.org/W2513296475,https://doi.org/10.1086/347235,Lovejoy great chain of being
OpenAlex,1968,"Lovejoy's ""Parallel"" Reconsidered",Roland N. Stromberg,article,Eighteenth-Century Studies,,,,https://doi.org/10.2307/2737858,https://openalex.org/W2321274788,https://doi.org/10.2307/2737858,Lovejoy great chain of being
OpenAlex,1937,<i>The Great Chain of Being: A Study of the History of an Idea</i>. Arthur O. Lovejoy,Bruce W. Brotherston,article,The Journal of Religion,,,,https://doi.org/10.1086/481966,https://openalex.org/W2516270553,https://doi.org/10.1086/481966,Lovejoy great chain of being
OpenAlex,1937,Book Review:The Great Chain of Being: A Study of the History of an Idea. Arthur O. Lovejoy,Scott Buchanan,article,Ethics,,,,https://doi.org/10.1086/208409,https://openalex.org/W2030352736,https://doi.org/10.1086/208409,Lovejoy great chain of being
OpenAlex,1937,<i>The Great Chain of Being: A Study of the History of an Idea</i>. Arthur O. Lovejoy,Scott Buchanan,article,The International Journal of Ethics,,,,https://doi.org/10.1086/intejethi.47.4.2989373,https://openalex.org/W2514777464,https://doi.org/10.1086/intejethi.47.4.2989373,Lovejoy great chain of being
OpenAlex,1937,"The Great Chain of Being. A Study of the History of an Idea. (William James Lectures, 1933.) By ProfessorA. O. Lovejoy. (Cambridge, Mass.: Harvard University Press; London: Oxford University Press, Humphrey Milford. 1936. Pp. xi + 382. Price $4; 17s.)",B. M. Laing,article,Philosophy,,,,https://doi.org/10.1017/s0031819100010081,https://openalex.org/W2139866981,https://doi.org/10.1017/s0031819100010081,Lovejoy great chain of being
OpenAlex,1951,Essays in the History of Ideas by Arthur O. Lovejoy,Ambrose McNicholl,article,The Thomist: A Speculative Quarterly Review,,,,https://doi.org/10.1353/tho.1951.0016,https://openalex.org/W2625369879,https://doi.org/10.1353/tho.1951.0016,Lovejoy great chain of being
OpenAlex,1963,Elijah Parish Lovejoy: Poet,Frank H. Dugan,article,Colby quarterly; Digital Commons - Colby (Colby College),,,,,https://openalex.org/W1555719003,http://digitalcommons.colby.edu/cgi/viewcontent.cgi?article=1730&context=cq; https://digitalcommons.colby.edu/cq/vol6/iss5/3,Lovejoy great chain of being
